Year	DOY	Hour	Minute	Tair	Pressure	Precipitation	Kdown	WindSpeed	RelativeHumidity
2010	1	1	0	0.6	101	0.25	0	0.01	98.61
2010	1	2	0	0.6	101	0.51	0	0.01	98.45
2010	1	3	0	0.6	101	0	0	0.01	98.11
2010	1	4	0	0.6	101	0	0	0.01	97.83
2010	1	5	0	0.6	101	0	0	0.01	96.73
2010	1	6	0	0.6	101	0	0	0.01	95.5
2010	1	7	0	0.6	101	0	0	0.01	94.96
2010	1	8	0	0.6	101	0	16	1.34	99.39
2010	1	9	0	1.1	101	0	83	1.34	96.4
2010	1	10	0	1.7	101	0	123.5	2.68	92.83
2010	1	11	0	2.2	101	0	281	2.24	88.78
2010	1	12	0	2.8	100	0	353.5	2.24	84.33
2010	1	13	0	3.9	100	0	340	2.68	85.35
2010	1	14	0	3.9	100	0	255	4.02	87.59
2010	1	15	0	5	100	0	126.5	3.13	92.87
2010	1	16	0	3.3	100	0	23	3.13	95.05
2010	1	17	0	3.9	100	0	0	2.68	94.95
2010	1	18	0	3.3	100	0	0	2.68	94.59
2010	1	19	0	4.4	100	0	0	4.02	93.77
2010	1	20	0	3.9	100	0	0	4.02	100
2010	1	21	0	3.9	100	0	0	6.26	100
2010	1	22	0	3.3	100	0	0	4.02	98.4
2010	1	23	0	2.8	100	0	0	5.81	94.57
2010	2	0	0	1.1	100	0.25	0	6.26	94.36
2010	2	1	0	0.6	100	0	0	7.6	88.29
2010	2	2	0	0	100	0	0	9.39	86.08
2010	2	3	0	-0.6	100	0	0	9.39	85.29
2010	2	4	0	-1.1	100	0	0	10.28	83.76
2010	2	5	0	-1.7	100	0	0	8.94	80.77
2010	2	6	0	-2.2	100	0	0	8.05	82.5
2010	2	7	0	-2.2	100	0	0	8.05	78.53
2010	2	8	0	-1.7	100	0	30.5	8.05	76.07
2010	2	9	0	-1.7	100	0	171	10.28	74.59
2010	2	10	0	-2.2	100	0	247.5	10.73	73.46
2010	2	11	0	-2.2	100	0	234	11.18	72.15
2010	2	12	0	-3.3	100	0	189	10.28	75.57
2010	2	13	0	-2.8	100	0	249	10.73	73.24
2010	2	14	0	-2.8	100	0	194.5	11.18	75.98
2010	2	15	0	-2.8	100	0	155	9.39	72.51
2010	2	16	0	-3.3	100	0	77	12.52	73.66
2010	2	17	0	-4.4	100	0	0	13.86	74.63
2010	2	18	0	-5.6	100	0	0	14.31	76.53
2010	2	19	0	-6.1	100	0	0	10.28	80.07
2010	2	20	0	-7.2	100	0	0	13.86	78.29
2010	2	21	0	-7.8	100	0	0	11.18	76.87
2010	2	22	0	-7.8	100	0	0	10.28	75.91
2010	2	23	0	-8.3	100	0	0	10.73	81.57
2010	3	0	0	-7.8	100	0	0	12.96	81.51
2010	3	1	0	-7.8	100	0	0	13.41	75.47
2010	3	2	0	-7.8	100	0	0	13.41	75.62
2010	3	3	0	-7.8	100	0	0	9.39	76.06
2010	3	4	0	-7.8	100	0	0	9.83	76.67
2010	3	5	0	-7.8	99	0	0	10.28	77.25
2010	3	6	0	-7.2	99	0	0	10.73	77.47
2010	3	7	0	-7.2	99	0	0	11.62	78.13
2010	3	8	0	-6.7	99	0	24	10.28	79.24
2010	3	9	0	-6.1	99	0	119	9.83	74.17
2010	3	10	0	-5.6	99	0	181.5	9.83	74.52
2010	3	11	0	-5	99	0	221	9.83	75.3
2010	3	12	0	-5.6	99	0	351	14.75	70.88
2010	3	13	0	-5	99	0	368.5	12.96	72.11
2010	3	14	0	-5	99	0	204.5	12.96	73.24
2010	3	15	0	-6.1	99	0	74.5	13.86	73.84
2010	3	16	0	-6.1	99	0	27	13.86	73.33
2010	3	17	0	-6.7	100	0	0	10.73	77.99
2010	3	18	0	-6.1	100	0	0	13.41	77.89
2010	3	19	0	-6.1	100	0	0	11.18	78.97
2010	3	20	0	-5.6	100	0	0	12.96	80.68
2010	3	21	0	-5.6	100	0	0	9.83	82.35
2010	3	22	0	-6.1	100	0	0	11.18	77.44
2010	3	23	0	-5.6	100	0	0	9.39	78.31
2010	4	0	0	-5.6	100	0	0	7.15	79.05
2010	4	1	0	-6.1	100	0	0	9.39	79.6
2010	4	2	0	-6.1	100	0	0	8.05	79.88
2010	4	3	0	-6.1	100	0	0	8.94	79.66
2010	4	4	0	-6.1	100	0	0	8.94	85.85
2010	4	5	0	-6.1	100	0	0	8.94	85.94
2010	4	6	0	-6.7	100	0	0	8.05	85.73
2010	4	7	0	-6.7	100	0	0	5.81	85.52
2010	4	8	0	-5.6	100	0	12.5	6.71	80.37
2010	4	9	0	-5	100	0	99.5	9.83	76.45
2010	4	10	0	-3.3	100	0	211.5	9.39	74.2
2010	4	11	0	-2.8	100	0	285.5	7.15	72.36
2010	4	12	0	-2.2	100	0	394	7.15	69.71
2010	4	13	0	-1.1	100	0	379	6.26	71.33
2010	4	14	0	-0.6	100	0	319.5	8.05	67
2010	4	15	0	-0.6	100	0	225.5	8.05	71.83
2010	4	16	0	-1.1	100	0	85.5	6.71	70.52
2010	4	17	0	-2.2	100	0	5	7.6	73.46
2010	4	18	0	-2.8	100	0	0	7.6	76.34
2010	4	19	0	-3.3	100	0	0	9.39	79.37
2010	4	20	0	-4.4	100	0	0	9.39	83.11
2010	4	21	0	-5	100	0	0	6.26	81.45
2010	4	22	0	-5	100	0	0	7.6	80.34
2010	4	23	0	-5.6	100	0	0	8.05	85.99
2010	5	0	0	-5.6	100	0	0	7.15	85.64
2010	5	1	0	-6.1	100	0	0	6.26	85.37
2010	5	2	0	-6.1	100	0	0	5.81	85.09
2010	5	3	0	-5.6	100	0	0	6.26	84.93
2010	5	4	0	-5	100	0	0	6.71	85.04
2010	5	5	0	-5	100	0	0	7.6	85.29
2010	5	6	0	-5	100	0	0	4.92	85.47
2010	5	7	0	-5.6	100	0	0	6.71	85.75
2010	5	8	0	-5.6	100	0	36.5	5.81	82.06
2010	5	9	0	-3.9	100	0	187.5	6.26	78.42
2010	5	10	0	-2.8	100	0	326.5	7.15	70.06
2010	5	11	0	-1.7	100	0	424	8.05	68.13
2010	5	12	0	-0.6	100	0	467.5	7.15	70.83
2010	5	13	0	0	100	0	453	7.6	67.42
2010	5	14	0	0	100	0	381.5	8.05	67.95
2010	5	15	0	-0.6	100	0	262.5	8.94	72.75
2010	5	16	0	-1.1	100	0	115	6.71	71.44
2010	5	17	0	-1.7	100	0	7.5	6.26	75.06
2010	5	18	0	-2.2	100	0	0	7.6	78.81
2010	5	19	0	-2.8	100	0	0	5.81	76.82
2010	5	20	0	-2.2	100	0	0	8.94	81.49
2010	5	21	0	-2.2	100	0	0	9.39	81.06
2010	5	22	0	-2.2	100	0	0	7.15	80.96
2010	5	23	0	-2.8	100	0	0	8.94	80.83
2010	6	0	0	-2.8	100	0	0	7.15	80.72
2010	6	1	0	-2.8	100	0	0	7.6	81
2010	6	2	0	-2.8	100	0	0	7.15	81.46
2010	6	3	0	-2.8	100	0	0	6.26	82.01
2010	6	4	0	-2.8	100	0	0	6.71	82.95
2010	6	5	0	-2.8	100	0	0	7.6	83.67
2010	6	6	0	-2.8	100	0	0	8.94	84.07
2010	6	7	0	-2.8	100	0	0	7.15	83.86
2010	6	8	0	-2.8	100	0	35	7.6	78.28
2010	6	9	0	-2.2	100	0	183.5	8.94	72.43
2010	6	10	0	-0.6	100	0	325	8.05	68.87
2010	6	11	0	0	100	0	426.5	6.26	66.94
2010	6	12	0	0.6	100	0	471	7.6	70.15
2010	6	13	0	1.1	100	0	458	8.05	72.71
2010	6	14	0	1.7	100	0	387.5	8.05	73.94
2010	6	15	0	1.7	100	0	268.5	7.15	73.79
2010	6	16	0	1.1	100	0	119.5	7.6	72.28
2010	6	17	0	0	100	0	8.5	10.28	75.63
2010	6	18	0	-0.6	100	0	0	9.39	73.67
2010	6	19	0	-1.1	100	0	0	9.83	78.19
2010	6	20	0	-1.1	100	0	0	10.73	78.13
2010	6	21	0	-1.7	100	0	0	6.71	78.5
2010	6	22	0	-1.7	100	0	0	8.05	79.17
2010	6	23	0	-1.1	100	0	0	11.18	80.03
2010	7	0	0	-1.1	100	0	0	7.15	80.84
2010	7	1	0	-1.1	100	0	0	6.26	81.6
2010	7	2	0	-1.1	100	0	0	6.71	82.18
2010	7	3	0	-1.1	100	0	0	5.81	82.62
2010	7	4	0	-1.1	100	0	0	6.26	82.93
2010	7	5	0	-1.1	101	0	0	6.26	82.98
2010	7	6	0	-1.1	101	0	0	6.71	83.01
2010	7	7	0	-1.1	101	0	0	7.15	83.49
2010	7	8	0	-0.6	101	0	35.5	6.71	81.02
2010	7	9	0	0.6	101	0	184	6.26	77.88
2010	7	10	0	1.7	101	0	322.5	9.83	80.44
2010	7	11	0	2.2	101	0	420.5	7.15	77.29
2010	7	12	0	2.8	101	0	333	7.15	73.72
2010	7	13	0	3.9	101	0	354	6.71	74.96
2010	7	14	0	3.9	101	0	382.5	7.15	75.92
2010	7	15	0	3.9	101	0	264.5	7.15	77.69
2010	7	16	0	2.8	101	0	96	6.26	86.38
2010	7	17	0	2.2	101	0	7	4.92	85.3
2010	7	18	0	1.7	101	0	0	6.26	85.47
2010	7	19	0	1.1	101	0	0	4.47	83.45
2010	7	20	0	0.6	101	0	0	4.92	87.67
2010	7	21	0	0	101	0	0	3.58	86.43
2010	7	22	0	-0.6	101	0	0	2.68	86.32
2010	7	23	0	0	101	0	0	3.13	85.66
2010	8	0	0	-0.6	100	0	0	3.13	84.03
2010	8	1	0	-0.6	100	0	0	2.24	83.3
2010	8	2	0	-1.1	100	0	0	2.68	84.96
2010	8	3	0	0	100	0	0	4.02	87.25
2010	8	4	0	-1.7	100	0	0	3.58	88.99
2010	8	5	0	-1.7	100	0	0	4.92	89.85
2010	8	6	0	-1.7	100	0	0	3.58	89.62
2010	8	7	0	-1.7	100	0	0	4.92	89.08
2010	8	8	0	-1.7	100	0	13	4.47	89.36
2010	8	9	0	-1.1	100	0	122	5.81	89.24
2010	8	10	0	-1.1	100	0	214	4.47	82.7
2010	8	11	0	0	100	0	134	3.13	82.61
2010	8	12	0	0	100	0	41.5	5.81	82.66
2010	8	13	0	0	100	0	108.5	6.26	83.06
2010	8	14	0	-0.6	100	0	96.5	8.05	84.07
2010	8	15	0	0	100	0	141.5	6.26	83.72
2010	8	16	0	0.6	100	0	88	4.92	78.74
2010	8	17	0	0.6	100	0	9	7.6	75.33
2010	8	18	0	-1.1	100	0	0	9.39	71.99
2010	8	19	0	-2.8	100	0	0	11.62	72.62
2010	8	20	0	-3.3	101	0	0	11.62	75.69
2010	8	21	0	-4.4	101	0	0	10.73	74.11
2010	8	22	0	-4.4	101	0	0	9.83	78.67
2010	8	23	0	-5	101	0	0	9.83	77.78
2010	9	0	0	-5	101	0	0	5.81	77.51
2010	9	1	0	-5	101	0	0	7.6	77.22
2010	9	2	0	-5.6	101	0	0	7.15	76.71
2010	9	3	0	-5.6	101	0	0	8.05	82.25
2010	9	4	0	-6.1	101	0	0	6.71	81.64
2010	9	5	0	-6.1	101	0	0	6.71	80.98
2010	9	6	0	-6.7	101	0	0	9.39	80.37
2010	9	7	0	-6.7	101	0	0	6.71	79.97
2010	9	8	0	-6.7	101	0	39	6.71	75.16
2010	9	9	0	-5.6	101	0	199.5	6.71	69.4
2010	9	10	0	-3.9	101	0	348	7.15	64.03
2010	9	11	0	-2.8	101	0	455.5	9.39	59.27
2010	9	12	0	-2.2	101	0	507	8.05	59.46
2010	9	13	0	-1.1	101	0	495	7.6	55.89
2010	9	14	0	-0.6	101	0	422.5	7.15	56.8
2010	9	15	0	-0.6	101	0	297	7.6	57.5
2010	9	16	0	-0.6	101	0	138	6.26	66.2
2010	9	17	0	-2.2	101	0	12	7.15	69.59
2010	9	18	0	-2.8	102	0	0	8.05	72.7
2010	9	19	0	-3.3	102	0	0	7.15	70.05
2010	9	20	0	-4.4	102	0	0	7.15	72.89
2010	9	21	0	-5	102	0	0	6.71	76.44
2010	9	22	0	-6.1	102	0	0	6.71	75.17
2010	9	23	0	-6.7	102	0	0	7.15	79.6
2010	10	0	0	-7.2	102	0	0	4.47	78.45
2010	10	1	0	-8.3	102	0	0	4.92	77.49
2010	10	2	0	-8.3	102	0	0	4.92	76.47
2010	10	3	0	-8.9	102	0	0	4.02	81.26
2010	10	4	0	-8.9	102	0	0	5.81	80.09
2010	10	5	0	-9.4	102	0	0	5.81	79.07
2010	10	6	0	-9.4	102	0	0	4.92	78.31
2010	10	7	0	-9.4	102	0	0	4.92	78.03
2010	10	8	0	-9.4	102	0	39.5	6.71	72.81
2010	10	9	0	-7.8	102	0	197.5	4.92	68.11
2010	10	10	0	-6.7	102	0	341	7.15	59.99
2010	10	11	0	-5	102	0	442	5.81	57.68
2010	10	12	0	-3.3	102	0	489	6.26	56.14
2010	10	13	0	-2.2	102	0	476.5	5.81	54.81
2010	10	14	0	-1.1	102	0	406	4.47	53.53
2010	10	15	0	-1.1	102	0	286	5.81	61.44
2010	10	16	0	-2.2	102	0	99.5	5.81	68.7
2010	10	17	0	-2.8	102	0	12	4.47	72.82
2010	10	18	0	-3.3	102	0	0	5.81	72.13
2010	10	19	0	-2.8	102	0	0	6.26	76.54
2010	10	20	0	-3.3	102	0	0	5.81	75.13
2010	10	21	0	-3.9	102	0	0	4.92	74.51
2010	10	22	0	-3.9	102	0	0	4.92	75.15
2010	10	23	0	-3.9	102	0	0	4.02	82.72
2010	11	0	0	-4.4	102	0	0	5.81	84.4
2010	11	1	0	-4.4	102	0	0	4.02	85.7
2010	11	2	0	-5	102	0	0	4.92	86.5
2010	11	3	0	-5	102	0	0	4.92	87
2010	11	4	0	-5.6	102	0	0	4.47	86.76
2010	11	5	0	-5	102	0	0	5.81	85.81
2010	11	6	0	-6.1	102	0	0	3.58	91.31
2010	11	7	0	-6.1	102	0	0	4.02	90.56
2010	11	8	0	-5	102	0	43.5	5.81	80.05
2010	11	9	0	-3.3	102	0	190	4.02	75.91
2010	11	10	0	-2.2	102	0	332.5	4.92	71.74
2010	11	11	0	-1.7	101	0	337	2.68	68.27
2010	11	12	0	-0.6	101	0	345	4.47	64.26
2010	11	13	0	-1.1	101	0	313	4.02	60.56
2010	11	14	0	0	101	0	237.5	4.92	61.85
2010	11	15	0	-0.6	101	0	200	5.81	65.7
2010	11	16	0	-0.6	101	0	69.5	4.47	77.01
2010	11	17	0	-0.6	101	0	6.5	6.26	75.61
2010	11	18	0	-1.1	101	0	0	4.92	76.3
2010	11	19	0	-1.1	101	0	0	3.13	77.16
2010	11	20	0	-0.6	101	0	0	4.92	77.96
2010	11	21	0	-0.6	101	0	0	4.92	78.48
2010	11	22	0	-1.1	101	0	0	4.47	78.98
2010	11	23	0	-1.1	101	0	0	4.47	79.24
2010	12	0	0	-0.6	101	0	0	3.58	79.04
2010	12	1	0	0	101	0	0	4.47	78.41
2010	12	2	0	-0.6	101	0	0	4.47	82.88
2010	12	3	0	-1.1	101	0	0	3.58	82.44
2010	12	4	0	-1.1	101	0	0	4.02	82.31
2010	12	5	0	-1.1	101	0	0	4.47	82.06
2010	12	6	0	-1.7	101	0	0	4.47	87.7
2010	12	7	0	-1.7	101	0	0	4.92	80.91
2010	12	8	0	-1.7	101	0	18.5	4.92	78.02
2010	12	9	0	-1.1	101	0	134	5.81	74.38
2010	12	10	0	0	101	0	312.5	5.81	71.08
2010	12	11	0	0.6	101	0	415	4.92	72.82
2010	12	12	0	1.7	101	0	416.5	4.92	69.14
2010	12	13	0	2.2	101	0	456.5	7.15	70.06
2010	12	14	0	2.2	101	0	394	6.26	69.72
2010	12	15	0	2.2	101	0	281.5	6.71	73
2010	12	16	0	1.7	101	0	134	7.6	69.76
2010	12	17	0	0.6	101	0	13.5	9.39	71.39
2010	12	18	0	-1.1	101	0	0	9.39	72.8
2010	12	19	0	-1.7	101	0	0	9.39	74.87
2010	12	20	0	-2.2	101	0	0	8.94	77.7
2010	12	21	0	-3.3	101	0	0	7.15	75.19
2010	12	22	0	-3.3	101	0	0	8.05	79.29
2010	12	23	0	-3.9	101	0	0	7.15	78.09
2010	13	0	0	-3.9	101	0	0	9.39	77.11
2010	13	1	0	-4.4	102	0	0	7.15	77.25
2010	13	2	0	-4.4	102	0	0	9.39	79.1
2010	13	3	0	-4.4	102	0	0	8.05	75.15
2010	13	4	0	-3.9	102	0	0	8.94	76.38
2010	13	5	0	-4.4	102	0	0	9.39	77.15
2010	13	6	0	-3.9	102	0	0	7.6	77.41
2010	13	7	0	-3.9	102	0	0	5.81	82.84
2010	13	8	0	-3.9	102	0	26	8.05	74.06
2010	13	9	0	-2.8	102	0	123	8.94	70.62
2010	13	10	0	-2.2	102	0	236	6.26	68.07
2010	13	11	0	-0.6	102	0	236.5	8.05	66.22
2010	13	12	0	-0.6	102	0	283	3.58	69.78
2010	13	13	0	0.6	101	0	238.5	4.47	68.14
2010	13	14	0	0.6	101	0	193	5.81	71.05
2010	13	15	0	2.2	101	0	195	3.58	75.95
2010	13	16	0	1.7	101	0	77	4.02	81.23
2010	13	17	0	0.6	101	0	8	2.68	79.28
2010	13	18	0	1.1	102	0	0	3.58	79.62
2010	13	19	0	1.1	102	0	0	5.81	85.6
2010	13	20	0	0.6	102	0	0	4.47	85.81
2010	13	21	0	0	102	0	0	4.02	92.17
2010	13	22	0	0.6	102	0	0	3.13	91.89
2010	13	23	0	0	102	0	0	3.58	91.28
2010	14	0	0	-2.2	102	0	0	3.58	90.06
2010	14	1	0	-1.7	102	0	0	3.13	88.72
2010	14	2	0	-2.2	102	0	0	2.24	94.02
2010	14	3	0	-2.2	102	0	0	0.01	92.38
2010	14	4	0	-2.8	102	0	0	2.24	90.93
2010	14	5	0	-1.7	102	0	0	2.24	89.53
2010	14	6	0	-1.1	102	0	0	2.24	88.66
2010	14	7	0	-1.1	102	0	0	1.34	88.85
2010	14	8	0	-2.2	102	0	41	1.34	81.3
2010	14	9	0	-0.6	102	0	181.5	1.34	79.17
2010	14	10	0	1.7	102	0	320	0.01	73.29
2010	14	11	0	2.2	102	0	421	0.01	63.43
2010	14	12	0	2.8	102	0	468.5	2.68	65.02
2010	14	13	0	3.3	102	0	458.5	2.24	66.41
2010	14	14	0	3.3	102	0	391.5	3.58	68.69
2010	14	15	0	3.3	102	0	276	3.13	80.79
2010	14	16	0	2.8	102	0	131.5	2.24	79.52
2010	14	17	0	0	102	0	14	2.68	85.2
2010	14	18	0	0.6	102	0	0	3.58	88.36
2010	14	19	0	0.6	102	0	0	3.13	91.67
2010	14	20	0	1.7	102	0	0	4.92	94.92
2010	14	21	0	1.1	102	0	0	4.02	97.46
2010	14	22	0	-1.1	102	0	0	3.58	99.26
2010	14	23	0	-0.6	102	0	0	3.58	100
2010	15	0	0	-1.1	102	0	0	2.24	99.79
2010	15	1	0	-1.1	102	0	0	3.13	99.22
2010	15	2	0	-2.2	102	0	0	3.58	98.43
2010	15	3	0	-0.6	101	0	0	4.47	97.48
2010	15	4	0	-2.2	101	0	0	2.68	96.51
2010	15	5	0	-2.2	101	0	0	3.58	95.72
2010	15	6	0	-1.1	101	0	0	4.92	95.5
2010	15	7	0	0.6	101	0	0	4.47	95.82
2010	15	8	0	0	101	0	23.5	4.02	98.26
2010	15	9	0	2.8	102	0	53	4.02	94.78
2010	15	10	0	3.3	102	0	51	3.58	86.14
2010	15	11	0	4.4	101	0	6.5	3.58	84.09
2010	15	12	0	5	101	0	89.5	4.02	82.66
2010	15	13	0	6.7	101	0	308.5	4.02	87.36
2010	15	14	0	8.9	101	0	299	4.47	89.82
2010	15	15	0	9.4	101	0	208.5	6.71	88.45
2010	15	16	0	10	101	0	101	8.05	97.94
2010	15	17	0	7.2	102	0	11	8.05	96.78
2010	15	18	0	6.7	102	0	0	6.26	94.49
2010	15	19	0	7.2	102	0	0	4.92	97.27
2010	15	20	0	6.7	102	0	0	6.26	99.33
2010	15	21	0	6.7	102	0	0	7.15	94.89
2010	15	22	0	5.6	102	0	0	4.02	98.73
2010	15	23	0	5.6	102	0	0	3.13	97.02
2010	16	0	0	5	102	0	0	4.47	95.76
2010	16	1	0	4.4	102	0	0	4.47	94.76
2010	16	2	0	3.9	102	0	0	4.92	94.02
2010	16	3	0	4.4	102	0	0	4.02	93.38
2010	16	4	0	4.4	102	0	0	5.81	93.46
2010	16	5	0	4.4	102	0	0	4.92	94.04
2010	16	6	0	3.9	102	0	0	4.47	94.03
2010	16	7	0	3.9	102	0	0	6.26	94.15
2010	16	8	0	3.3	102	0	47.5	4.02	92.58
2010	16	9	0	4.4	102	0	198	6.26	90.96
2010	16	10	0	6.1	102	0	342.5	6.26	80.34
2010	16	11	0	6.7	102	0	359	6.71	74.39
2010	16	12	0	7.2	101	0	390.5	6.71	75.91
2010	16	13	0	8.3	101	0	379	7.15	74.57
2010	16	14	0	8.9	101	0	341.5	6.26	79.75
2010	16	15	0	9.4	101	0	206	5.81	87.77
2010	16	16	0	9.4	101	0	140	6.26	94.93
2010	16	17	0	6.7	101	0	14.5	4.02	100
2010	16	18	0	6.1	101	0	0	4.02	100
2010	16	19	0	4.4	102	0	0	3.13	100
2010	16	20	0	3.9	102	0	0	3.58	100
2010	16	21	0	4.4	101	0	0	3.13	100
2010	16	22	0	4.4	101	0	0	3.58	100
2010	16	23	0	3.9	101	0	0	1.34	99
2010	17	0	0	0.6	101	0	0	3.13	97.81
2010	17	1	0	1.1	101	0	0	3.13	96.97
2010	17	2	0	-0.6	101	0	0	0.01	94.99
2010	17	3	0	0	101	0	0	0.01	94.94
2010	17	4	0	0.6	101	0	0	0.01	96.5
2010	17	5	0	0.6	101	0	0	2.68	98.75
2010	17	6	0	1.1	101	0	0	3.58	100
2010	17	7	0	1.7	101	0	0	3.13	96.92
2010	17	8	0	2.2	101	0	13.5	4.02	98.86
2010	17	9	0	3.3	101	0	40.5	4.02	93.76
2010	17	10	0	4.4	101	0	76.5	4.02	95.8
2010	17	11	0	5	101	0	57.5	4.92	98.15
2010	17	12	0	5	101	0	25.5	6.71	100
2010	17	13	0	4.4	101	0.51	39	4.47	100
2010	17	14	0	3.9	101	2.54	19	5.81	100
2010	17	15	0	3.9	101	1.78	8.5	2.68	100
2010	17	16	0	3.9	100	1.78	126	8.94	100
2010	17	17	0	3.9	100	0.76	14.5	8.05	100
2010	17	18	0	3.9	100	1.27	0	6.71	100
2010	17	19	0	3.9	100	3.81	0	4.92	100
2010	17	20	0	4.4	100	1.52	0	5.81	100
2010	17	21	0	4.4	100	1.27	0	8.94	100
2010	17	22	0	3.9	99	0.51	0	10.28	99.66
2010	17	23	0	4.4	99	0.51	0	10.28	100
2010	18	0	0	4.4	99	0	0	12.52	100
2010	18	1	0	3.9	99	0.25	0	11.18	100
2010	18	2	0	3.9	99	0.25	0	11.62	96.54
2010	18	3	0	3.9	99	0	0	11.18	95.2
2010	18	4	0	3.3	99	0	0	8.94	95.38
2010	18	5	0	3.3	99	0	0	9.39	95.06
2010	18	6	0	3.3	100	0	0	8.05	94.03
2010	18	7	0	2.8	100	0	0	8.05	92.83
2010	18	8	0	2.8	100	0	18.5	8.94	92.67
2010	18	9	0	3.9	100	0	166.5	7.6	87.15
2010	18	10	0	5.6	100	0	335.5	10.28	83.39
2010	18	11	0	6.7	100	0	440.5	10.28	81.16
2010	18	12	0	6.7	100	0	490	9.83	79.49
2010	18	13	0	8.3	100	0	482.5	7.6	82.88
2010	18	14	0	9.4	100	0	417.5	6.26	85.38
2010	18	15	0	9.4	100	0	301.5	7.15	92.39
2010	18	16	0	9.4	100	0	152.5	4.92	99.05
2010	18	17	0	7.8	101	0	20.5	3.58	100
2010	18	18	0	6.7	101	0	0	2.24	100
2010	18	19	0	7.2	101	0	0	2.68	100
2010	18	20	0	5.6	101	0	0	0.01	100
2010	18	21	0	7.2	101	0	0	0.01	100
2010	18	22	0	6.1	101	0	0	3.58	99.98
2010	18	23	0	7.2	101	0	0	1.34	99.39
2010	19	0	0	4.4	101	0	0	2.24	92.15
2010	19	1	0	5.6	101	0	0	2.24	93.79
2010	19	2	0	5.6	101	0	0	2.68	94.67
2010	19	3	0	4.4	101	0	0	2.68	100
2010	19	4	0	3.3	101	0	0	2.68	100
2010	19	5	0	2.8	101	0	0	0.01	100
2010	19	6	0	2.2	101	0	0	0.01	100
2010	19	7	0	1.7	101	0	0	1.34	100
2010	19	8	0	1.7	101	0	14.5	1.34	100
2010	19	9	0	3.9	101	0	129.5	3.13	100
2010	19	10	0	4.4	101	0	178	3.58	97.09
2010	19	11	0	5	101	0	186.5	2.68	93.41
2010	19	12	0	5.6	101	0	153.5	0.01	89.31
2010	19	13	0	5	100	0	120.5	2.68	91.7
2010	19	14	0	5.6	100	0	79.5	0.01	93.6
2010	19	15	0	5.6	100	0	59	1.34	92.08
2010	19	16	0	6.1	100	0	44	0.01	94.78
2010	19	17	0	5.6	100	0	5	2.68	100
2010	19	18	0	5.6	101	0	0	2.68	100
2010	19	19	0	7.2	101	0	0	4.02	100
2010	19	20	0	7.2	101	0	0	6.26	100
2010	19	21	0	6.1	101	0	0	6.71	100
2010	19	22	0	3.9	101	0	0	3.58	100
2010	19	23	0	3.9	101	0	0	4.47	100
2010	20	0	0	3.3	101	0	0	3.58	98.36
2010	20	1	0	2.2	101	0	0	3.13	97.01
2010	20	2	0	2.8	101	0	0	2.24	96.61
2010	20	3	0	1.1	101	0	0	3.58	96.12
2010	20	4	0	1.1	101	0	0	2.68	95.44
2010	20	5	0	1.1	101	0	0	2.68	94.5
2010	20	6	0	0.6	101	0	0	3.58	92.68
2010	20	7	0	1.1	101	0	0	3.13	89.83
2010	20	8	0	1.7	101	0	50	5.81	87
2010	20	9	0	2.8	101	0	200.5	4.92	80.69
2010	20	10	0	4.4	101	0	347.5	6.71	71.91
2010	20	11	0	5.6	101	0	454	7.15	70.1
2010	20	12	0	5.6	101	0	358	7.15	64.9
2010	20	13	0	6.1	101	0	494	5.81	65.18
2010	20	14	0	6.7	101	0	427.5	8.05	66.38
2010	20	15	0	6.1	101	0	253.5	5.81	74.36
2010	20	16	0	5	101	0	158.5	7.6	84.74
2010	20	17	0	4.4	101	0	22.5	4.92	89.73
2010	20	18	0	3.3	101	0	0	6.71	90.48
2010	20	19	0	3.3	101	0	0	4.92	90.54
2010	20	20	0	2.8	101	0	0	5.81	90.19
2010	20	21	0	2.2	101	0	0	3.13	89.53
2010	20	22	0	2.2	101	0	0	3.58	88.64
2010	20	23	0	1.7	101	0	0	3.13	87.64
2010	21	0	0	1.1	101	0	0	2.24	86.7
2010	21	1	0	0.6	101	0	0	3.13	85.77
2010	21	2	0	0.6	101	0	0	4.92	91.16
2010	21	3	0	0	101	0	0	4.92	89.68
2010	21	4	0	-0.6	101	0	0	2.68	87.97
2010	21	5	0	-1.1	102	0	0	3.13	85.59
2010	21	6	0	-1.1	102	0	0	2.68	83.47
2010	21	7	0	-1.1	102	0	0	2.24	83.03
2010	21	8	0	-0.6	102	0	57.5	1.34	77.13
2010	21	9	0	1.1	102	0	217.5	2.24	70.55
2010	21	10	0	2.2	102	0	367	2.68	64.28
2010	21	11	0	2.8	102	0	474.5	1.34	57.55
2010	21	12	0	3.9	102	0	527	2.24	56.75
2010	21	13	0	5	102	0	406	2.24	53.2
2010	21	14	0	5.6	102	0	360	2.24	57.49
2010	21	15	0	3.9	102	0	331.5	4.92	63.56
2010	21	16	0	3.3	102	0	175	4.92	65.51
2010	21	17	0	1.7	102	0	26.5	3.13	65.65
2010	21	18	0	0.6	102	0	0	2.24	73.44
2010	21	19	0	1.1	102	0	0	0.01	75.99
2010	21	20	0	0.6	102	0	0	1.34	77.74
2010	21	21	0	0.6	101	0	0	0.01	72.79
2010	21	22	0	0	101	0	0	0.01	74.05
2010	21	23	0	1.1	101	0	0	0.01	75.8
2010	22	0	0	0.6	101	0	0	2.24	83.34
2010	22	1	0	0.6	101	0	0	2.68	85.49
2010	22	2	0	1.1	101	0	0	3.13	87.45
2010	22	3	0	1.1	101	0	0	3.58	89.51
2010	22	4	0	0.6	101	0	0	4.02	90.62
2010	22	5	0	1.1	101	0	0	3.58	90.81
2010	22	6	0	1.1	101	0	0	4.02	90.67
2010	22	7	0	0.6	101	0	0	4.92	90.48
2010	22	8	0	0.6	101	0	30.5	5.81	91.35
2010	22	9	0	1.1	101	0	137	4.47	85.81
2010	22	10	0	2.8	101	0	272	6.26	79.6
2010	22	11	0	3.9	101	0	345	4.92	72.83
2010	22	12	0	5.6	101	0	398.5	7.15	71.35
2010	22	13	0	6.1	101	0	341.5	7.15	70.7
2010	22	14	0	6.7	101	0	308	6.26	72.29
2010	22	15	0	6.7	101	0	223.5	6.71	75.67
2010	22	16	0	6.1	101	0	87	5.81	84.79
2010	22	17	0	4.4	101	0	13.5	1.34	83.62
2010	22	18	0	3.3	101	0	0	3.58	85.02
2010	22	19	0	3.3	101	0	0	3.13	92.8
2010	22	20	0	3.3	101	0	0	5.81	93.04
2010	22	21	0	2.2	101	0	0	4.47	91.87
2010	22	22	0	1.7	101	0	0	4.02	90.18
2010	22	23	0	1.1	101	0	0	4.47	88.05
2010	23	0	0	0	101	0	0	5.81	85.18
2010	23	1	0	-0.6	101	0	0	4.47	88.46
2010	23	2	0	-1.1	101	0	0	3.13	85.78
2010	23	3	0	-1.7	101	0	0	3.58	81.96
2010	23	4	0	-2.2	102	0	0	4.47	86.11
2010	23	5	0	-1.7	102	0	0	4.47	84.26
2010	23	6	0	-2.2	102	0	0	4.47	82.32
2010	23	7	0	-2.8	102	0	0	3.58	80.5
2010	23	8	0	-2.2	102	0	63	3.58	71.79
2010	23	9	0	-0.6	102	0	230.5	4.92	62.53
2010	23	10	0	0.6	102	0	385.5	4.02	60.16
2010	23	11	0	2.8	102	0	497	1.34	54.94
2010	23	12	0	3.9	102	0	551	2.68	50.68
2010	23	13	0	4.4	102	0	542	1.34	45.72
2010	23	14	0	5	102	0	473	1.34	45.25
2010	23	15	0	3.9	102	0	350	3.13	51.67
2010	23	16	0	2.8	102	0	187.5	4.02	45.41
2010	23	17	0	0.6	102	0	30	2.24	48.5
2010	23	18	0	-1.1	102	0	0	2.68	55.46
2010	23	19	0	1.1	102	0	0	1.34	60.17
2010	23	20	0	-1.7	102	0	0	2.24	64.62
2010	23	21	0	-1.1	102	0	0	1.34	67.75
2010	23	22	0	-1.1	102	0	0	0.01	71.06
2010	23	23	0	-0.6	102	0	0	1.34	74.94
2010	24	0	0	-1.7	102	0	0	0.01	77.45
2010	24	1	0	-2.2	102	0	0	0.01	79.86
2010	24	2	0	-1.1	102	0	0	2.68	83.27
2010	24	3	0	-1.1	102	0	0	2.68	86.96
2010	24	4	0	-2.2	102	0	0	0.01	90.43
2010	24	5	0	-2.2	102	0	0	1.34	94.19
2010	24	6	0	-1.1	102	0	0	2.68	98.45
2010	24	7	0	-1.7	102	0	0	2.24	100
2010	24	8	0	0	102	0	13	2.68	98.16
2010	24	9	0	1.7	102	0	50	3.13	91.86
2010	24	10	0	3.3	101	0	29	3.58	91.24
2010	24	11	0	4.4	101	0	112.5	3.58	95.75
2010	24	12	0	5	101	0	103	6.71	92.75
2010	24	13	0	6.7	101	0	65.5	4.92	95.87
2010	24	14	0	6.7	101	0	55	4.02	100
2010	24	15	0	6.7	101	0	28	3.13	100
2010	24	16	0	7.2	101	0	24	3.58	100
2010	24	17	0	7.2	101	0	3.5	3.13	100
2010	24	18	0	7.2	101	0	0	3.13	100
2010	24	19	0	8.9	101	0	0	4.47	100
2010	24	20	0	8.9	101	0	0	4.92	100
2010	24	21	0	8.3	101	0	0	4.92	100
2010	24	22	0	8.3	101	0	0	4.47	100
2010	24	23	0	8.3	101	0	0	4.92	100
2010	25	0	0	8.9	100	0	0	7.6	100
2010	25	1	0	9.4	100	0	0	8.05	100
2010	25	2	0	8.9	100	0	0	8.05	100
2010	25	3	0	9.4	100	0	0	9.39	100
2010	25	4	0	10	100	0	0	9.39	100
2010	25	5	0	10	100	0	0	11.18	100
2010	25	6	0	10	100	0	0	11.62	100
2010	25	7	0	10.6	100	0.25	0	12.96	100
2010	25	8	0	10.6	99	0.51	1	13.86	98.8
2010	25	9	0	10.6	99	2.03	7	13.86	100
2010	25	10	0	11.1	99	2.29	6	14.75	100
2010	25	11	0	11.1	99	2.79	47.5	14.31	97.32
2010	25	12	0	11.1	98	5.08	15	14.75	99.62
2010	25	13	0	11.7	98	2.79	29	17.43	98.93
2010	25	14	0	11.1	99	5.08	16	12.52	99.18
2010	25	15	0	10	99	0.76	14	10.73	99.06
2010	25	16	0	8.9	99	0	169	10.28	100
2010	25	17	0	8.3	99	0	28.5	9.83	100
2010	25	18	0	7.8	99	0	0	6.71	100
2010	25	19	0	7.2	99	0	0	4.47	100
2010	25	20	0	8.9	99	0	0	5.81	100
2010	25	21	0	9.4	99	0	0	4.02	100
2010	25	22	0	8.3	99	0	0	4.47	100
2010	25	23	0	9.4	99	0	0	4.02	97.81
2010	26	0	0	8.9	99	0	0	3.58	92.86
2010	26	1	0	7.2	99	0	0	6.26	98.36
2010	26	2	0	6.1	99	0	0	5.81	97.73
2010	26	3	0	5.6	99	0.25	0	4.47	100
2010	26	4	0	4.4	99	0	0	5.81	100
2010	26	5	0	4.4	100	0	0	4.92	100
2010	26	6	0	3.3	100	0	0	3.58	100
2010	26	7	0	4.4	100	0	0	6.26	99.04
2010	26	8	0	3.3	100	0	58.5	7.6	91.83
2010	26	9	0	3.9	100	0	214.5	6.71	83.26
2010	26	10	0	5	100	0	363.5	8.94	72.94
2010	26	11	0	5.6	100	0	337	9.83	62.91
2010	26	12	0	5.6	100	0	312	9.39	63.01
2010	26	13	0	5.6	100	0	330	11.62	63.89
2010	26	14	0	6.1	100	0	200.5	10.28	68.74
2010	26	15	0	6.7	100	0	94.5	9.39	69.04
2010	26	16	0	5	100	0	127.5	10.28	75.38
2010	26	17	0	5	100	0	30.5	10.28	81.97
2010	26	18	0	4.4	100	0	0	7.15	89.54
2010	26	19	0	3.3	100	0	0	6.71	90.04
2010	26	20	0	2.8	100	0	0	5.81	96.32
2010	26	21	0	2.8	100	0	0	7.15	94.05
2010	26	22	0	2.8	101	0	0	6.71	89.38
2010	26	23	0	2.2	101	0	0	4.92	84.41
2010	27	0	0	1.7	101	0	0	4.47	82.1
2010	27	1	0	1.1	101	0	0	4.02	87.18
2010	27	2	0	0.6	101	0	0	4.92	86.67
2010	27	3	0	0	101	0	0	6.26	85.8
2010	27	4	0	-0.6	101	0	0	4.92	85.91
2010	27	5	0	-0.6	101	0	0	4.02	86.49
2010	27	6	0	-0.6	101	0	0	4.92	87.01
2010	27	7	0	0	101	0	0	4.47	88.19
2010	27	8	0	0	101	0	63.5	4.02	82.74
2010	27	9	0	1.1	101	0	221.5	3.13	73.98
2010	27	10	0	2.8	101	0	372	6.26	67.88
2010	27	11	0	3.3	101	0	479.5	5.81	68.46
2010	27	12	0	3.9	101	0	530.5	7.15	64.91
2010	27	13	0	5	101	0	142.5	8.94	65.9
2010	27	14	0	3.9	101	0	248.5	7.6	72.01
2010	27	15	0	3.3	101	0	233	8.05	73.85
2010	27	16	0	2.8	101	0	184	7.15	79.86
2010	27	17	0	2.2	101	0	32	7.15	82.94
2010	27	18	0	2.2	102	0	0	6.71	82.18
2010	27	19	0	1.7	102	0	0	5.81	81.42
2010	27	20	0	1.7	102	0	0	5.81	80.61
2010	27	21	0	1.1	101	0	0	3.58	80.85
2010	27	22	0	-0.6	101	0	0	3.13	82.49
2010	27	23	0	0	101	0	0	3.58	83.71
2010	28	0	0	0.6	102	0	0	3.13	83.97
2010	28	1	0	-0.6	102	0	0	4.02	84.09
2010	28	2	0	0	102	0	0	3.58	83.94
2010	28	3	0	-2.2	101	0	0	2.68	84.58
2010	28	4	0	-1.1	101	0	0	4.47	85.6
2010	28	5	0	0	101	0	0	4.47	86.68
2010	28	6	0	0.6	101	0	0	4.92	87.22
2010	28	7	0	0.6	101	0	0	4.02	88.29
2010	28	8	0	1.1	101	0	3	4.92	84.27
2010	28	9	0	0	101	0.51	10	4.02	80.58
2010	28	10	0	0	101	1.27	55.5	2.68	77.32
2010	28	11	0	0.6	101	0.25	111.5	4.02	78.38
2010	28	12	0	1.1	101	0	263	3.58	77.88
2010	28	13	0	2.2	100	0	359	2.68	79.1
2010	28	14	0	5	100	0	450	4.02	79.23
2010	28	15	0	6.1	100	0	334.5	8.05	83.36
2010	28	16	0	5	101	0	186	10.28	79.59
2010	28	17	0	4.4	101	0	34	10.73	75.15
2010	28	18	0	3.9	101	0	0	10.73	63.37
2010	28	19	0	0.6	101	0	0	10.28	56.08
2010	28	20	0	-1.7	101	0	0	13.41	57.23
2010	28	21	0	-3.3	101	0	0	13.41	57.61
2010	28	22	0	-5.6	101	0	0	15.2	56.61
2010	28	23	0	-6.1	102	0	0	7.6	60.61
2010	29	0	0	-6.7	102	0	0	9.39	60.19
2010	29	1	0	-7.2	102	0	0	11.62	59.24
2010	29	2	0	-7.2	102	0	0	10.28	62.54
2010	29	3	0	-7.8	102	0	0	8.05	61.4
2010	29	4	0	-7.8	102	0	0	7.15	61.16
2010	29	5	0	-7.8	102	0	0	7.6	66.38
2010	29	6	0	-8.3	102	0	0	7.6	66.49
2010	29	7	0	-8.3	102	0	0	10.73	66.62
2010	29	8	0	-8.3	102	0	73	8.94	62.14
2010	29	9	0	-7.8	102	0	241	9.39	62.95
2010	29	10	0	-6.7	102	0	282.5	10.28	59.53
2010	29	11	0	-6.1	102	0	304	7.6	60.6
2010	29	12	0	-6.1	102	0	421	8.05	56.95
2010	29	13	0	-5	102	0	403.5	7.15	57.38
2010	29	14	0	-4.4	102	0	484.5	12.52	57.47
2010	29	15	0	-3.9	102	0	365	9.83	57.74
2010	29	16	0	-4.4	102	0	206.5	9.39	62.42
2010	29	17	0	-5.6	102	0	39.5	10.73	62.42
2010	29	18	0	-5.6	102	0	0	8.94	61.8
2010	29	19	0	-5.6	102	0	0	7.15	66.4
2010	29	20	0	-6.1	102	0	0	8.05	66.73
2010	29	21	0	-7.2	102	0	0	8.05	66.74
2010	29	22	0	-7.2	102	0	0	12.52	65.99
2010	29	23	0	-8.3	102	0	0	8.94	64.85
2010	30	0	0	-8.3	102	0	0	8.05	69.29
2010	30	1	0	-8.3	102	0	0	8.05	68.52
2010	30	2	0	-8.9	102	0	0	9.39	67.95
2010	30	3	0	-8.9	102	0	0	6.71	72.98
2010	30	4	0	-8.9	102	0	0	9.39	72.49
2010	30	5	0	-8.9	102	0	0	5.81	71.46
2010	30	6	0	-9.4	102	0	0	7.6	69.65
2010	30	7	0	-10	102	0	0	6.71	72.71
2010	30	8	0	-9.4	102	0	42	4.92	65.36
2010	30	9	0	-8.9	102	0	124	6.26	64.82
2010	30	10	0	-8.3	102	0	260.5	5.81	62.07
2010	30	11	0	-8.3	102	0	241.5	6.71	59.78
2010	30	12	0	-8.3	102	0	152.5	6.71	60.63
2010	30	13	0	-7.8	102	0	204.5	6.26	54.94
2010	30	14	0	-7.2	102	0	23.5	4.47	56
2010	30	15	0	-7.2	101	0	27.5	4.92	60.64
2010	30	16	0	-7.2	101	0	24	5.81	66.19
2010	30	17	0	-7.2	101	0	1	4.47	71.39
2010	30	18	0	-7.2	101	0	0	5.81	72.95
2010	30	19	0	-7.2	101	0	0	5.81	78.07
2010	30	20	0	-7.2	101	0	0	4.92	77.02
2010	30	21	0	-7.2	101	0	0	6.26	75.54
2010	30	22	0	-7.2	101	0	0	6.26	80.22
2010	30	23	0	-7.2	101	0	0	7.15	79.12
2010	31	0	0	-7.2	101	0	0	7.15	78.12
2010	31	1	0	-7.2	101	0	0	7.6	77.13
2010	31	2	0	-7.2	101	0	0	6.71	76.01
2010	31	3	0	-7.8	101	0	0	7.15	74.86
2010	31	4	0	-8.3	101	0	0	6.26	73.9
2010	31	5	0	-8.3	101	0	0	6.26	72.82
2010	31	6	0	-8.9	101	0	0	8.05	77.34
2010	31	7	0	-9.4	101	0	0	6.26	75.94
2010	31	8	0	-8.9	101	0	78	6.26	73.47
2010	31	9	0	-7.8	101	0	247.5	4.92	61.75
2010	31	10	0	-6.1	101	0	401.5	4.47	57.12
2010	31	11	0	-5	101	0	512.5	3.13	54.07
2010	31	12	0	-3.3	101	0	567.5	3.58	48.92
2010	31	13	0	-2.8	101	0	561.5	4.47	52.07
2010	31	14	0	-1.7	101	0	494.5	3.58	51.2
2010	31	15	0	-1.7	101	0	373.5	4.47	54.29
2010	31	16	0	-2.2	101	0	213	4.92	64.93
2010	31	17	0	-2.2	101	0	50	6.26	68.62
2010	31	18	0	-2.2	101	0	0	6.71	67.9
2010	31	19	0	-2.2	101	0	0	5.81	67.83
2010	31	20	0	-2.2	101	0	0	6.71	73.49
2010	31	21	0	-2.2	101	0	0	6.71	73.99
2010	31	22	0	-2.2	101	0	0	6.26	75.16
2010	31	23	0	-3.3	101	0	0	8.94	82.08
2010	32	0	0	-3	101	0	0	6.26	83.02
2010	32	1	0	-3.3	101	0	0	7.6	83.53
2010	32	2	0	-3.9	101	0	0	6.26	83.64
2010	32	3	0	-3.3	102	0	0	4.47	83.66
2010	32	4	0	-3.3	102	0	0	4.92	83.66
2010	32	5	0	-3.3	102	0	0	6.71	83.94
2010	32	6	0	-3.3	102	0	0	6.26	84.6
2010	32	7	0	-3.3	102	0	0	6.26	85.89
2010	32	8	0	-2.8	102	0	78.5	7.6	82.35
2010	32	9	0	-1.7	102	0	247.5	7.15	69.17
2010	32	10	0	-1.1	102	0	402.5	8.94	62.81
2010	32	11	0	0.6	102	0	462	6.26	58.08
2010	32	12	0	0.6	102	0	445.5	6.26	58.29
2010	32	13	0	1.7	102	0	448.5	6.71	59.29
2010	32	14	0	1.7	102	0	434	4.92	57.11
2010	32	15	0	2.2	102	0	312	6.26	60.55
2010	32	16	0	1.7	102	0	209.5	7.15	70.35
2010	32	17	0	1.1	102	0	49.5	7.6	74.9
2010	32	18	0	0.6	102	0	0	6.71	75.77
2010	32	19	0	0.6	102	0	0	4.02	76.85
2010	32	20	0	0	102	0	0	6.26	77.14
2010	32	21	0	0	102	0	0	6.71	77.23
2010	32	22	0	0	102	0	0	4.92	82.83
2010	32	23	0	-0.6	102	0	0	4.92	82.13
2010	33	0	0	-1.1	102	0	0	4.02	87.35
2010	33	1	0	-1.1	102	0	0	4.02	85.62
2010	33	2	0	-1.1	102	0	0	4.47	89.75
2010	33	3	0	-1.7	102	0	0	4.02	86.92
2010	33	4	0	-1.7	102	0	0	2.68	83.35
2010	33	5	0	-2.8	102	0	0	2.68	78.51
2010	33	6	0	-3.3	102	0	0	3.13	76.51
2010	33	7	0	-3.3	102	0	0	1.34	78.42
2010	33	8	0	-2.8	102	0	14.5	1.34	74.53
2010	33	9	0	-1.1	102	0	89	2.68	68.86
2010	33	10	0	-1.1	102	0	148.5	2.24	63.67
2010	33	11	0	0	102	0	307.5	1.34	59.03
2010	33	12	0	0	102	0	240	2.68	59.01
2010	33	13	0	0	102	0	192	2.24	59.73
2010	33	14	0	0	102	0	153	3.13	62.3
2010	33	15	0	0	102	0	70	3.13	66.37
2010	33	16	0	0	102	0	44	2.24	73.65
2010	33	17	0	0	102	0	7.5	2.68	72.89
2010	33	18	0	0	102	0	0	3.13	78.68
2010	33	19	0	-0.6	101	0	0	3.13	79.47
2010	33	20	0	-0.6	101	0	0	3.13	75.66
2010	33	21	0	-0.6	101	0	0	2.24	77.33
2010	33	22	0	-0.6	101	0	0	3.13	78.77
2010	33	23	0	-0.6	101	0	0	3.13	80.69
2010	34	0	0	-1.1	101	0	0	3.58	82.86
2010	34	1	0	-1.7	101	0.25	0	3.58	84.87
2010	34	2	0	-1.7	101	0.25	0	3.13	92.91
2010	34	3	0	-2.2	101	0.25	0	3.58	94.19
2010	34	4	0	-2.2	101	0	0	3.13	94.36
2010	34	5	0	-2.2	101	0	0	3.13	93.9
2010	34	6	0	-2.2	101	0	0	1.34	93.04
2010	34	7	0	-1.7	101	0	0	1.34	93.08
2010	34	8	0	-1.7	101	0	15.5	1.34	88.27
2010	34	9	0	-0.6	101	0	120	1.34	89.87
2010	34	10	0	0	101	0	180	0.01	91.91
2010	34	11	0	0.6	101	0	169.5	2.24	87.14
2010	34	12	0	1.1	101	0	409.5	2.68	88.26
2010	34	13	0	2.8	101	0	515	2.68	82.38
2010	34	14	0	2.8	101	0	254.5	2.24	83.06
2010	34	15	0	3.3	101	0	102.5	4.92	84.54
2010	34	16	0	3.3	101	0	124	4.92	89.24
2010	34	17	0	2.8	101	0	52	7.6	92.11
2010	34	18	0	2.2	101	0	0	8.05	88.73
2010	34	19	0	2.2	101	0	0	8.94	84.87
2010	34	20	0	1.7	101	0	0	7.6	82.6
2010	34	21	0	1.1	101	0	0	7.6	81.24
2010	34	22	0	0.6	102	0	0	7.15	80.51
2010	34	23	0	0.6	102	0	0	10.28	85.91
2010	35	0	0	0	102	0	0	6.26	85.22
2010	35	1	0	0	102	0	0	5.81	85.1
2010	35	2	0	0	102	0	0	6.71	85.37
2010	35	3	0	-0.6	102	0	0	5.81	84.1
2010	35	4	0	0	102	0	0	6.71	80.35
2010	35	5	0	-0.6	102	0	0	8.94	81.14
2010	35	6	0	-1.1	102	0	0	7.6	75.91
2010	35	7	0	-1.7	102	0	0	7.15	74.03
2010	35	8	0	-1.7	102	0	92.5	6.26	68.09
2010	35	9	0	-1.1	102	0	268.5	9.83	65.63
2010	35	10	0	0	102	0	426.5	7.6	58.8
2010	35	11	0	0.6	102	0	538.5	6.26	57.11
2010	35	12	0	1.7	102	0	594	6.26	52.95
2010	35	13	0	1.7	102	0	587	6.71	53.67
2010	35	14	0	2.8	102	0	519	8.05	55.27
2010	35	15	0	3.3	102	0	396	6.26	58.33
2010	35	16	0	2.8	102	0	233.5	7.6	67.86
2010	35	17	0	2.8	102	0	63.5	5.81	68.29
2010	35	18	0	2.2	102	0	0	4.47	69.84
2010	35	19	0	2.2	102	0	0	6.26	70.66
2010	35	20	0	1.7	102	0	0	4.02	70.35
2010	35	21	0	1.7	102	0	0	6.26	75.34
2010	35	22	0	1.7	102	0	0	3.58	74.18
2010	35	23	0	1.1	102	0	0	2.68	71.98
2010	36	0	0	-0.6	102	0	0	2.68	75.8
2010	36	1	0	-1.7	102	0	0	2.68	74.93
2010	36	2	0	-0.6	102	0	0	1.34	74.06
2010	36	3	0	-0.6	102	0	0	3.13	78.35
2010	36	4	0	-1.1	102	0	0	2.68	76.97
2010	36	5	0	-1.1	102	0	0	4.02	75.72
2010	36	6	0	-1.7	102	0	0	2.68	74.82
2010	36	7	0	-1.1	102	0	0	3.13	76.69
2010	36	8	0	0	102	0	42.5	5.81	72.75
2010	36	9	0	0.6	102	0	113.5	4.92	69.7
2010	36	10	0	1.1	102	0	198	5.81	68.02
2010	36	11	0	1.7	102	0	297.5	2.24	65.93
2010	36	12	0	2.2	102	0	343	3.13	62
2010	36	13	0	2.8	102	0	309.5	2.68	66.38
2010	36	14	0	2.2	102	0	256.5	2.68	67.65
2010	36	15	0	2.2	101	0	165	3.13	73.61
2010	36	16	0	1.7	101	0	75	3.58	74.63
2010	36	17	0	1.1	101	0	15.5	3.13	72.04
2010	36	18	0	0.6	101	0	0	3.13	71.46
2010	36	19	0	1.1	101	0	0	2.24	73.22
2010	36	20	0	1.7	101	0	0	0.01	76.61
2010	36	21	0	1.1	101	0	0	2.68	79.73
2010	36	22	0	1.1	101	0	0	3.58	82.17
2010	36	23	0	1.1	101	0	0	4.47	84.07
2010	37	0	0	1.1	101	0	0	4.92	85.46
2010	37	1	0	0.6	101	0	0	4.47	85.31
2010	37	2	0	0	100	0	0	8.05	83.7
2010	37	3	0	-0.6	100	0	0	8.94	87
2010	37	4	0	-0.6	100	0	0	9.83	83.23
2010	37	5	0	-2.2	100	0	0	9.39	84.89
2010	37	6	0	-2.2	100	0	0	9.39	85.54
2010	37	7	0	-3.3	100	0	0	8.94	82.32
2010	37	8	0	-3.9	100	0.25	16	11.18	80.11
2010	37	9	0	-3.9	100	0	59.5	9.39	78.77
2010	37	10	0	-4.4	100	0	15	9.39	78.59
2010	37	11	0	-4.4	100	0.25	44.5	10.73	78.84
2010	37	12	0	-4.4	100	0	81	12.52	78.39
2010	37	13	0	-3.9	100	0	62	10.73	76.42
2010	37	14	0	-3.9	100	0	22.5	10.28	73.86
2010	37	15	0	-3.3	100	0	59.5	12.52	76.91
2010	37	16	0	-3.3	100	0	11.5	8.94	75.38
2010	37	17	0	-3.3	100	0	4.5	8.94	75.6
2010	37	18	0	-3.3	100	0	0	7.6	76.51
2010	37	19	0	-4.4	100	0	0	7.15	76.6
2010	37	20	0	-5	100	0	0	7.15	75.4
2010	37	21	0	-5	100	0	0	7.6	79.2
2010	37	22	0	-5	100	0	0	9.83	76.67
2010	37	23	0	-5.6	100	0	0	8.05	79.82
2010	38	0	0	-6.1	100	0	0	9.39	76.84
2010	38	1	0	-6.7	100	0	0	9.39	80.84
2010	38	2	0	-7.2	100	0	0	6.26	79.24
2010	38	3	0	-7.8	100	0	0	5.81	78.45
2010	38	4	0	-7.8	101	0	0	6.26	83.74
2010	38	5	0	-8.3	101	0	0	8.94	82.82
2010	38	6	0	-8.3	101	0	0	7.15	82.17
2010	38	7	0	-8.3	101	0	0	6.26	83.25
2010	38	8	0	-7.8	101	0	104.5	5.81	81.11
2010	38	9	0	-6.7	101	0	284	7.6	73.98
2010	38	10	0	-5	101	0	443	8.05	68.54
2010	38	11	0	-3.3	101	0	557	7.6	63.57
2010	38	12	0	-1.7	101	0	614.5	8.94	62.74
2010	38	13	0	-0.6	100	0	607.5	6.71	65.42
2010	38	14	0	0.6	100	0	540	7.6	67.06
2010	38	15	0	1.7	100	0	417	9.39	67.58
2010	38	16	0	1.1	101	0	252.5	9.39	66.9
2010	38	17	0	0.6	101	0	76	8.05	74.88
2010	38	18	0	-0.6	101	0	0	8.94	72.1
2010	38	19	0	-1.7	101	0	0	7.6	73.87
2010	38	20	0	-2.8	101	0	0	9.39	76.72
2010	38	21	0	-3.9	101	0	0	10.28	80.58
2010	38	22	0	-5	101	0	0	9.83	79.07
2010	38	23	0	-5	101	0	0	7.6	84.48
2010	39	0	0	-5	101	0	0	6.26	84.67
2010	39	1	0	-5	101	0	0	6.71	85.34
2010	39	2	0	-5	101	0	0	4.47	86.08
2010	39	3	0	-5	101	0	0	5.81	86.3
2010	39	4	0	-5	101	0	0	7.6	85.56
2010	39	5	0	-5	101	0	0	6.71	84.81
2010	39	6	0	-5	101	0	0	6.26	84.16
2010	39	7	0	-4.4	101	0	0	8.05	79.58
2010	39	8	0	-3.9	101	0	104	8.05	76.98
2010	39	9	0	-2.8	101	0	280.5	7.15	73.65
2010	39	10	0	-1.7	101	0	440	7.15	66.94
2010	39	11	0	-0.6	101	0	554.5	8.94	65.53
2010	39	12	0	1.7	101	0	611	7.15	68.57
2010	39	13	0	2.2	101	0	605	8.94	66.07
2010	39	14	0	2.8	101	0	537.5	7.15	67.5
2010	39	15	0	3.9	101	0	415.5	7.6	68.17
2010	39	16	0	3.3	101	0	252.5	7.6	73.28
2010	39	17	0	2.8	101	0	77.5	9.39	71.68
2010	39	18	0	1.7	101	0	0	9.39	75.5
2010	39	19	0	1.1	101	0	0	10.28	73.86
2010	39	20	0	1.1	101	0	0	6.71	78.12
2010	39	21	0	0.6	101	0	0	6.71	77.86
2010	39	22	0	0	101	0	0	9.39	84.18
2010	39	23	0	-1.1	101	0	0	9.83	84.38
2010	40	0	0	-1.7	101	0	0	8.05	84.11
2010	40	1	0	-1.7	101	0	0	7.15	83.75
2010	40	2	0	-1.7	101	0	0	4.02	90.15
2010	40	3	0	-1.7	101	0	0	4.47	90.14
2010	40	4	0	-1.7	101	0	0	5.81	89.7
2010	40	5	0	-2.2	101	0	0	4.02	88.97
2010	40	6	0	-2.2	101	0	0	3.58	94.93
2010	40	7	0	-2.2	101	0	0	4.02	89.67
2010	40	8	0	-1.1	101	0	103	4.47	80.74
2010	40	9	0	0	101	0	277.5	5.81	75.59
2010	40	10	0	1.7	101	0	433	4.02	72.92
2010	40	11	0	2.2	101	0	543.5	4.47	70.35
2010	40	12	0	3.9	101	0	597	2.68	67.15
2010	40	13	0	4.4	101	0	589	3.13	64.39
2010	40	14	0	3.9	101	0	392	4.47	68.88
2010	40	15	0	3.3	101	0	236	4.92	80.39
2010	40	16	0	3.3	101	0	126	4.47	85.87
2010	40	17	0	3.3	101	0	29.5	4.47	83.89
2010	40	18	0	2.2	101	0	0	4.02	90.23
2010	40	19	0	2.2	101	0	0	1.34	82.18
2010	40	20	0	2.2	100	0	0	2.68	87.76
2010	40	21	0	2.2	100	0	0	4.47	91.34
2010	40	22	0	0.6	100	0	0	4.92	94.32
2010	40	23	0	0	100	0.25	0	3.58	92.18
2010	41	0	0	0	100	0.25	0	1.34	88.9
2010	41	1	0	0	100	0.51	0	0.01	90.4
2010	41	2	0	0	100	0.51	0	2.24	93.2
2010	41	3	0	0	100	1.02	0	3.58	95.51
2010	41	4	0	0	99	1.02	0	4.02	97.21
2010	41	5	0	0	99	0.76	0	4.47	98.32
2010	41	6	0	0	99	0.51	0	6.71	99.01
2010	41	7	0	-0.6	99	1.02	0	6.26	99.41
2010	41	8	0	0	99	1.78	6	8.05	99.58
2010	41	9	0	0	98	1.52	28.5	6.71	99.44
2010	41	10	0	-0.6	98	1.27	181.5	9.39	99.26
2010	41	11	0	-0.6	98	0.51	42.5	9.39	98.98
2010	41	12	0	-0.6	98	0.25	61	12.52	98.99
2010	41	13	0	-0.6	98	0.51	37	13.41	99.29
2010	41	14	0	-0.6	98	1.02	54	12.96	100
2010	41	15	0	0	98	0.51	82	12.52	100
2010	41	16	0	0	98	0.76	33	8.94	100
2010	41	17	0	0	98	0.25	19.5	9.83	100
2010	41	18	0	0	98	0	0	10.73	97.72
2010	41	19	0	0	98	0.51	0	9.83	94.25
2010	41	20	0	-0.6	98	0.25	0	11.62	92.48
2010	41	21	0	-0.6	98	0.51	0	9.83	92.86
2010	41	22	0	-0.6	98	0.51	0	10.73	94.27
2010	41	23	0	0	99	0.25	0	14.31	94.66
2010	42	0	0	0	99	0.25	0	10.73	92.25
2010	42	1	0	0.6	99	0	0	11.62	88.24
2010	42	2	0	1.1	99	0	0	8.94	85.16
2010	42	3	0	0.6	99	0	0	8.05	82.58
2010	42	4	0	0	99	0	0	7.6	85.48
2010	42	5	0	-0.6	99	0	0	9.39	82.33
2010	42	6	0	-1.1	99	0	0	9.39	85.17
2010	42	7	0	-1.7	99	0	0	8.94	83.41
2010	42	8	0	-2.2	100	0	62	8.94	85.36
2010	42	9	0	-1.7	100	0	301.5	9.83	82.7
2010	42	10	0	-1.1	100	0	467	10.28	80.62
2010	42	11	0	0	100	0	586	7.6	84.07
2010	42	12	0	1.1	100	0	645	9.83	86.81
2010	42	13	0	1.7	100	0	639.5	9.39	88.88
2010	42	14	0	1.7	100	0	570	9.83	84.13
2010	42	15	0	2.2	100	0	443	9.39	90.58
2010	42	16	0	2.2	100	0	274	9.39	88.27
2010	42	17	0	2.2	100	0	90	8.05	82.46
2010	42	18	0	1.7	100	0	0	8.05	83.43
2010	42	19	0	1.1	100	0	0	8.05	85.69
2010	42	20	0	0.6	100	0	0	7.6	82.9
2010	42	21	0	0	100	0	0	10.73	86.81
2010	42	22	0	-1.1	100	0	0	8.94	84.15
2010	42	23	0	-2.2	100	0	0	7.6	87.49
2010	43	0	0	-2.2	100	0	0	7.6	84.54
2010	43	1	0	-3.3	100	0	0	7.6	88.69
2010	43	2	0	-3.3	100	0	0	4.92	85.73
2010	43	3	0	-3.3	100	0	0	4.92	89.59
2010	43	4	0	-3.3	100	0	0	6.26	87.42
2010	43	5	0	-3.3	100	0	0	6.26	84.76
2010	43	6	0	-3.3	100	0	0	5.81	88.05
2010	43	7	0	-3.3	101	0	0	3.13	82.34
2010	43	8	0	-2.8	101	0	124.5	6.26	80.6
2010	43	9	0	-2.2	101	0	312.5	6.26	76.12
2010	43	10	0	-1.1	101	0	478	7.6	75.52
2010	43	11	0	-0.6	101	0	595	8.94	74.4
2010	43	12	0	0.6	100	0	653.5	7.15	77.46
2010	43	13	0	1.1	100	0	647.5	7.15	79.64
2010	43	14	0	1.7	100	0	576.5	5.81	81.39
2010	43	15	0	2.2	100	0	448	6.71	82.39
2010	43	16	0	2.2	100	0	276.5	6.26	80.92
2010	43	17	0	2.2	100	0	91.5	4.92	79.11
2010	43	18	0	1.1	100	0	0	5.81	79.31
2010	43	19	0	1.1	100	0	0	5.81	80.66
2010	43	20	0	0.6	100	0	0	4.92	82.25
2010	43	21	0	0	100	0	0	6.26	78.63
2010	43	22	0	-1.1	100	0	0	6.71	82.41
2010	43	23	0	-2.2	100	0	0	6.26	81.66
2010	44	0	0	-1.7	100	0	0	5.81	82.26
2010	44	1	0	-2.8	100	0	0	3.58	81.69
2010	44	2	0	-3.3	100	0	0	4.47	80.6
2010	44	3	0	-3.3	100	0	0	3.58	80.15
2010	44	4	0	-3.3	100	0	0	4.02	83.72
2010	44	5	0	-3.9	100	0	0	5.81	83.83
2010	44	6	0	-3.9	100	0	0	5.81	79.05
2010	44	7	0	-3.9	100	0	0	4.92	81.16
2010	44	8	0	-3.9	100	0	56.5	6.26	80.49
2010	44	9	0	-3.9	100	0	219	7.6	78.01
2010	44	10	0	-2.8	100	0	279	5.81	75.13
2010	44	11	0	-2.2	100	0	313.5	4.02	77.97
2010	44	12	0	-1.7	99	0	400	5.81	75.34
2010	44	13	0	-1.7	99	0	442	8.05	77.51
2010	44	14	0	-0.6	99	0	440	6.26	78.54
2010	44	15	0	0	99	0	342	7.6	78.43
2010	44	16	0	-0.6	99	0	141.5	8.94	77.28
2010	44	17	0	-0.6	99	0	40	7.6	81.84
2010	44	18	0	-1.1	99	0	0	7.6	80.66
2010	44	19	0	-1.1	99	0	0	8.05	79.73
2010	44	20	0	-1.7	99	0	0	12.52	79.1
2010	44	21	0	-2.2	99	0	0	10.28	78.9
2010	44	22	0	-1.7	99	0	0	11.62	79.35
2010	44	23	0	-2.2	99	0	0	8.05	85.4
2010	45	0	0	-2.2	99	0	0	9.39	84.94
2010	45	1	0	-2.2	99	0	0	7.15	84.52
2010	45	2	0	-2.2	99	0	0	7.6	84.18
2010	45	3	0	-2.2	99	0	0	8.05	83.58
2010	45	4	0	-2.2	99	0	0	6.26	89.4
2010	45	5	0	-2.8	99	0	0	7.15	88.77
2010	45	6	0	-2.8	99	0	0	7.15	88.37
2010	45	7	0	-2.8	100	0	0	7.6	84.21
2010	45	8	0	-2.2	100	0	120.5	7.6	83.27
2010	45	9	0	-1.1	100	0	156.5	7.6	82.29
2010	45	10	0	0.6	100	0	306.5	7.6	81.95
2010	45	11	0	0.6	100	0	420.5	6.26	86.85
2010	45	12	0	2.2	100	0	435.5	8.05	84.23
2010	45	13	0	2.8	100	0	494.5	9.83	86.78
2010	45	14	0	2.8	100	0	573.5	9.39	88.57
2010	45	15	0	3.3	100	0	447.5	6.71	90.05
2010	45	16	0	3.9	100	0	279	7.6	90.63
2010	45	17	0	2.8	100	0	96	9.39	95.51
2010	45	18	0	2.2	100	0	0	9.39	93.18
2010	45	19	0	1.7	100	0	0	8.94	91.04
2010	45	20	0	1.1	100	0	0	9.39	88.33
2010	45	21	0	0.6	100	0	0	8.94	85.56
2010	45	22	0	0.6	100	0	0	8.94	89.66
2010	45	23	0	0	100	0	0	6.71	87.09
2010	46	0	0	0.6	100	0	0	7.15	90.25
2010	46	1	0	-0.6	100	0	0	8.05	86.61
2010	46	2	0	-1.1	100	0	0	8.94	89.72
2010	46	3	0	-1.7	100	0	0	8.05	86.7
2010	46	4	0	-2.2	100	0	0	8.94	84.56
2010	46	5	0	-2.2	100	0	0	7.15	90.25
2010	46	6	0	-2.8	100	0	0	7.15	89.07
2010	46	7	0	-2.8	100	0	6.5	5.81	90.02
2010	46	8	0	-2.8	100	0	130.5	6.26	83.32
2010	46	9	0	-1.7	100	0	320	7.6	82.25
2010	46	10	0	-0.6	100	0	489	6.71	81.07
2010	46	11	0	0.6	100	0	610	5.81	84.29
2010	46	12	0	0.6	100	0	669.5	7.15	79.63
2010	46	13	0	1.1	100	0	604	5.81	78.34
2010	46	14	0	2.2	100	0	586	7.6	77.09
2010	46	15	0	2.2	100	0	428	7.15	77.09
2010	46	16	0	1.7	100	0	192	4.02	82.88
2010	46	17	0	1.7	100	0	65	5.81	77.45
2010	46	18	0	2.2	100	0	0	4.47	77.89
2010	46	19	0	2.2	100	0	0	4.47	79.82
2010	46	20	0	1.1	100	0	0	4.02	82.79
2010	46	21	0	0.6	100	0	0	0.01	88.24
2010	46	22	0	0	100	0.25	0	2.68	94.64
2010	46	23	0	0	100	0.51	0	2.24	99.43
2010	47	0	0	0	100	1.27	0	2.68	100
2010	47	1	0	0	100	0.76	0	4.02	100
2010	47	2	0	0	99	1.52	0	4.47	98.91
2010	47	3	0	0	99	3.3	0	4.47	95.51
2010	47	4	0	0	99	0.25	0	3.13	92.41
2010	47	5	0	0	99	0.51	0	3.58	97.17
2010	47	6	0	0	99	0	0	3.58	96.18
2010	47	7	0	0	99	0.51	0.5	3.58	91.03
2010	47	8	0	0.6	99	0	14	3.58	92.63
2010	47	9	0	0	99	0.51	19.5	3.58	93.21
2010	47	10	0	0.6	99	0.25	104	3.13	93.89
2010	47	11	0	0.6	99	0.25	171.5	4.92	94.58
2010	47	12	0	1.1	99	0	199.5	5.81	95.4
2010	47	13	0	0.6	99	0	135	6.71	96.46
2010	47	14	0	0	99	0.25	259.5	6.26	97.28
2010	47	15	0	0	99	0.51	143	4.92	97.38
2010	47	16	0	0	99	1.02	58.5	6.26	95.65
2010	47	17	0	0	99	0.51	23.5	6.71	92.07
2010	47	18	0	0.6	99	0	0	6.71	88.44
2010	47	19	0	1.1	99	0	0	8.94	84.93
2010	47	20	0	0.6	99	0	0	9.39	88.01
2010	47	21	0	0	100	0	0	7.6	85.4
2010	47	22	0	-0.6	100	0	0	8.94	83.51
2010	47	23	0	-0.6	100	0	0	7.6	87.83
2010	48	0	0	-1.1	100	0	0	8.05	85.38
2010	48	1	0	-0.6	100	0	0	7.15	89.76
2010	48	2	0	-1.7	100	0	0	6.26	87.67
2010	48	3	0	-1.7	100	0	0	4.47	85.13
2010	48	4	0	-2.8	100	0	0	6.26	90.11
2010	48	5	0	-3.3	100	0	0	4.92	88.49
2010	48	6	0	-3.3	100	0	0	4.47	86.93
2010	48	7	0	-2.8	100	0	8.5	4.92	83.47
2010	48	8	0	-2.2	100	0	136.5	7.15	85.55
2010	48	9	0	-1.1	100	0	325	6.71	78.79
2010	48	10	0	-0.6	100	0	387.5	6.26	82.14
2010	48	11	0	0	100	0	470.5	7.15	84.08
2010	48	12	0	1.1	99	0	419	7.6	85.66
2010	48	13	0	0.6	99	0	364	8.05	86.64
2010	48	14	0	1.1	99	0	220.5	7.15	87.81
2010	48	15	0	1.1	99	0	94	7.15	89.24
2010	48	16	0	1.1	99	0	24.5	7.6	89.33
2010	48	17	0	1.1	99	0	8	7.15	88.33
2010	48	18	0	1.1	99	0	0	7.15	88.46
2010	48	19	0	1.1	99	0	0	6.71	88.26
2010	48	20	0	0	99	0	0	7.15	88
2010	48	21	0	0.6	99	0	0	7.6	87.54
2010	48	22	0	0	99	0	0	8.94	87.3
2010	48	23	0	0	99	0	0	9.83	87.09
2010	49	0	0	0	99	0	0	9.83	92.84
2010	49	1	0	0	99	0	0	9.39	91.81
2010	49	2	0	0	99	0	0	6.71	91.03
2010	49	3	0	0	99	0	0	5.81	89.78
2010	49	4	0	0	99	0	0	4.92	87.83
2010	49	5	0	0.6	99	0	0	5.81	85.74
2010	49	6	0	0.6	99	0	0	7.6	90.82
2010	49	7	0	1.1	99	0	10	8.94	87.77
2010	49	8	0	1.1	100	0	143	7.15	88.56
2010	49	9	0	1.7	100	0	331.5	8.94	86.6
2010	49	10	0	2.8	100	0	496	9.39	83.4
2010	49	11	0	3.3	100	0	397	8.05	85.5
2010	49	12	0	3.9	100	0	465.5	8.05	80.72
2010	49	13	0	3.9	100	0	598	10.28	81.02
2010	49	14	0	4.4	100	0	336.5	11.18	81.01
2010	49	15	0	3.9	100	0	184.5	10.28	80.72
2010	49	16	0	4.4	100	0	138.5	7.6	86.34
2010	49	17	0	4.4	100	0	109	6.26	91.86
2010	49	18	0	3.9	100	0	0	9.39	91.1
2010	49	19	0	2.8	100	0	0	4.47	95.64
2010	49	20	0	2.8	100	0	0	6.71	92.6
2010	49	21	0	2.2	100	0	0	8.94	89.43
2010	49	22	0	2.2	100	0	0	8.94	87.45
2010	49	23	0	1.7	100	0	0	6.26	86.47
2010	50	0	0	1.7	100	0	0	7.15	85.89
2010	50	1	0	2.2	100	0	0	8.05	85.53
2010	50	2	0	2.2	100	0	0	7.15	85.06
2010	50	3	0	2.2	100	0	0	6.71	84.48
2010	50	4	0	2.2	100	0	0	10.28	83.53
2010	50	5	0	1.7	100	0	0	6.71	82.76
2010	50	6	0	2.2	100	0	0	7.15	82.97
2010	50	7	0	2.2	100	0	2.5	7.6	86.42
2010	50	8	0	2.8	100	0	29	9.83	85.17
2010	50	9	0	3.3	100	0	87	7.6	82.28
2010	50	10	0	3.9	100	0	279	10.28	78.87
2010	50	11	0	4.4	100	0	292.5	10.28	75.3
2010	50	12	0	5	100	0	431.5	11.62	76.19
2010	50	13	0	5	100	0	518	11.18	76.89
2010	50	14	0	5.6	100	0	504	10.73	77.67
2010	50	15	0	5.6	100	0	470.5	11.18	77.93
2010	50	16	0	6.1	100	0	299.5	9.83	83.42
2010	50	17	0	5.6	100	0	112.5	10.73	87.88
2010	50	18	0	5	100	0	0	10.73	86.77
2010	50	19	0	5	101	0	0	10.73	91.66
2010	50	20	0	4.4	101	0	0	9.39	89.85
2010	50	21	0	4.4	101	0	0	7.15	88.3
2010	50	22	0	3.9	101	0	0	9.83	87.37
2010	50	23	0	3.3	101	0	0	9.39	93.68
2010	51	0	0	2.8	101	0	0	7.15	93.52
2010	51	1	0	2.8	101	0	0	7.6	92.62
2010	51	2	0	2.2	101	0	0	7.15	91.98
2010	51	3	0	2.2	101	0	0	6.26	91.55
2010	51	4	0	2.2	101	0	0	6.26	91.09
2010	51	5	0	2.2	101	0	0	3.58	90.5
2010	51	6	0	1.7	101	0	0	6.26	89.74
2010	51	7	0	1.7	101	0	12	4.02	92.28
2010	51	8	0	2.2	101	0	148.5	4.47	87.57
2010	51	9	0	3.3	101	0	337	7.15	78
2010	51	10	0	3.9	101	0	502	7.15	75.83
2010	51	11	0	4.4	101	0	541.5	8.05	74.05
2010	51	12	0	5	101	0	592	8.94	76.95
2010	51	13	0	6.1	101	0	673.5	8.94	73.42
2010	51	14	0	6.1	101	0	577.5	12.52	73.66
2010	51	15	0	7.2	101	0	442	7.15	78.81
2010	51	16	0	6.7	101	0	301	8.05	83.17
2010	51	17	0	6.1	101	0	113	9.83	90.32
2010	51	18	0	5.6	101	0	0	5.81	94.39
2010	51	19	0	5.6	101	0	0	8.05	92.01
2010	51	20	0	5	101	0	0	4.92	96.65
2010	51	21	0	5	101	0	0	5.81	95.03
2010	51	22	0	4.4	101	0	0	6.26	93.99
2010	51	23	0	3.9	101	0	0	5.81	93.21
2010	52	0	0	3.9	101	0	0	4.47	92.36
2010	52	1	0	3.3	101	0	0	4.92	91.47
2010	52	2	0	3.3	101	0	0	6.71	90.63
2010	52	3	0	2.8	101	0	0	5.81	89.97
2010	52	4	0	1.7	101	0	0	3.58	89.2
2010	52	5	0	0.6	101	0	0	4.92	88.51
2010	52	6	0	1.1	101	0	0	6.26	87.08
2010	52	7	0	0.6	101	0	14	7.15	87.8
2010	52	8	0	1.1	101	0	156	6.71	80.62
2010	52	9	0	2.2	101	0	348.5	6.71	72.21
2010	52	10	0	2.8	101	0	517.5	8.94	65.92
2010	52	11	0	5	101	0	638	4.92	61.75
2010	52	12	0	6.1	101	0	698	10.28	58.43
2010	52	13	0	6.7	101	0	692.5	7.6	59.39
2010	52	14	0	7.8	101	0	621	8.94	60.65
2010	52	15	0	7.8	101	0	491	7.6	62.15
2010	52	16	0	7.8	101	0	317	10.28	73.4
2010	52	17	0	7.8	101	0	124.5	10.73	75.99
2010	52	18	0	6.1	101	0	0	9.39	80.74
2010	52	19	0	6.1	101	0	0	8.94	85.94
2010	52	20	0	5	101	0	0	7.6	84.27
2010	52	21	0	4.4	101	0	0	6.71	81.92
2010	52	22	0	3.3	101	0	0	8.05	79.65
2010	52	23	0	2.8	101	0	0	6.71	84.82
2010	53	0	0	1.7	101	0	0	8.05	84.17
2010	53	1	0	1.1	101	0	0	4.92	83.49
2010	53	2	0	0	101	0	0	4.47	82.75
2010	53	3	0	-1.1	101	0	0	3.58	82.07
2010	53	4	0	-1.1	101	0	0	3.58	87.83
2010	53	5	0	-1.7	101	0	0	3.13	87.46
2010	53	6	0	-1.7	101	0	0	4.92	86.07
2010	53	7	0	-1.7	101	0	16	4.02	80.78
2010	53	8	0	-0.6	101	0	162	6.71	76.33
2010	53	9	0	1.1	101	0	310.5	4.92	73.14
2010	53	10	0	2.8	101	0	513	3.13	70.82
2010	53	11	0	4.4	101	0	544	3.13	68.79
2010	53	12	0	5.6	101	0	563	0.01	66.08
2010	53	13	0	5.6	101	0	475.5	4.92	67.62
2010	53	14	0	4.4	101	0	446	2.68	70.51
2010	53	15	0	5	101	0	184.5	2.24	79.58
2010	53	16	0	4.4	101	0	69.5	2.24	84.56
2010	53	17	0	3.3	101	0	21.5	2.68	89.96
2010	53	18	0	3.3	101	0	0	4.47	91.69
2010	53	19	0	3.3	101	0	0	4.47	94.12
2010	53	20	0	2.8	101	0	0	2.68	96.29
2010	53	21	0	3.3	101	0	0	4.02	98.85
2010	53	22	0	3.3	101	0	0	5.81	100
2010	53	23	0	3.3	101	0.25	0	4.47	100
2010	54	0	0	3.3	101	0.76	0	4.02	100
2010	54	1	0	2.8	100	0.51	0	6.71	97.35
2010	54	2	0	2.8	100	0	0	7.6	98.12
2010	54	3	0	2.8	100	0.25	0	4.92	98.91
2010	54	4	0	2.8	100	0	0	7.6	99.34
2010	54	5	0	2.2	100	0.25	0	6.71	99.21
2010	54	6	0	2.2	100	0	0	4.92	98.56
2010	54	7	0	2.2	100	0.25	14.5	6.71	100
2010	54	8	0	2.2	100	1.52	21.5	5.81	100
2010	54	9	0	2.8	100	2.03	40	6.71	97.22
2010	54	10	0	2.8	100	1.78	51.5	6.26	97.26
2010	54	11	0	2.8	100	0.51	84	6.26	96.96
2010	54	12	0	3.3	100	1.52	66	7.15	96.42
2010	54	13	0	3.9	100	0.25	150.5	6.71	100
2010	54	14	0	3.9	100	0	52	7.15	100
2010	54	15	0	3.9	100	0.25	51	6.71	100
2010	54	16	0	3.9	100	0.25	19	6.26	100
2010	54	17	0	2.8	100	2.29	15	6.71	97.46
2010	54	18	0	2.8	100	2.54	0.5	6.26	97.86
2010	54	19	0	2.8	100	2.03	0	7.6	98.33
2010	54	20	0	2.8	100	2.29	0	8.05	98.96
2010	54	21	0	2.8	100	1.78	0	4.92	100
2010	54	22	0	3.3	100	2.54	0	6.71	100
2010	54	23	0	3.3	100	2.79	0	8.05	100
2010	55	0	0	3.3	100	3.05	0	3.58	100
2010	55	1	0	3.9	100	6.1	0	3.58	100
2010	55	2	0	3.3	100	3.81	0	6.26	98.8
2010	55	3	0	3.3	100	1.02	0	4.92	100
2010	55	4	0	3.3	100	0.51	0	4.92	100
2010	55	5	0	3.9	100	0	0	7.15	100
2010	55	6	0	3.9	100	0.51	0	7.15	100
2010	55	7	0	3.3	100	0.25	15.5	6.71	97.42
2010	55	8	0	3.3	100	0.25	148.5	7.15	98.42
2010	55	9	0	3.9	100	0	323	6.26	99.21
2010	55	10	0	3.9	100	0	477	7.15	99.85
2010	55	11	0	4.4	100	0	588.5	7.15	100
2010	55	12	0	4.4	100	0	92.5	5.81	94.37
2010	55	13	0	3.9	100	0	127	6.26	94.89
2010	55	14	0	5	100	0	239	6.71	94.8
2010	55	15	0	5	100	0	82	6.26	94.21
2010	55	16	0	5	100	0	57.5	6.26	93.75
2010	55	17	0	5	100	0	4.5	4.02	97.04
2010	55	18	0	5	100	0	0	3.58	95.63
2010	55	19	0	5	100	0	0	3.58	95.19
2010	55	20	0	4.4	100	0	0	3.58	100
2010	55	21	0	3.9	100	0	0	3.58	98.38
2010	55	22	0	3.9	100	0	0	4.02	100
2010	55	23	0	3.3	100	0	0	4.02	100
2010	56	0	0	3.3	100	0	0	3.13	97.84
2010	56	1	0	3.3	100	0	0	1.34	97.78
2010	56	2	0	2.8	100	0	0	0.01	96.97
2010	56	3	0	2.8	100	0	0	0.01	97.03
2010	56	4	0	2.8	100	0	0	0.01	100
2010	56	5	0	2.8	100	1.02	0	1.34	100
2010	56	6	0	2.2	100	1.78	0	2.24	100
2010	56	7	0	2.2	99	2.29	1	0.01	100
2010	56	8	0	2.2	99	3.05	26	0.01	98.18
2010	56	9	0	2.2	99	2.29	43	4.47	99.45
2010	56	10	0	1.7	99	2.54	32	2.68	100
2010	56	11	0	0.6	99	2.54	33	4.47	100
2010	56	12	0	0.6	99	2.54	52.5	4.92	100
2010	56	13	0	1.1	99	3.05	350	5.81	100
2010	56	14	0	1.1	99	3.05	573.5	8.94	100
2010	56	15	0	0.6	98	3.56	11	6.71	100
2010	56	16	0	0	98	4.32	6	5.81	98.77
2010	56	17	0	0.6	98	1.52	6	7.15	100
2010	56	18	0	0.6	98	0.76	0	7.6	100
2010	56	19	0	0.6	98	0.25	0	8.05	100
2010	56	20	0	0	98	0.76	0	7.6	94.62
2010	56	21	0	0	98	0.25	0	9.83	92.19
2010	56	22	0	-1.1	98	0.51	0	8.05	91.65
2010	56	23	0	-2.2	97	2.03	0	8.94	88.76
2010	57	0	0	-2.2	97	1.78	0	12.52	87.74
2010	57	1	0	-2.8	97	3.81	0	14.31	86.86
2010	57	2	0	-3.3	97	3.05	0	14.75	86.39
2010	57	3	0	-2.8	97	2.29	0	11.62	86.7
2010	57	4	0	-3.3	97	2.79	0	12.96	87.4
2010	57	5	0	-3.9	97	2.03	0	10.73	88.8
2010	57	6	0	-3.9	97	3.05	0	11.18	90.91
2010	57	7	0	-3.9	97	3.81	6.5	11.62	88.14
2010	57	8	0	-3.3	98	0.76	27.5	10.28	93.37
2010	57	9	0	-2.2	98	0	32.5	9.39	90
2010	57	10	0	-1.7	98	0	108	7.6	90.84
2010	57	11	0	-1.1	98	0	186.5	4.47	89.82
2010	57	12	0	-0.6	98	0	169	4.92	89.57
2010	57	13	0	0	98	0	261.5	4.92	90.09
2010	57	14	0	0	98	0	286.5	7.6	91.62
2010	57	15	0	0.6	99	0	156	7.6	93.09
2010	57	16	0	0.6	99	0	75.5	4.47	94.6
2010	57	17	0	0	99	0	64.5	3.58	95.26
2010	57	18	0	0.6	99	0	3.5	4.47	95.2
2010	57	19	0	0.6	99	0	0	4.02	94.05
2010	57	20	0	1.1	99	0	0	4.92	92.1
2010	57	21	0	0.6	99	0	0	4.47	90
2010	57	22	0	0.6	99	0	0	4.47	93.96
2010	57	23	0	0.6	99	0	0	4.92	91.16
2010	58	0	0	0	99	0	0	6.71	88.66
2010	58	1	0	-0.6	99	0	0	7.15	92.71
2010	58	2	0	-0.6	99	0	0	5.81	90.24
2010	58	3	0	-1.1	99	0	0	4.92	94.44
2010	58	4	0	-0.6	99	0	0	4.92	91.7
2010	58	5	0	-1.1	99	0	0	4.47	88.42
2010	58	6	0	-1.1	99	0	0	7.15	92.07
2010	58	7	0	-1.1	99	0	22.5	6.71	88.97
2010	58	8	0	-1.1	99	0	11.5	6.26	90.38
2010	58	9	0	-0.6	99	0	178	6.26	86.33
2010	58	10	0	-0.6	99	0	269.5	6.71	93.2
2010	58	11	0	0	99	0	323.5	5.81	96.51
2010	58	12	0	0.6	99	0	496	4.02	91.64
2010	58	13	0	1.1	99	0	482.5	4.92	92.58
2010	58	14	0	1.7	99	0	337	5.81	93.39
2010	58	15	0	1.7	99	0	215	5.81	94.46
2010	58	16	0	1.7	100	0	237	4.92	95.77
2010	58	17	0	2.2	100	0	139	3.58	93.35
2010	58	18	0	1.7	100	0	9	4.02	96.42
2010	58	19	0	2.2	100	0	0	4.02	92.18
2010	58	20	0	2.2	100	0	0	6.71	91.88
2010	58	21	0	2.2	100	0	0	6.26	93.92
2010	58	22	0	2.2	100	0	0	4.02	94.47
2010	58	23	0	2.2	100	0	0	4.47	93.22
2010	59	0	0	1.1	100	0	0	3.13	91.07
2010	59	1	0	1.1	100	0	0	3.13	95.98
2010	59	2	0	0.6	100	0	0	1.34	94.62
2010	59	3	0	-0.6	100	0	0	1.34	93.81
2010	59	4	0	-0.6	100	0	0	2.24	94.07
2010	59	5	0	0	100	0	0	2.24	94.98
2010	59	6	0	0	100	0	0	1.34	94.75
2010	59	7	0	0	100	0	24	1.34	89.85
2010	59	8	0	1.1	100	0	121.5	1.34	94.86
2010	59	9	0	1.7	100	0	374.5	3.13	90.65
2010	59	10	0	2.2	100	0	542	3.13	90.62
2010	59	11	0	3.3	100	0	353	2.68	85.59
2010	59	12	0	3.9	100	0	275	3.13	86.32
2010	59	13	0	2.8	100	0	182	3.58	86.81
2010	59	14	0	3.3	100	0	376	4.02	87.45
2010	59	15	0	3.9	100	0	344.5	3.58	88.41
2010	59	16	0	3.3	100	0	77.5	4.47	89.97
2010	59	17	0	3.3	100	0	14	5.81	98.27
2010	59	18	0	3.3	100	0	9	2.68	97.12
2010	59	19	0	3.3	100	0	0	3.13	99.56
2010	59	20	0	3.3	100	0	0	3.58	100
2010	59	21	0	3.3	100	0	0	5.81	99.48
2010	59	22	0	2.8	100	0	0	4.47	98.63
2010	59	23	0	2.8	100	0	0	8.05	98.6
2010	60	0	0	3	100	0	0	8.94	97.72
2010	60	1	0	2.8	100	0	0	9.39	96.1
2010	60	2	0	2.2	100	0	0	7.15	93.05
2010	60	3	0	2.2	100	0	0	9.83	91.04
2010	60	4	0	2.2	100	0	0	8.05	90.03
2010	60	5	0	2.8	100	0	0	7.6	90
2010	60	6	0	2.8	100	0	0	8.05	90.99
2010	60	7	0	3.3	100	0	29	9.39	95.61
2010	60	8	0	3.9	100	0	156	9.83	94.83
2010	60	9	0	4.4	100	0	392.5	10.28	90.41
2010	60	10	0	5.6	100	0	557.5	10.73	85.01
2010	60	11	0	6.7	100	0	673	12.52	80.36
2010	60	12	0	7.8	100	0	650.5	10.73	81.45
2010	60	13	0	8.3	100	0	723	11.18	82.42
2010	60	14	0	8.9	100	0	651.5	10.73	83.03
2010	60	15	0	9.4	100	0	521.5	10.28	83.42
2010	60	16	0	8.9	100	0	347.5	11.18	89.36
2010	60	17	0	7.8	100	0	153.5	9.83	93.47
2010	60	18	0	7.2	100	0	12.5	10.28	91.58
2010	60	19	0	6.1	100	0	0	7.15	96.91
2010	60	20	0	5.6	101	0	0	8.94	95.09
2010	60	21	0	5	101	0	0	8.94	93.08
2010	60	22	0	4.4	101	0	0	6.71	98.28
2010	60	23	0	4.4	101	0	0	5.81	96.63
2010	61	0	0	3.9	101	0	0	4.47	95.07
2010	61	1	0	3.3	101	0	0	4.02	93.71
2010	61	2	0	2.8	101	0	0	4.02	92.73
2010	61	3	0	2.2	101	0	0	4.02	91.99
2010	61	4	0	2.2	101	0	0	3.13	91.17
2010	61	5	0	1.7	101	0	0	3.13	91.06
2010	61	6	0	1.1	101	0	0	3.13	90.56
2010	61	7	0	2.2	101	0	29.5	3.13	95.94
2010	61	8	0	3.9	101	0	143	4.92	89.31
2010	61	9	0	5.6	101	0	313.5	4.92	88.28
2010	61	10	0	6.7	101	0	491	4.02	83.99
2010	61	11	0	8.3	101	0	572.5	2.68	78.63
2010	61	12	0	7.8	101	0	549.5	1.34	72.42
2010	61	13	0	7.8	101	0	426	4.02	77.83
2010	61	14	0	6.7	100	0	405.5	4.02	79.81
2010	61	15	0	6.7	100	0	358	5.81	83.83
2010	61	16	0	5.6	101	0	179	4.02	90.63
2010	61	17	0	5	101	0	69	3.13	94.25
2010	61	18	0	4.4	100	0	5	2.68	100
2010	61	19	0	4.4	100	0	0	1.34	100
2010	61	20	0	3.9	100	0	0	2.68	100
2010	61	21	0	3.9	100	0	0	3.13	100
2010	61	22	0	3.9	100	0	0	4.02	100
2010	61	23	0	3.9	100	0	0	4.02	100
2010	62	0	0	3.9	100	0	0	3.13	99
2010	62	1	0	3.3	100	0	0	3.13	98.01
2010	62	2	0	3.3	100	0	0	4.47	96.92
2010	62	3	0	2.8	100	0	0	6.71	100
2010	62	4	0	2.2	100	0	0	6.26	100
2010	62	5	0	2.2	100	0	0	6.71	100
2010	62	6	0	1.1	100	0.51	0	6.26	98.69
2010	62	7	0	1.1	100	0	4	8.05	98.51
2010	62	8	0	1.7	100	0	25.5	7.6	99.17
2010	62	9	0	1.7	100	0.25	169.5	8.05	99.95
2010	62	10	0	2.2	100	0	74.5	11.62	93.41
2010	62	11	0	3.3	100	0	142	11.18	92.97
2010	62	12	0	3.9	100	0	168.5	10.28	86.19
2010	62	13	0	3.9	99	0	272	12.96	86.1
2010	62	14	0	4.4	99	0	122	9.39	86.33
2010	62	15	0	4.4	99	0	122.5	9.83	87.51
2010	62	16	0	4.4	100	0	100	8.94	89.49
2010	62	17	0	4.4	100	0	19.5	8.94	96.03
2010	62	18	0	3.9	100	0	1.5	7.15	95.71
2010	62	19	0	4.4	100	0	0	6.26	100
2010	62	20	0	3.9	100	0	0	4.92	100
2010	62	21	0	4.4	100	0	0	4.92	100
2010	62	22	0	4.4	100	0	0	6.26	100
2010	62	23	0	4.4	100	0	0	7.6	100
2010	63	0	0	4.4	100	0	0	7.15	100
2010	63	1	0	3.3	100	0	0	8.05	99.59
2010	63	2	0	3.3	100	0	0	6.26	98.3
2010	63	3	0	2.8	100	0	0	6.71	96.93
2010	63	4	0	2.8	100	0	0	7.15	95.47
2010	63	5	0	2.8	100	0	0	7.6	100
2010	63	6	0	2.2	100	0	0	7.6	98.94
2010	63	7	0	2.8	100	0	18	6.26	93.61
2010	63	8	0	3.3	100	0	90	6.71	87.33
2010	63	9	0	3.9	100	0	178.5	8.05	79.05
2010	63	10	0	5.6	100	0	304.5	9.83	72.4
2010	63	11	0	6.1	100	0	406	7.6	68.14
2010	63	12	0	7.8	100	0	476.5	8.05	69.56
2010	63	13	0	8.9	100	0	467.5	6.71	70.9
2010	63	14	0	8.9	100	0	412.5	6.71	71.71
2010	63	15	0	8.3	100	0	270.5	6.71	72.28
2010	63	16	0	8.3	100	0	163.5	8.05	78.06
2010	63	17	0	7.2	100	0	75	7.6	83.61
2010	63	18	0	6.7	100	0	7	6.71	90.57
2010	63	19	0	6.1	100	0	0	7.15	90.42
2010	63	20	0	5.6	100	0	0	10.28	95.87
2010	63	21	0	5	100	0	0	8.05	94.44
2010	63	22	0	3.3	100	0	0	8.05	92.91
2010	63	23	0	3.3	100	0	0	6.71	91.41
2010	64	0	0	2.2	101	0	0	6.26	97.05
2010	64	1	0	1.7	101	0	0	6.71	96.18
2010	64	2	0	1.7	101	0	0	5.81	95.89
2010	64	3	0	2.2	101	0	0	6.71	95.96
2010	64	4	0	2.2	101	0	0	5.81	96.09
2010	64	5	0	2.2	101	0	0	4.02	95.95
2010	64	6	0	2.8	101	0	0	6.71	96.15
2010	64	7	0	2.2	101	0	13.5	6.71	90.35
2010	64	8	0	1.7	101	0	68.5	6.26	89.49
2010	64	9	0	1.7	101	0	317	6.71	79.99
2010	64	10	0	2.8	101	0	367	5.81	77.02
2010	64	11	0	5	101	0	465	6.71	71.5
2010	64	12	0	7.2	101	0	537	7.15	67.46
2010	64	13	0	7.2	101	0	507	7.15	69.2
2010	64	14	0	8.9	101	0	507	9.39	71.6
2010	64	15	0	8.3	101	0	335.5	7.15	74.55
2010	64	16	0	7.8	101	0	258.5	8.94	77.2
2010	64	17	0	7.2	101	0	115.5	9.39	83.01
2010	64	18	0	6.1	101	0	11.5	4.47	87.94
2010	64	19	0	6.1	101	0	0	7.15	92.72
2010	64	20	0	5.6	101	0	0	6.71	90.52
2010	64	21	0	4.4	101	0	0	8.05	94.46
2010	64	22	0	4.4	101	0	0	7.6	92.04
2010	64	23	0	3.3	101	0	0	8.05	89.55
2010	65	0	0	2.8	101	0	0	5.81	86.55
2010	65	1	0	1.1	101	0	0	4.92	89.7
2010	65	2	0	0.6	101	0	0	4.92	86.56
2010	65	3	0	0.6	101	0	0	5.81	83.46
2010	65	4	0	0	101	0	0	6.26	85.55
2010	65	5	0	-0.6	101	0	0	4.92	82.94
2010	65	6	0	-0.6	101	0	0	4.92	82.13
2010	65	7	0	0	101	0	41	4.47	73.24
2010	65	8	0	2.2	102	0	229	5.81	70.23
2010	65	9	0	4.4	102	0	425	6.71	62.41
2010	65	10	0	5.6	101	0	589.5	6.71	59.59
2010	65	11	0	7.8	101	0	702	5.81	55.43
2010	65	12	0	8.9	101	0	755.5	5.81	55.41
2010	65	13	0	10	101	0	745.5	5.81	57.95
2010	65	14	0	11.1	101	0	671.5	9.39	60.81
2010	65	15	0	12.2	101	0	540	7.15	64.15
2010	65	16	0	12.2	101	0	366.5	6.71	74.08
2010	65	17	0	12.2	101	0	173	5.81	82.59
2010	65	18	0	10.6	101	0	19	6.71	85.65
2010	65	19	0	10	101	0	0	4.02	89.54
2010	65	20	0	9.4	101	0	0	6.71	86.08
2010	65	21	0	8.9	101	0	0	6.71	88.67
2010	65	22	0	7.8	101	0	0	6.26	85.67
2010	65	23	0	6.7	101	0	0	5.81	90.09
2010	66	0	0	5.6	101	0	0	5.81	88.68
2010	66	1	0	3.9	101	0	0	3.58	87.42
2010	66	2	0	3.3	101	0	0	3.13	86.29
2010	66	3	0	2.8	101	0	0	3.58	85.38
2010	66	4	0	2.8	101	0	0	2.68	84.61
2010	66	5	0	2.2	101	0	0	4.47	83.86
2010	66	6	0	3.3	101	0	0	6.26	84.3
2010	66	7	0	3.3	101	0	44.5	4.02	81.65
2010	66	8	0	5.6	101	0	219	4.02	73.57
2010	66	9	0	7.2	101	0	407	4.47	70.2
2010	66	10	0	8.9	101	0	568	4.47	72.6
2010	66	11	0	11.7	101	0	680.5	6.71	69.06
2010	66	12	0	11.7	101	0	730	7.6	68.26
2010	66	13	0	12.8	101	0	720	6.26	70.91
2010	66	14	0	13.3	101	0	648.5	6.26	68.31
2010	66	15	0	14.4	101	0	517.5	5.81	70.53
2010	66	16	0	14.4	101	0	348.5	6.26	78.41
2010	66	17	0	13.3	101	0	160.5	7.15	89.37
2010	66	18	0	12.2	101	0	17	5.81	91.53
2010	66	19	0	12.2	101	0	0	4.47	96.78
2010	66	20	0	11.7	101	0	0	4.47	95.04
2010	66	21	0	10.6	101	0	0	4.92	99.46
2010	66	22	0	10	101	0	0	5.81	96.97
2010	66	23	0	8.3	101	0	0	3.13	100
2010	67	0	0	3.9	101	0	0	3.13	100
2010	67	1	0	8.9	101	0	0	4.47	98.66
2010	67	2	0	6.1	101	0	0	4.02	100
2010	67	3	0	8.3	101	0	0	7.15	95.19
2010	67	4	0	7.2	101	0	0	6.26	91.77
2010	67	5	0	6.1	101	0	0	3.58	89.87
2010	67	6	0	5.6	101	0	0	4.02	90.18
2010	67	7	0	6.1	101	0	48.5	5.81	88.35
2010	67	8	0	7.2	101	0	224.5	5.81	81.96
2010	67	9	0	8.9	101	0	413.5	6.26	72.49
2010	67	10	0	10.6	101	0	573	5.81	72.62
2010	67	11	0	12.2	101	0	685	4.47	66.77
2010	67	12	0	13.3	101	0	738.5	4.92	65.1
2010	67	13	0	15	100	0	727.5	7.15	62.78
2010	67	14	0	16.1	100	0	652.5	6.71	64.08
2010	67	15	0	16.7	100	0	522	8.94	69.91
2010	67	16	0	16.1	100	0	354.5	8.05	77.97
2010	67	17	0	15	100	0	167	7.6	84.81
2010	67	18	0	13.9	101	0	19	6.71	86.76
2010	67	19	0	13.3	101	0	0	7.15	84.58
2010	67	20	0	12.8	101	0	0	6.26	88.07
2010	67	21	0	12.8	101	0	0	8.05	91.65
2010	67	22	0	11.7	101	0	0	4.92	89.11
2010	67	23	0	10.6	101	0	0	3.58	93.08
2010	68	0	0	7.2	101	0	0	2.24	90.02
2010	68	1	0	9.4	101	0	0	4.47	93.1
2010	68	2	0	10	101	0	0	6.71	90.39
2010	68	3	0	8.9	101	0	0	7.15	95.25
2010	68	4	0	8.3	101	0	0	4.47	94.14
2010	68	5	0	7.2	101	0	0	4.47	93.6
2010	68	6	0	7.2	101	0	0	4.47	94.31
2010	68	7	0	6.7	101	0	51.5	3.13	86.89
2010	68	8	0	8.3	101	0	231	4.92	82.39
2010	68	9	0	11.1	101	0	421	4.92	74.58
2010	68	10	0	12.2	101	0	580.5	6.71	65.04
2010	68	11	0	12.8	101	0	691.5	4.02	61.95
2010	68	12	0	14.4	101	0	743.5	4.92	63.36
2010	68	13	0	15.6	101	0	732	7.15	60.5
2010	68	14	0	15.6	101	0	656.5	6.26	61.58
2010	68	15	0	16.1	101	0	526	5.81	62.94
2010	68	16	0	16.1	101	0	357.5	7.6	70.33
2010	68	17	0	15.6	101	0	168.5	4.47	70.95
2010	68	18	0	10.6	101	0	19.5	4.47	70.38
2010	68	19	0	8.9	101	0	0	4.92	69.89
2010	68	20	0	8.9	101	0	0	7.15	75.1
2010	68	21	0	7.2	101	0	0	0.01	80.73
2010	68	22	0	5	101	0	0	2.24	86.41
2010	68	23	0	5.6	101	0	0	1.34	91.95
2010	69	0	0	5	101	0	0	0.01	90.78
2010	69	1	0	4.4	101	0	0	0.01	95.57
2010	69	2	0	3.3	101	0	0	2.24	93.31
2010	69	3	0	3.3	101	0	0	2.68	97.62
2010	69	4	0	3.9	101	0	0	1.34	95.41
2010	69	5	0	3.9	101	0	0	3.13	100
2010	69	6	0	3.9	101	0	0	2.68	99.56
2010	69	7	0	4.4	101	0	40	0.01	89.95
2010	69	8	0	7.2	101	0	177	0.01	88.48
2010	69	9	0	9.4	101	0	2	2.68	81.72
2010	69	10	0	11.1	101	0	456	3.58	79.45
2010	69	11	0	11.1	101	0	537	2.24	81.54
2010	69	12	0	11.1	101	0	525	4.47	77.8
2010	69	13	0	11.1	101	0	552	4.47	78.52
2010	69	14	0	11.1	101	0	426.5	4.47	79.49
2010	69	15	0	10.6	101	0	344.5	4.47	80.27
2010	69	16	0	9.4	101	0	42	4.47	89.1
2010	69	17	0	8.3	101	0	25.5	3.13	99.01
2010	69	18	0	7.8	101	0	14	3.13	100
2010	69	19	0	7.2	101	0	0	3.13	99.86
2010	69	20	0	6.7	101	0	0	3.13	100
2010	69	21	0	6.1	101	0	0	2.68	100
2010	69	22	0	6.1	101	0	0	2.24	100
2010	69	23	0	6.7	101	0	0	2.68	100
2010	70	0	0	7.2	101	0	0	3.13	100
2010	70	1	0	6.7	101	0	0	1.34	100
2010	70	2	0	6.1	101	0	0	2.24	100
2010	70	3	0	6.7	101	0	0	3.13	100
2010	70	4	0	7.2	101	0	0	4.02	100
2010	70	5	0	7.2	101	0	0	3.58	100
2010	70	6	0	7.8	101	0	0	3.13	100
2010	70	7	0	7.8	101	0	2.5	3.13	100
2010	70	8	0	8.9	101	0	30	3.58	100
2010	70	9	0	10.6	101	0	65.5	5.81	93.28
2010	70	10	0	10	101	0	83	4.92	97.11
2010	70	11	0	10	101	0	176	4.92	93.18
2010	70	12	0	10	101	0	295	4.47	95.2
2010	70	13	0	10.6	101	0	293.5	4.92	96.34
2010	70	14	0	11.1	101	0	544.5	5.81	96.77
2010	70	15	0	10.6	101	0	439.5	4.92	95.99
2010	70	16	0	10	101	0	329.5	4.47	100
2010	70	17	0	8.9	101	0	49	4.92	100
2010	70	18	0	8.9	101	0	5.5	5.81	100
2010	70	19	0	8.3	101	0	0	4.92	100
2010	70	20	0	7.8	101	0	0	4.47	100
2010	70	21	0	7.2	101	0	0	4.02	98.42
2010	70	22	0	7.2	101	0	0	6.26	100
2010	70	23	0	7.2	101	0	0	2.68	100
2010	71	0	0	7.2	101	0	0	4.47	100
2010	71	1	0	6.1	101	0	0	4.47	100
2010	71	2	0	6.1	101	0	0	3.13	100
2010	71	3	0	6.1	101	0	0	3.58	100
2010	71	4	0	6.1	101	0	0	5.81	100
2010	71	5	0	6.1	101	0	0	4.92	100
2010	71	6	0	6.7	101	0	0	4.92	100
2010	71	7	0	6.7	101	0	1.5	4.47	100
2010	71	8	0	6.1	101	0.25	32.5	4.47	95.36
2010	71	9	0	6.1	101	0.25	22.5	4.02	96.71
2010	71	10	0	6.7	101	0	41	4.92	98.7
2010	71	11	0	8.3	101	0	64	7.15	94.61
2010	71	12	0	8.9	101	0	50	6.71	97.31
2010	71	13	0	8.9	101	0.51	26	8.05	99.14
2010	71	14	0	8.3	101	1.52	40	10.28	98.91
2010	71	15	0	8.3	101	1.02	90.5	7.6	97.11
2010	71	16	0	8.3	101	1.27	49	8.94	100
2010	71	17	0	7.8	101	1.27	80	8.94	100
2010	71	18	0	7.2	101	0.76	10	9.39	99.09
2010	71	19	0	6.7	101	0.51	0	10.28	97.47
2010	71	20	0	6.1	101	1.27	0	10.28	100
2010	71	21	0	6.1	101	1.27	0	10.73	98.22
2010	71	22	0	6.1	101	1.02	0	10.28	97.08
2010	71	23	0	5.6	101	1.02	0	8.94	99.01
2010	72	0	0	5.6	101	0.76	0	10.28	99.55
2010	72	1	0	5	101	0.51	0	10.28	100
2010	72	2	0	4.4	101	3.3	0	8.94	100
2010	72	3	0	5	101	4.06	0	9.39	100
2010	72	4	0	5	101	3.81	0	9.83	100
2010	72	5	0	5	101	4.06	0	9.83	100
2010	72	6	0	5	101	2.79	0	9.83	100
2010	72	7	0	6.1	100	1.52	6	10.28	100
2010	72	8	0	5.6	100	2.29	19.5	11.18	97.4
2010	72	9	0	6.1	100	1.02	29.5	11.62	99.44
2010	72	10	0	7.8	100	2.29	39.5	12.96	96.23
2010	72	11	0	10	100	0.76	107.5	13.86	100
2010	72	12	0	10	100	0.76	59	14.31	95.85
2010	72	13	0	10	100	1.52	67.5	15.2	97.31
2010	72	14	0	10	100	1.02	35	13.41	97.92
2010	72	15	0	10	100	3.56	25	13.41	97.88
2010	72	16	0	10.6	100	1.78	25	20.56	97.13
2010	72	17	0	10.6	100	1.52	12.5	19.67	96.34
2010	72	18	0	10	99	0.51	1.5	19.67	95.29
2010	72	19	0	9.4	99	0	0	17.88	96.3
2010	72	20	0	10.6	99	0.25	0	17.88	97.07
2010	72	21	0	10	99	0	0	18.33	97.51
2010	72	22	0	10	99	2.03	0	13.86	97.84
2010	72	23	0	9.4	99	3.56	0	11.18	100
2010	73	0	0	8.3	99	1.27	0	10.28	100
2010	73	1	0	8.3	99	1.78	0	8.05	100
2010	73	2	0	8.3	99	2.54	0	6.26	100
2010	73	3	0	8.9	99	0.51	0	5.81	100
2010	73	4	0	8.9	99	0.51	0	6.71	100
2010	73	5	0	8.3	99	0	0	7.15	100
2010	73	6	0	8.3	99	0	0	5.81	100
2010	73	7	0	7.8	99	0	7.5	6.71	99.66
2010	73	8	0	7.2	99	0	61.5	6.71	100
2010	73	9	0	7.2	99	0	8.5	6.26	100
2010	73	10	0	8.3	99	2.03	426	6.71	100
2010	73	11	0	8.9	99	0	203	7.15	100
2010	73	12	0	9.4	99	0	92	9.39	96.58
2010	73	13	0	10	99	0	79.5	8.94	98.43
2010	73	14	0	10	99	0	47.5	9.39	99.29
2010	73	15	0	9.4	99	0	73	7.6	99.26
2010	73	16	0	9.4	99	0	90	10.73	98.2
2010	73	17	0	8.9	99	0	25.5	9.83	100
2010	73	18	0	7.8	99	0.25	3	7.6	100
2010	73	19	0	7.2	99	0.25	0	10.28	97.08
2010	73	20	0	6.7	99	0.25	0	7.6	96.31
2010	73	21	0	6.7	99	0.51	0	8.05	94.39
2010	73	22	0	6.1	99	0	0	7.6	94.28
2010	73	23	0	6.7	99	0	0	9.39	94.25
2010	74	0	0	5.6	99	0.76	0	7.15	94.46
2010	74	1	0	5.6	99	2.79	0	6.71	95.13
2010	74	2	0	5.6	99	0.25	0	6.71	95.54
2010	74	3	0	5.6	99	1.52	0	7.15	95.54
2010	74	4	0	5.6	99	1.52	0	5.81	95.2
2010	74	5	0	5.6	99	0.25	0	7.15	95.02
2010	74	6	0	5.6	99	0	0	8.94	95.38
2010	74	7	0	6.1	99	0	2.5	9.83	95.95
2010	74	8	0	6.7	99	0	10	8.05	96.91
2010	74	9	0	6.7	100	0.25	81.5	11.18	91.44
2010	74	10	0	7.2	100	0	164	13.86	92.75
2010	74	11	0	7.2	100	0	231.5	11.18	87.65
2010	74	12	0	6.7	100	0	191.5	8.94	87.83
2010	74	13	0	7.2	100	0.25	42.5	8.94	92.89
2010	74	14	0	6.7	100	0	43.5	7.6	92.18
2010	74	15	0	7.2	100	0	70.5	12.52	92.01
2010	74	16	0	7.2	100	0	75.5	10.73	91.89
2010	74	17	0	6.7	100	0	3	9.39	97.9
2010	74	18	0	6.1	100	0	0.5	8.05	97.04
2010	74	19	0	5.6	100	0	0	9.83	96.29
2010	74	20	0	5.6	100	0	0	13.41	95.37
2010	74	21	0	5.6	100	0	0	11.18	94.04
2010	74	22	0	5.6	100	0	0	8.94	92.95
2010	74	23	0	5.6	100	0	0	10.28	92.55
2010	75	0	0	5.6	100	0	0	8.05	92.95
2010	75	1	0	6.7	100	0	0	9.39	93.44
2010	75	2	0	7.2	101	0	0	7.15	92.96
2010	75	3	0	7.2	101	0	0	9.39	91.2
2010	75	4	0	7.2	101	0	0	7.6	88.68
2010	75	5	0	7.2	101	0	0	7.6	86.85
2010	75	6	0	7.2	101	0	0	8.05	93.21
2010	75	7	0	7.2	101	0	83	6.71	90.25
2010	75	8	0	7.2	101	0	130	6.71	79.61
2010	75	9	0	10	101	0	477.5	9.83	71.01
2010	75	10	0	11.1	101	0	642	8.05	61.18
2010	75	11	0	12.8	101	0	756	7.6	62.94
2010	75	12	0	13.9	101	0	808	6.26	60.79
2010	75	13	0	15	101	0	795.5	4.47	58.9
2010	75	14	0	15.6	101	0	718	4.47	61.05
2010	75	15	0	16.7	101	0	583.5	4.02	63.08
2010	75	16	0	17.2	101	0	405.5	4.02	68.46
2010	75	17	0	16.1	101	0	206	1.34	76.19
2010	75	18	0	10.6	101	0	31.5	3.13	71.35
2010	75	19	0	10	101	0	0	0.01	69.14
2010	75	20	0	9.4	101	0	0	1.34	72.23
2010	75	21	0	8.3	101	0	0	2.68	75.82
2010	75	22	0	7.2	101	0	0	0.01	80.34
2010	75	23	0	5	101	0	0	2.68	85.8
2010	76	0	0	5.6	101	0	0	2.24	85.49
2010	76	1	0	4.4	101	0	0	2.68	91.64
2010	76	2	0	5.6	101	0	0	2.24	98.7
2010	76	3	0	4.4	101	0	0	0.01	98.21
2010	76	4	0	3.3	101	0	0	0.01	100
2010	76	5	0	2.8	101	0	0	0.01	100
2010	76	6	0	4.4	101	0	0	1.34	94.47
2010	76	7	0	5	101	0	87	1.34	86.66
2010	76	8	0	10	101	0	283	2.24	86.7
2010	76	9	0	12.8	101	0	477.5	3.13	73.98
2010	76	10	0	14.4	101	0	639.5	2.24	57.1
2010	76	11	0	15.6	101	0	751.5	1.34	52.73
2010	76	12	0	16.7	101	0	802.5	3.58	54.15
2010	76	13	0	16.1	101	0	788	4.02	52.46
2010	76	14	0	15.6	101	0	710	6.26	52.84
2010	76	15	0	17.2	101	0	577.5	5.81	54.04
2010	76	16	0	12.8	101	0	404	6.26	63.22
2010	76	17	0	10.6	101	0	208	6.26	73.88
2010	76	18	0	10.6	101	0	33	7.6	69.21
2010	76	19	0	8.9	101	0	0	6.71	73.67
2010	76	20	0	7.2	101	0	0	0.01	78.99
2010	76	21	0	7.8	101	0	0	0.01	84.61
2010	76	22	0	6.7	101	0	0	2.24	90.43
2010	76	23	0	6.7	101	0	0	3.13	96.45
2010	77	0	0	6.7	101	0	0	3.58	95.38
2010	77	1	0	6.7	101	0	0	3.13	93.72
2010	77	2	0	5.6	101	0	0	2.24	98.53
2010	77	3	0	6.1	101	0	0	2.24	96.43
2010	77	4	0	6.7	101	0	0	1.34	94.48
2010	77	5	0	7.2	101	0	0	1.34	92.98
2010	77	6	0	6.7	101	0	0	2.24	95.74
2010	77	7	0	6.7	101	0	89	1.34	83.36
2010	77	8	0	9.4	101	0	283.5	2.24	82.39
2010	77	9	0	12.2	101	0	478	2.68	73.28
2010	77	10	0	14.4	101	0	639.5	1.34	61.03
2010	77	11	0	17.2	100	0	751	3.58	56.62
2010	77	12	0	18.9	100	0	802	4.92	57.78
2010	77	13	0	17.2	100	0	788.5	5.81	54.52
2010	77	14	0	17.8	100	0	596.5	6.71	54.22
2010	77	15	0	16.1	100	0	531	5.81	55.05
2010	77	16	0	13.9	100	0	408	5.81	62.31
2010	77	17	0	12.8	100	0	211.5	7.15	72.79
2010	77	18	0	11.1	100	0	34.5	7.6	68.09
2010	77	19	0	10	100	0	0	6.26	72.67
2010	77	20	0	7.8	100	0	0	1.34	77.08
2010	77	21	0	8.3	100	0	0	1.34	76.15
2010	77	22	0	8.3	100	0	0	0.01	81.25
2010	77	23	0	8.3	100	0	0	0.01	86.95
2010	78	0	0	7.2	100	0	0	0.01	86.74
2010	78	1	0	6.7	100	0	0	0.01	92.51
2010	78	2	0	6.1	100	0	0	0.01	91.29
2010	78	3	0	6.1	100	0	0	0.01	96.22
2010	78	4	0	6.1	100	0	0	0.01	94.23
2010	78	5	0	6.7	100	0	0	0.01	99.11
2010	78	6	0	7.2	100	0	0	1.34	95.09
2010	78	7	0	8.3	100	0	91	0.01	84.2
2010	78	8	0	11.7	100	0	281	1.34	76.16
2010	78	9	0	15.6	101	0	471	2.24	66.88
2010	78	10	0	17.8	101	0	618	3.13	55.52
2010	78	11	0	18.9	100	0	716	2.68	49.12
2010	78	12	0	19.4	100	0	768	4.47	50.12
2010	78	13	0	20	100	0	756.5	7.15	51.48
2010	78	14	0	18.9	100	0	685	4.92	52.63
2010	78	15	0	17.2	100	0	560	6.26	54.89
2010	78	16	0	15.6	100	0	388	6.71	70.99
2010	78	17	0	14.4	100	0	194.5	4.92	82.96
2010	78	18	0	11.7	101	0	30	6.71	86.93
2010	78	19	0	10.6	101	0	0	5.81	85.82
2010	78	20	0	9.4	101	0	0	2.68	90.72
2010	78	21	0	8.9	101	0	0	2.24	89.39
2010	78	22	0	9.4	101	0	0	0.01	94.82
2010	78	23	0	10	101	0	0	2.24	94.63
2010	79	0	0	8.9	101	0	0	3.13	100
2010	79	1	0	8.9	101	0	0	4.02	100
2010	79	2	0	8.3	101	0	0	3.13	100
2010	79	3	0	9.4	101	0	0	4.47	100
2010	79	4	0	8.9	101	0	0	4.47	100
2010	79	5	0	8.9	101	0	0	2.68	100
2010	79	6	0	8.3	101	0	0	3.13	100
2010	79	7	0	10	101	0	91.5	2.68	97.31
2010	79	8	0	12.8	101	0	285	3.58	89.38
2010	79	9	0	15	101	0	476.5	2.68	79.29
2010	79	10	0	17.8	101	0	635.5	2.68	68.43
2010	79	11	0	19.4	101	0	744.5	5.81	61.42
2010	79	12	0	19.4	101	0	792.5	4.02	57.81
2010	79	13	0	20	101	0	775.5	4.92	58.72
2010	79	14	0	18.9	101	0	698	5.81	59.09
2010	79	15	0	18.3	101	0	567.5	6.71	64.93
2010	79	16	0	16.1	101	0	396	6.71	75.59
2010	79	17	0	14.4	101	0	203.5	9.39	91.68
2010	79	18	0	12.8	101	0	33	9.83	91.25
2010	79	19	0	11.7	101	0	0	6.71	95.26
2010	79	20	0	10.6	101	0	0	3.58	93.29
2010	79	21	0	11.1	101	0	0	1.34	98.36
2010	79	22	0	10	101	0	0	2.24	100
2010	79	23	0	10	101	0	0	2.68	100
2010	80	0	0	9.4	101	0	0	2.68	100
2010	80	1	0	8.9	101	0	0	0.01	100
2010	80	2	0	8.3	101	0	0	1.34	100
2010	80	3	0	8.3	101	0	0	2.24	100
2010	80	4	0	8.3	101	0	0	1.34	100
2010	80	5	0	7.8	101	0	0	2.68	100
2010	80	6	0	7.8	101	0	0	4.02	100
2010	80	7	0	10.6	101	0	93.5	2.68	100
2010	80	8	0	11.1	101	0	280	3.13	99.33
2010	80	9	0	12.2	101	0	386	6.71	90.52
2010	80	10	0	13.3	101	0	623	4.02	87.51
2010	80	11	0	13.9	101	0	731	3.13	84.08
2010	80	12	0	13.9	101	0	776.5	4.02	86.45
2010	80	13	0	13.9	101	0	757	3.58	82.43
2010	80	14	0	13.9	101	0	674	3.58	83.35
2010	80	15	0	12.8	101	0	487	3.13	84.19
2010	80	16	0	12.2	101	0	278.5	1.34	91.29
2010	80	17	0	11.7	101	0	135	2.24	96.48
2010	80	18	0	10.6	101	0	16	2.68	100
2010	80	19	0	10	101	0	0	3.58	100
2010	80	20	0	10	101	0	0	2.24	100
2010	80	21	0	10	101	0	0	2.24	100
2010	80	22	0	10.6	101	0	0	3.58	100
2010	80	23	0	10	101	0	0	2.24	100
2010	81	0	0	10.6	101	0	0	4.92	100
2010	81	1	0	10	101	0	0	4.92	100
2010	81	2	0	9.4	101	0	0	3.58	100
2010	81	3	0	8.9	101	0	0	0.01	100
2010	81	4	0	8.9	101	0	0	2.24	100
2010	81	5	0	9.4	101	0	0	1.34	100
2010	81	6	0	9.4	101	0	0	2.24	100
2010	81	7	0	10	101	0	13	1.34	100
2010	81	8	0	10	101	0.25	62	3.13	100
2010	81	9	0	10	101	0.25	31	4.47	96.21
2010	81	10	0	11.7	101	0	96.5	2.68	95.66
2010	81	11	0	12.2	101	0.76	131.5	3.58	98.42
2010	81	12	0	11.7	101	0	240.5	4.92	98.87
2010	81	13	0	13.9	101	0	139	6.26	97.94
2010	81	14	0	12.2	101	0	78.5	5.81	100
2010	81	15	0	12.8	101	0	38.5	6.26	100
2010	81	16	0	12.2	101	0	49	7.6	100
2010	81	17	0	11.7	101	0	28	6.71	100
2010	81	18	0	12.2	100	0	8	7.6	100
2010	81	19	0	12.8	100	0.25	0	8.94	100
2010	81	20	0	12.2	100	11.94	0	8.94	100
2010	81	21	0	11.7	100	4.32	0	8.05	100
2010	81	22	0	10.6	100	2.79	0	8.94	100
2010	81	23	0	11.1	100	5.08	0	8.05	100
2010	82	0	0	10.6	100	0.51	0	8.05	100
2010	82	1	0	10	100	0.25	0	6.26	100
2010	82	2	0	8.9	100	0.25	0	9.39	100
2010	82	3	0	8.3	100	1.27	0	7.15	100
2010	82	4	0	8.3	100	0.25	0	4.02	100
2010	82	5	0	8.3	100	0	0	2.68	100
2010	82	6	0	7.8	100	0	0	4.47	100
2010	82	7	0	7.8	100	0	67.5	4.02	100
2010	82	8	0	8.9	100	0	82.5	3.58	100
2010	82	9	0	9.4	100	0	90.5	4.47	100
2010	82	10	0	9.4	99	0	269.5	2.68	96.98
2010	82	11	0	9.4	99	0	166.5	2.68	91.14
2010	82	12	0	8.9	99	0	90	2.24	90.37
2010	82	13	0	9.4	99	0	106.5	1.34	89.99
2010	82	14	0	10	99	0	80.5	2.24	91.01
2010	82	15	0	10	99	0	109	4.02	92.57
2010	82	16	0	8.9	99	0	61.5	2.68	94.92
2010	82	17	0	8.9	99	0.25	73.5	2.24	96.26
2010	82	18	0	9.4	99	0.25	2.5	2.24	100
2010	82	19	0	8.9	99	0	0	4.02	100
2010	82	20	0	9.4	99	0	0	4.92	100
2010	82	21	0	10	99	0	0	6.26	100
2010	82	22	0	10.6	99	0	0	10.28	98.46
2010	82	23	0	9.4	100	0	0	11.62	90.7
2010	83	0	0	8.3	100	0	0	10.28	87.32
2010	83	1	0	7.2	100	0	0	11.62	89.62
2010	83	2	0	6.7	100	0	0	9.83	87.54
2010	83	3	0	6.7	100	0	0	11.18	86.77
2010	83	4	0	6.7	100	0	0	9.83	86.13
2010	83	5	0	6.7	100	0	0	10.73	85.53
2010	83	6	0	6.7	100	0	0	8.05	85.83
2010	83	7	0	7.2	100	0	88.5	11.18	81.25
2010	83	8	0	7.8	100	0	313	13.86	76.88
2010	83	9	0	8.9	100	0	509.5	11.18	73.36
2010	83	10	0	10	100	0	673.5	9.39	69.59
2010	83	11	0	11.1	100	0	784	12.52	66.53
2010	83	12	0	12.8	100	0	835	9.83	64.3
2010	83	13	0	13.9	100	0	821	9.39	61.76
2010	83	14	0	15.6	100	0	744.5	13.41	62.96
2010	83	15	0	16.1	100	0	610	10.73	63.99
2010	83	16	0	16.1	101	0	432.5	11.18	70.75
2010	83	17	0	16.1	101	0	231	9.39	76.55
2010	83	18	0	15	101	0	49	9.83	83.68
2010	83	19	0	14.4	101	0	0	8.05	81.17
2010	83	20	0	13.3	101	0	0	6.71	83.97
2010	83	21	0	12.2	101	0	0	4.02	86.33
2010	83	22	0	11.7	101	0	0	2.24	83.5
2010	83	23	0	11.1	101	0	0	2.24	87.55
2010	84	0	0	8.3	101	0	0	2.68	85.73
2010	84	1	0	6.1	101	0	0	1.34	83.43
2010	84	2	0	6.7	101	0	0	1.34	81.81
2010	84	3	0	6.7	101	0	0	2.24	83.47
2010	84	4	0	6.1	101	0	0	0.01	84.49
2010	84	5	0	7.2	101	0	0	0.01	79.98
2010	84	6	0	7.2	101	0	0	1.34	85.15
2010	84	7	0	8.3	101	0	113	0.01	84.55
2010	84	8	0	11.1	101	0	301	1.34	83.65
2010	84	9	0	10	101	0	482	2.68	82.26
2010	84	10	0	10.6	101	0	240	3.58	79.32
2010	84	11	0	11.1	101	0	167	3.13	75.51
2010	84	12	0	10.6	101	0	108.5	2.24	76.98
2010	84	13	0	11.7	101	0	424.5	7.6	79.59
2010	84	14	0	10	100	0	214.5	8.05	88.3
2010	84	15	0	10	100	0	267	9.39	90.94
2010	84	16	0	9.4	100	0	207	7.6	94.72
2010	84	17	0	9.4	100	0	61.5	4.47	95.87
2010	84	18	0	8.9	100	0	6.5	4.92	100
2010	84	19	0	10	100	0	0	8.94	98.74
2010	84	20	0	10	100	0	0	9.39	97.09
2010	84	21	0	9.4	100	0	0	8.05	96.28
2010	84	22	0	9.4	100	0	0	8.94	100
2010	84	23	0	8.9	100	0	0	4.92	99.54
2010	85	0	0	10.6	100	0.25	0	8.94	100
2010	85	1	0	12.2	100	0.25	0	9.39	100
2010	85	2	0	11.7	100	0.25	0	7.6	100
2010	85	3	0	11.1	100	0	0	6.26	100
2010	85	4	0	7.8	100	0.25	0	8.05	97.1
2010	85	5	0	6.7	100	0.51	0	10.28	99.58
2010	85	6	0	5.6	100	0	0	10.73	92.68
2010	85	7	0	5.6	100	0	22	9.39	88.92
2010	85	8	0	5	100	0	50.5	9.39	87.45
2010	85	9	0	4.4	100	0	83	8.94	80.29
2010	85	10	0	4.4	100	0	220	10.28	70.61
2010	85	11	0	5	100	0	292	11.18	67.93
2010	85	12	0	5.6	100	0	563.5	10.28	66.02
2010	85	13	0	6.7	100	0	764.5	11.18	64.88
2010	85	14	0	6.7	101	0	742.5	10.28	64.36
2010	85	15	0	7.2	101	0	616	9.39	64.31
2010	85	16	0	6.7	101	0	302	10.28	65.13
2010	85	17	0	5.6	101	0	196	9.83	72.45
2010	85	18	0	5.6	101	0	43	9.83	79.54
2010	85	19	0	4.4	101	0	0	6.71	79.04
2010	85	20	0	4.4	101	0	0	7.15	82.76
2010	85	21	0	3.3	101	0	0	8.05	84.74
2010	85	22	0	2.8	101	0	0	7.6	79.46
2010	85	23	0	2.2	101	0	0	7.6	74.15
2010	86	0	0	1.7	102	0	0	5.81	75.36
2010	86	1	0	0.6	102	0	0	5.81	72.14
2010	86	2	0	0	102	0	0	4.47	70.24
2010	86	3	0	-0.6	102	0	0	4.47	75.07
2010	86	4	0	-0.6	102	0	0	6.26	75.01
2010	86	5	0	-1.7	102	0	0	4.02	74.74
2010	86	6	0	-1.7	102	0	7.5	5.81	69.12
2010	86	7	0	-1.1	102	0	138.5	6.71	60.83
2010	86	8	0	0	102	0	343.5	5.81	60.29
2010	86	9	0	1.1	102	0	537.5	4.47	56.87
2010	86	10	0	2.2	102	0	696	4.02	54.01
2010	86	11	0	3.3	102	0	804	2.24	51.04
2010	86	12	0	3.3	102	0	849	0.01	51.62
2010	86	13	0	3.3	102	0	798	4.47	49.21
2010	86	14	0	3.3	102	0	688.5	4.92	51.26
2010	86	15	0	2.8	102	0	493.5	4.47	57.57
2010	86	16	0	2.2	102	0	336	3.58	60.91
2010	86	17	0	2.2	102	0	180.5	4.47	69.33
2010	86	18	0	1.7	102	0	38.5	3.58	74.66
2010	86	19	0	1.1	102	0	0	4.02	79.31
2010	86	20	0	1.7	102	0	0	4.47	78.28
2010	86	21	0	1.7	102	0	0	4.47	78.45
2010	86	22	0	1.7	102	0	0	4.92	79.92
2010	86	23	0	1.7	102	0	0	4.47	82.49
2010	87	0	0	1.7	102	0	0	5.81	85.26
2010	87	1	0	2.2	102	0	0	4.47	88
2010	87	2	0	2.2	102	0	0	4.92	90.89
2010	87	3	0	2.8	102	0	0	5.81	93.62
2010	87	4	0	3.3	102	0	0	4.47	96.34
2010	87	5	0	3.9	102	0	0	4.92	92.33
2010	87	6	0	3.9	102	0	0	4.92	92.24
2010	87	7	0	4.4	102	0	31	4.92	85.25
2010	87	8	0	5	102	0	56	5.81	83.05
2010	87	9	0	5.6	102	0	185.5	6.26	87.58
2010	87	10	0	6.1	102	0	237	5.81	86.01
2010	87	11	0	7.2	102	0	203	8.05	90.13
2010	87	12	0	6.7	102	0	140	7.15	87.46
2010	87	13	0	6.7	102	0	109	5.81	90.01
2010	87	14	0	7.2	102	0.25	115	7.15	91.9
2010	87	15	0	7.2	102	0	314.5	7.6	93.12
2010	87	16	0	7.8	101	0	353	8.05	93.79
2010	87	17	0	7.8	101	0	105	8.94	100
2010	87	18	0	7.8	101	0	46	9.83	100
2010	87	19	0	7.8	101	0	0	10.28	100
2010	87	20	0	7.8	101	0	0	10.28	100
2010	87	21	0	8.3	101	0	0	8.94	98.88
2010	87	22	0	8.3	101	0	0	12.96	100
2010	87	23	0	8.3	101	0.51	0	11.18	97.78
2010	88	0	0	8.9	101	2.79	0	9.39	99.98
2010	88	1	0	8.3	101	2.54	0	9.39	100
2010	88	2	0	8.9	100	2.79	0	9.39	100
2010	88	3	0	8.9	100	3.81	0	9.39	100
2010	88	4	0	8.9	100	5.59	0	10.28	100
2010	88	5	0	9.4	100	3.56	0	10.28	100
2010	88	6	0	8.9	100	1.27	0.5	9.83	100
2010	88	7	0	8.9	100	0	10	8.94	99.5
2010	88	8	0	9.4	100	1.78	14.5	4.92	100
2010	88	9	0	9.4	100	0.51	22.5	6.71	100
2010	88	10	0	8.9	100	3.56	32.5	6.71	100
2010	88	11	0	8.9	100	4.06	42	4.47	100
2010	88	12	0	9.4	100	3.56	48	6.26	100
2010	88	13	0	10.6	100	3.81	68.5	3.13	100
2010	88	14	0	11.1	100	3.05	56	2.68	97.36
2010	88	15	0	10.6	100	2.29	32.5	0.01	97.77
2010	88	16	0	11.1	100	1.27	25	2.24	98.39
2010	88	17	0	11.1	100	1.27	17.5	3.58	100
2010	88	18	0	10.6	100	0.25	7	3.58	100
2010	88	19	0	11.1	100	0.25	0	2.68	100
2010	88	20	0	11.1	100	1.02	0	2.68	100
2010	88	21	0	11.1	100	1.52	0	4.47	100
2010	88	22	0	11.1	100	2.29	0	7.15	100
2010	88	23	0	11.1	100	1.52	0	6.71	99.34
2010	89	0	0	11.1	100	1.27	0	7.6	100
2010	89	1	0	10.6	100	1.27	0	9.39	100
2010	89	2	0	9.4	100	0.51	0	7.15	98.43
2010	89	3	0	8.9	100	4.57	0	11.18	100
2010	89	4	0	7.8	100	6.6	0	12.52	98.33
2010	89	5	0	7.2	100	5.08	0	11.62	95.38
2010	89	6	0	6.7	100	5.84	0	9.39	99.23
2010	89	7	0	6.7	99	4.32	7.5	11.18	98.1
2010	89	8	0	6.1	99	5.08	9.5	11.18	98.61
2010	89	9	0	6.1	99	8.38	12	9.83	94.53
2010	89	10	0	6.1	99	4.83	20.5	9.39	92.47
2010	89	11	0	7.2	99	2.79	108	9.83	94.82
2010	89	12	0	7.2	99	0.76	229	9.83	95.32
2010	89	13	0	7.2	99	0	186	9.83	96.52
2010	89	14	0	7.2	99	0	73.5	10.28	97.71
2010	89	15	0	7.2	99	0.76	106.5	9.83	96.74
2010	89	16	0	7.2	99	2.03	210.5	7.6	100
2010	89	17	0	6.7	99	1.02	220	7.15	96.49
2010	89	18	0	6.7	99	1.27	52	8.05	94.61
2010	89	19	0	6.7	99	1.27	0	8.05	100
2010	89	20	0	7.2	99	0.76	0	6.71	100
2010	89	21	0	7.2	99	0.25	0	6.71	100
2010	89	22	0	6.7	99	0.25	0	6.71	100
2010	89	23	0	6.7	99	0.25	0	6.26	99.68
2010	90	0	0	6.7	99	0.25	0	8.94	99.08
2010	90	1	0	6.7	99	0	0	7.6	98.5
2010	90	2	0	7.2	99	0.25	0	7.6	97.96
2010	90	3	0	7.2	100	0	0	7.15	97.71
2010	90	4	0	7.8	100	0	0	9.39	97.88
2010	90	5	0	7.8	100	0	0	9.39	98.34
2010	90	6	0	8.3	100	0	6.5	11.18	92.71
2010	90	7	0	8.3	100	0	83	10.28	95.04
2010	90	8	0	8.9	100	0	191	7.15	91.87
2010	90	9	0	10	100	0	461.5	9.83	89.05
2010	90	10	0	10.6	100	0	178.5	6.71	86.58
2010	90	11	0	11.1	100	0	113.5	10.28	83.47
2010	90	12	0	12.2	100	0	438	12.52	85.68
2010	90	13	0	12.8	100	0	393.5	9.39	81.98
2010	90	14	0	13.3	100	0	373	9.83	83.55
2010	90	15	0	14.4	100	0	405.5	8.94	85.36
2010	90	16	0	13.3	101	0	122	7.6	87.44
2010	90	17	0	13.3	101	0	94	4.92	94.28
2010	90	18	0	12.8	101	0	62.5	5.81	96.75
2010	90	19	0	12.2	101	0	0	4.02	94.6
2010	90	20	0	12.8	101	0	0	4.02	99.25
2010	90	21	0	12.2	101	0	0	4.02	100
2010	90	22	0	11.1	101	0	0	3.13	100
2010	90	23	0	10	101	0	0	4.02	100
2010	91	0	0	9	101	0	0	4.47	100
2010	91	1	0	9.4	101	0	0	6.26	100
2010	91	2	0	9.4	101	0	0	4.92	100
2010	91	3	0	9.4	101	0	0	4.47	100
2010	91	4	0	9.4	101	0	0	3.13	100
2010	91	5	0	8.9	101	0	0	3.58	100
2010	91	6	0	9.4	101	0	14	6.71	99.92
2010	91	7	0	10	101	0	155	4.92	97.63
2010	91	8	0	11.1	101	0	354	4.92	87.57
2010	91	9	0	12.2	101	0	542	3.58	84.14
2010	91	10	0	13.3	101	0	697	3.58	80.61
2010	91	11	0	13.9	101	0	802.5	3.13	71.72
2010	91	12	0	15	101	0	849	4.02	68.13
2010	91	13	0	14.4	101	0	833.5	4.92	64.9
2010	91	14	0	15	101	0	755.5	4.47	66.21
2010	91	15	0	16.7	101	0	622	4.02	67.89
2010	91	16	0	12.8	101	0	448	6.26	73.41
2010	91	17	0	11.7	101	0	250.5	4.47	87.62
2010	91	18	0	10	101	0	66	2.68	98.67
2010	91	19	0	8.9	101	0	0	3.13	100
2010	91	20	0	8.3	101	0	0	2.68	100
2010	91	21	0	8.3	101	0	0	3.13	100
2010	91	22	0	8.3	101	0	0	2.68	99.43
2010	91	23	0	7.8	101	0	0	2.24	100
2010	92	0	0	7.2	101	0	0	2.24	100
2010	92	1	0	6.7	101	0	0	0.01	100
2010	92	2	0	6.7	101	0	0	0.01	100
2010	92	3	0	6.7	101	0	0	0.01	100
2010	92	4	0	6.1	101	0	0	0.01	100
2010	92	5	0	6.1	102	0	0	0.01	100
2010	92	6	0	6.1	102	0	14.5	1.34	100
2010	92	7	0	7.8	102	0	154.5	0.01	99.3
2010	92	8	0	9.4	102	0	352.5	1.34	92.17
2010	92	9	0	12.2	102	0	541.5	0.01	86.61
2010	92	10	0	14.4	102	0	698	2.24	85.36
2010	92	11	0	15	102	0	804	2.68	81.73
2010	92	12	0	15.6	102	0	849	3.58	83.15
2010	92	13	0	15.6	102	0	831.5	4.02	78.76
2010	92	14	0	15	102	0	752.5	4.47	84.67
2010	92	15	0	14.4	102	0	620	4.02	84.69
2010	92	16	0	13.9	102	0	446.5	4.47	90.11
2010	92	17	0	12.2	102	0	250.5	4.02	94.13
2010	92	18	0	11.1	102	0	67	3.58	100
2010	92	19	0	10	102	0	0	3.58	100
2010	92	20	0	9.4	102	0	0	3.13	100
2010	92	21	0	9.4	102	0	0	2.68	100
2010	92	22	0	8.9	102	0	0	2.68	100
2010	92	23	0	8.3	102	0	0	3.13	100
2010	93	0	0	8.3	102	0	0	3.13	100
2010	93	1	0	7.8	102	0	0	3.13	100
2010	93	2	0	7.8	102	0	0	0.01	100
2010	93	3	0	7.8	102	0	0	0.01	100
2010	93	4	0	7.2	102	0	0	0.01	100
2010	93	5	0	7.2	102	0	0	2.68	100
2010	93	6	0	7.8	102	0	11	0.01	100
2010	93	7	0	8.9	102	0	142.5	1.34	97.58
2010	93	8	0	10	102	0	355.5	4.02	94.88
2010	93	9	0	7.8	102	0	454	3.13	92.43
2010	93	10	0	8.9	102	0	585	2.68	89.97
2010	93	11	0	10	101	0	654	2.68	86.63
2010	93	12	0	10.6	101	0	679	3.58	88.54
2010	93	13	0	9.4	101	0	623.5	4.02	89.88
2010	93	14	0	9.4	101	0	487	5.81	90.31
2010	93	15	0	8.3	101	0	363.5	5.81	89.69
2010	93	16	0	8.3	101	0	255	4.92	94.47
2010	93	17	0	7.8	101	0	60	5.81	98.25
2010	93	18	0	7.2	101	0	10	7.15	100
2010	93	19	0	7.2	101	0	0	6.26	100
2010	93	20	0	7.2	101	0	0	4.92	100
2010	93	21	0	7.2	101	0	0	4.47	100
2010	93	22	0	7.2	101	0	0	4.47	100
2010	93	23	0	7.8	101	0	0	3.58	100
2010	94	0	0	8.3	101	0	0	2.68	100
2010	94	1	0	8.3	101	0	0	2.24	100
2010	94	2	0	8.3	101	0	0	2.24	100
2010	94	3	0	8.3	101	0	0	1.34	100
2010	94	4	0	8.9	101	0	0	2.24	100
2010	94	5	0	8.9	101	0	0	1.34	100
2010	94	6	0	8.3	101	0	9	0.01	100
2010	94	7	0	8.9	101	0	68	0.01	99.78
2010	94	8	0	10	101	0	222	2.68	92.75
2010	94	9	0	12.8	101	0	444	3.13	83.85
2010	94	10	0	16.1	101	0	682	3.13	78.69
2010	94	11	0	18.9	101	0	797.5	4.47	69.01
2010	94	12	0	21.1	101	0	845.5	4.47	60.44
2010	94	13	0	20.6	101	0	828.5	3.58	60.2
2010	94	14	0	20.6	101	0	702	4.47	56.33
2010	94	15	0	21.1	101	0	617.5	4.47	55.66
2010	94	16	0	21.1	101	0	411	3.58	64.65
2010	94	17	0	18.9	101	0	165.5	4.02	74.54
2010	94	18	0	14.4	101	0	41.5	3.58	76.36
2010	94	19	0	13.3	101	0	0	3.58	78.95
2010	94	20	0	13.9	101	0	0	2.24	82.84
2010	94	21	0	15	101	0	0	1.34	80.87
2010	94	22	0	13.9	101	0	0	0.01	84.5
2010	94	23	0	12.8	101	0	0	3.58	85.18
2010	95	0	0	12.8	101	0	0	0.01	89.76
2010	95	1	0	11.7	101	0	0	1.34	93.58
2010	95	2	0	11.7	101	0	0	1.34	97.84
2010	95	3	0	11.7	102	0	0	1.34	95.8
2010	95	4	0	11.7	102	0	0	1.34	93.09
2010	95	5	0	12.2	102	0	0	2.68	90.62
2010	95	6	0	12.2	102	0	19	1.34	96.41
2010	95	7	0	13.3	102	0	166.5	1.34	86
2010	95	8	0	16.1	101	0	322.5	3.58	85.07
2010	95	9	0	18.3	101	0	495.5	6.26	86.36
2010	95	10	0	17.8	101	0	703	6.26	84.62
2010	95	11	0	16.7	101	0	733.5	4.92	79.08
2010	95	12	0	17.8	101	0	613	4.47	76.4
2010	95	13	0	18.9	101	0	645.5	7.6	78.44
2010	95	14	0	17.8	101	0	743	9.39	85
2010	95	15	0	17.2	101	0	609	11.18	85.85
2010	95	16	0	17.2	101	0	437.5	13.41	87.21
2010	95	17	0	16.1	101	0	243.5	12.52	93.16
2010	95	18	0	13.3	101	0	66.5	10.73	96.89
2010	95	19	0	11.1	101	0	0	7.15	100
2010	95	20	0	11.1	101	0	0	1.34	100
2010	95	21	0	11.1	101	0	0	0.01	100
2010	95	22	0	11.1	101	0	0	0.01	100
2010	95	23	0	11.7	101	0	0	1.34	100
2010	96	0	0	11.1	101	0	0	0.01	100
2010	96	1	0	11.7	101	0	0	0.01	100
2010	96	2	0	11.7	101	0	0	0.01	100
2010	96	3	0	11.7	101	0	0	0.01	100
2010	96	4	0	11.7	101	0	0	0.01	98.42
2010	96	5	0	11.7	101	0	0	0.01	100
2010	96	6	0	11.7	101	0	0.5	2.24	100
2010	96	7	0	13.3	101	0	21	1.34	98.31
2010	96	8	0	13.9	101	0	72	1.34	95.74
2010	96	9	0	15	101	0	379	2.68	92.04
2010	96	10	0	18.3	101	0	373.5	2.24	88.86
2010	96	11	0	18.9	100	0	637	3.13	81.04
2010	96	12	0	21.1	100	0	675.5	4.47	79.74
2010	96	13	0	22.2	100	0	716.5	4.47	83.37
2010	96	14	0	20	100	0	608	4.47	81.79
2010	96	15	0	18.9	100	0	499	4.92	85.12
2010	96	16	0	18.9	100	0	336	3.58	92.61
2010	96	17	0	17.2	100	0	187.5	3.58	100
2010	96	18	0	15.6	100	0	48.5	3.13	100
2010	96	19	0	14.4	100	0	0	3.58	100
2010	96	20	0	13.3	100	0	0	2.68	100
2010	96	21	0	13.3	100	0	0	2.68	100
2010	96	22	0	13.3	100	0	0	2.24	100
2010	96	23	0	12.8	100	0	0	1.34	100
2010	97	0	0	13.3	100	0	0	0.01	100
2010	97	1	0	12.2	100	0	0	0.01	100
2010	97	2	0	11.7	100	0	0	1.34	100
2010	97	3	0	12.2	100	0	0	0.01	100
2010	97	4	0	11.7	100	0	0	0.01	100
2010	97	5	0	11.7	100	0	0	0.01	100
2010	97	6	0	12.8	100	0	20	2.68	100
2010	97	7	0	16.1	100	0	165.5	2.24	98.95
2010	97	8	0	20	100	0	357	4.02	91.62
2010	97	9	0	22.2	100	0	505.5	5.81	85.15
2010	97	10	0	26.1	100	0	722.5	4.92	82.26
2010	97	11	0	27.2	100	0	828.5	4.02	77.67
2010	97	12	0	28.9	100	0	873.5	4.92	71.25
2010	97	13	0	30	100	0	851	8.05	69.05
2010	97	14	0	29.4	100	0	759.5	8.94	67.8
2010	97	15	0	30	100	0	618	7.6	73.61
2010	97	16	0	30	100	0	447	8.05	80.54
2010	97	17	0	26.1	100	0	196.5	6.71	83.51
2010	97	18	0	23.9	100	0	49	5.81	90.53
2010	97	19	0	23.9	100	0	0	5.81	88.71
2010	97	20	0	20	100	0	0	3.58	92.92
2010	97	21	0	17.8	100	0	0	2.68	91.6
2010	97	22	0	18.3	100	0	0	2.24	96.99
2010	97	23	0	17.2	100	0	0	2.68	96.87
2010	98	0	0	15.6	100	0	0	2.24	100
2010	98	1	0	15	100	0	0	0.01	100
2010	98	2	0	14.4	100	0	0	2.24	100
2010	98	3	0	13.9	100	0	0	3.13	100
2010	98	4	0	13.3	100	0	0	2.68	100
2010	98	5	0	12.8	100	0	0	2.68	100
2010	98	6	0	12.2	100	0	15.5	0.01	100
2010	98	7	0	13.9	100	0	123	2.24	100
2010	98	8	0	16.7	100	0	369	1.34	92.31
2010	98	9	0	17.8	100	0	553.5	2.68	89.67
2010	98	10	0	19.4	100	0	647	3.58	85.26
2010	98	11	0	18.9	100	0	699	3.58	85.2
2010	98	12	0	18.3	100	0	755	4.02	84.62
2010	98	13	0	17.2	100	0	732.5	2.68	83.87
2010	98	14	0	17.8	100	0	709.5	9.39	88.13
2010	98	15	0	16.7	100	0	629	11.62	91.78
2010	98	16	0	16.7	100	0	383.5	13.86	95.29
2010	98	17	0	15	100	0	207.5	13.41	98.54
2010	98	18	0	14.4	100	0	61.5	11.18	100
2010	98	19	0	13.9	100	0	0	10.28	100
2010	98	20	0	13.3	100	0	0	10.28	100
2010	98	21	0	12.8	100	0	0	10.73	100
2010	98	22	0	12.2	100	0	0	10.73	100
2010	98	23	0	11.7	100	0	0	9.39	100
2010	99	0	0	11.7	100	0	0	6.26	100
2010	99	1	0	12.8	100	0	0	4.47	100
2010	99	2	0	14.4	100	0	0	2.24	99.37
2010	99	3	0	12.2	100	1.52	0	2.68	100
2010	99	4	0	12.2	100	0.76	0	4.02	100
2010	99	5	0	13.9	100	1.02	0	3.13	96.07
2010	99	6	0	14.4	100	3.3	2	4.92	93.05
2010	99	7	0	13.9	100	3.81	24.5	4.02	91.59
2010	99	8	0	14.4	100	0	55.5	4.47	90.13
2010	99	9	0	14.4	100	0	48	4.92	89.25
2010	99	10	0	12.8	100	0	302	5.81	87.23
2010	99	11	0	13.3	100	0	441.5	5.81	80.78
2010	99	12	0	14.4	100	0	279.5	5.81	78.93
2010	99	13	0	14.4	100	0	365.5	4.92	76.34
2010	99	14	0	13.9	100	0	100	4.02	73.17
2010	99	15	0	13.9	100	0	67	5.81	70
2010	99	16	0	13.9	100	0	234.5	5.81	68.01
2010	99	17	0	13.3	100	0	48.5	9.39	72.15
2010	99	18	0	12.8	100	0	23	7.6	80.58
2010	99	19	0	11.7	100	0	0	11.62	78.78
2010	99	20	0	10.6	101	0	0	8.94	82.38
2010	99	21	0	10	101	0	0	8.05	85.66
2010	99	22	0	10	101	0	0	8.94	88.5
2010	99	23	0	10	101	0	0	7.15	83.75
2010	100	0	0	7.8	101	0	0	7.15	80.47
2010	100	1	0	6.7	101	0	0	9.83	78.62
2010	100	2	0	6.1	101	0	0	9.83	76.97
2010	100	3	0	6.1	101	0	0	9.39	82.37
2010	100	4	0	6.1	101	0	0	9.39	82.96
2010	100	5	0	6.1	101	0	0	8.05	83.72
2010	100	6	0	6.1	101	0	2.5	8.94	79.07
2010	100	7	0	6.7	102	0	17.5	10.73	73.45
2010	100	8	0	7.2	102	0	287.5	9.39	68.49
2010	100	9	0	8.3	102	0	473.5	10.28	64.73
2010	100	10	0	9.4	102	0	764.5	8.94	62.58
2010	100	11	0	10.6	102	0	874	6.71	60.84
2010	100	12	0	12.2	102	0	919	7.15	59.82
2010	100	13	0	13.9	102	0	899.5	7.6	59.11
2010	100	14	0	14.4	102	0	817	7.6	57.8
2010	100	15	0	16.1	102	0	679	6.26	60.05
2010	100	16	0	16.1	102	0	499	7.15	63.34
2010	100	17	0	15	102	0	295.5	8.05	74.55
2010	100	18	0	13.9	102	0	96	4.47	82.2
2010	100	19	0	13.3	102	0	0	5.81	86.03
2010	100	20	0	12.2	102	0	0	4.47	84.74
2010	100	21	0	11.7	102	0	0	6.26	83.69
2010	100	22	0	11.1	102	0	0	6.26	89.17
2010	100	23	0	10	102	0	0	4.92	89.44
2010	101	0	0	10.6	102	0	0	4.02	96.34
2010	101	1	0	8.3	102	0	0	4.47	97.18
2010	101	2	0	9.4	102	0	0	4.47	97.82
2010	101	3	0	10	102	0	0	4.92	97.88
2010	101	4	0	8.9	102	0	0	3.13	97.71
2010	101	5	0	9.4	102	0	0	4.02	98.01
2010	101	6	0	10	102	0	27	6.26	94.63
2010	101	7	0	11.1	102	0	183.5	4.92	93.52
2010	101	8	0	12.2	102	0	376.5	5.81	81.94
2010	101	9	0	13.3	102	0	557	6.26	74.56
2010	101	10	0	16.7	102	0	697.5	7.15	72.57
2010	101	11	0	18.9	102	0	788.5	6.71	66.4
2010	101	12	0	21.1	102	0	721	6.71	68.32
2010	101	13	0	21.1	101	0	577.5	6.71	64.94
2010	101	14	0	21.1	101	0	731.5	6.71	65.06
2010	101	15	0	20	101	0	602	5.81	65.2
2010	101	16	0	18.3	101	0	267	6.26	71.66
2010	101	17	0	22.8	102	0	217	4.92	79.2
2010	101	18	0	21.1	102	0	67	7.15	83.98
2010	101	19	0	20	102	0	0	5.81	84.98
2010	101	20	0	18.9	102	0	0	7.15	86.61
2010	101	21	0	17.8	102	0	0	4.92	88.65
2010	101	22	0	17.8	102	0	0	7.6	85.47
2010	101	23	0	15.6	102	0	0	3.58	88.25
2010	102	0	0	14.4	102	0	0	4.02	90.82
2010	102	1	0	13.3	102	0	0	4.02	87.02
2010	102	2	0	12.2	102	0	0	2.24	88.99
2010	102	3	0	11.7	102	0	0	2.24	84.82
2010	102	4	0	10.6	102	0	0	0.01	88.43
2010	102	5	0	9.4	102	0	0	0.01	87.96
2010	102	6	0	10	102	0	34.5	0.01	86.47
2010	102	7	0	12.8	102	0	211	0.01	79.43
2010	102	8	0	15	102	0	381.5	4.47	73.23
2010	102	9	0	15.6	102	0	521	6.26	63.86
2010	102	10	0	16.7	102	0	754	5.81	59.36
2010	102	11	0	17.8	102	0	811.5	5.81	59.03
2010	102	12	0	17.8	102	0	790.5	5.81	54.82
2010	102	13	0	18.3	102	0	830	4.92	54.4
2010	102	14	0	18.3	102	0	803.5	4.02	54.87
2010	102	15	0	18.3	102	0	668	6.26	56.24
2010	102	16	0	18.9	102	0	489	8.05	57.35
2010	102	17	0	18.3	102	0	286	6.26	67.75
2010	102	18	0	17.2	102	0	93.5	4.92	75.47
2010	102	19	0	16.1	102	0	0	6.26	78.9
2010	102	20	0	15	102	0	0	4.92	84.02
2010	102	21	0	13.9	102	0	0	4.02	89.59
2010	102	22	0	12.8	102	0	0	3.13	89.21
2010	102	23	0	12.2	102	0	0	2.24	88.74
2010	103	0	0	12.2	102	0	0	2.24	94.01
2010	103	1	0	11.7	102	0	0	0.01	94
2010	103	2	0	11.7	102	0	0	3.13	94.52
2010	103	3	0	11.7	102	0	0	2.68	95.37
2010	103	4	0	11.1	102	0	0	2.68	95.95
2010	103	5	0	11.1	102	0	0	4.47	96.41
2010	103	6	0	10.6	102	0	19.5	3.13	98.03
2010	103	7	0	10.6	103	0	55.5	4.02	92.68
2010	103	8	0	11.1	103	0	137.5	3.13	94.12
2010	103	9	0	12.2	103	0	294	4.47	87.16
2010	103	10	0	12.8	103	0	223	0.01	77.84
2010	103	11	0	12.2	103	0	314	3.13	74.2
2010	103	12	0	11.1	103	0	557	1.34	73.74
2010	103	13	0	11.7	103	0	625	3.58	72.87
2010	103	14	0	11.1	103	0	428.5	1.34	71.39
2010	103	15	0	11.7	103	0	472.5	2.24	71.51
2010	103	16	0	11.1	103	0	107	4.02	72.58
2010	103	17	0	10.6	103	0	18	2.68	83.24
2010	103	18	0	10.6	103	0	7.5	2.68	88.13
2010	103	19	0	8.9	103	0	0	2.24	91.79
2010	103	20	0	7.8	103	0	0	2.68	91.32
2010	103	21	0	7.8	103	0	0	3.13	98.18
2010	103	22	0	7.2	103	0	0	3.13	98.33
2010	103	23	0	8.3	103	0	0	3.13	98.42
2010	104	0	0	8.3	103	0	0	2.24	100
2010	104	1	0	7.8	103	0	0	2.68	100
2010	104	2	0	7.8	103	0	0	2.68	100
2010	104	3	0	7.2	103	0	0	2.24	100
2010	104	4	0	7.2	103	0	0	0.01	100
2010	104	5	0	7.2	103	0	0	2.68	100
2010	104	6	0	7.2	103	0	42	1.34	97.48
2010	104	7	0	9.4	103	0	217	2.68	93.77
2010	104	8	0	12.2	103	0	424	2.24	78.21
2010	104	9	0	13.3	103	0	613.5	3.13	66.24
2010	104	10	0	15	103	0	767.5	4.47	60.17
2010	104	11	0	16.1	103	0	871	3.58	54.01
2010	104	12	0	16.7	103	0	914.5	3.58	48.49
2010	104	13	0	17.2	103	0	895.5	2.68	46.9
2010	104	14	0	17.2	102	0	815.5	2.68	46.68
2010	104	15	0	17	102	0	682	6.71	48.56
2010	104	16	0	17	102	0	505	5.81	55.81
2010	104	17	0	13	102	0	302	6.71	69.62
2010	104	18	0	13	102	0	104	7.15	83.24
2010	104	19	0	12	102	0	0	8.94	87.12
2010	104	20	0	11	102	0	0	4.92	87.79
2010	104	21	0	11	102	0	0	4.02	94.26
2010	104	22	0	13.9	102	0	0	6.26	93.78
2010	104	23	0	13.9	102	0	0	7.15	93.06
2010	105	0	0	13.3	102	0	0	7.15	98.01
2010	105	1	0	12.8	102	0	0	5.81	96.24
2010	105	2	0	12.8	102	0	0	7.15	100
2010	105	3	0	12.2	102	0	0	4.92	100
2010	105	4	0	11.1	102	0	0	4.02	100
2010	105	5	0	10.6	102	0	0	4.02	99.9
2010	105	6	0	11.7	102	0	44.5	4.47	95.17
2010	105	7	0	12.8	102	0	219	4.02	86.61
2010	105	8	0	15	102	0	422.5	4.47	79.31
2010	105	9	0	16.1	102	0	460	4.47	63.75
2010	105	10	0	18.3	102	0	644	5.81	57.01
2010	105	11	0	19.4	102	0	852.5	4.02	53.87
2010	105	12	0	21.1	102	0	891	6.26	51.79
2010	105	13	0	21.1	102	0	863	4.92	53.62
2010	105	14	0	22.2	102	0	774.5	7.15	52.52
2010	105	15	0	22.2	102	0	636	4.02	54.68
2010	105	16	0	22.2	102	0	374.5	4.02	57.2
2010	105	17	0	21.1	102	0	29	3.58	68.36
2010	105	18	0	14.4	102	0	16.5	4.47	68.38
2010	105	19	0	15	102	0	0	3.58	80.56
2010	105	20	0	14.4	102	0	0	1.34	88.69
2010	105	21	0	10.6	102	0	0	8.05	89.54
2010	105	22	0	10	102	0	0	8.94	91.77
2010	105	23	0	10	102	0	0	7.6	95.42
2010	106	0	0	9.4	102	0	0	6.71	94.67
2010	106	1	0	9.4	101	0	0	6.71	94.8
2010	106	2	0	8.9	101	0	0	6.26	95.29
2010	106	3	0	8.9	101	0	0	6.71	95.43
2010	106	4	0	8.9	101	0	0	6.71	95.11
2010	106	5	0	8.9	101	0	0	6.26	94.56
2010	106	6	0	8.3	101	0	26.5	6.26	94.6
2010	106	7	0	8.9	101	0	57.5	4.92	89.54
2010	106	8	0	9.4	101	0	182	8.05	86.42
2010	106	9	0	10	101	0	252	8.94	83.72
2010	106	10	0	10	101	0	318.5	8.05	86.24
2010	106	11	0	10.6	101	0	370	8.05	87.51
2010	106	12	0	11.1	101	0	371	8.05	81.81
2010	106	13	0	10.6	101	0	410	8.94	87.07
2010	106	14	0	11.1	100	0	370.5	8.05	86.47
2010	106	15	0	10.6	100	0	381.5	8.05	91.18
2010	106	16	0	10	100	0	219	8.94	95.69
2010	106	17	0	9.4	100	0	69	6.26	93.98
2010	106	18	0	9.4	100	0	52	6.26	99.8
2010	106	19	0	8.3	100	4.32	0	3.58	99.99
2010	106	20	0	7.8	100	0.25	0	4.47	100
2010	106	21	0	7.8	100	3.56	0	3.13	100
2010	106	22	0	7.8	100	0.25	0	4.47	100
2010	106	23	0	7.8	100	1.02	0	2.24	100
2010	107	0	0	8.3	100	1.78	0	2.24	100
2010	107	1	0	8.3	100	0	0	2.68	100
2010	107	2	0	7.8	100	0	0	4.02	100
2010	107	3	0	7.8	100	0	0	2.68	100
2010	107	4	0	7.8	100	0	0	2.24	100
2010	107	5	0	7.8	100	0	0	1.34	99.91
2010	107	6	0	7.8	100	0	4.5	0.01	100
2010	107	7	0	7.8	100	0	24.5	0.01	96.24
2010	107	8	0	8.3	100	0.25	68	2.24	93.78
2010	107	9	0	9.4	100	0	193.5	1.34	83.89
2010	107	10	0	12.2	100	0	318	7.15	76.53
2010	107	11	0	11.7	100	0	515.5	4.47	75.2
2010	107	12	0	11.7	100	0	190	3.58	73.71
2010	107	13	0	11.1	100	0	167	6.26	71.72
2010	107	14	0	11.1	100	0	300.5	7.15	69.37
2010	107	15	0	12.2	100	0	218.5	7.15	67.1
2010	107	16	0	11.7	100	0	175.5	8.94	70.35
2010	107	17	0	11.1	100	0	32.5	8.94	71.63
2010	107	18	0	10.6	100	0	5.5	7.6	83.23
2010	107	19	0	10	100	0	0	5.81	87.24
2010	107	20	0	10	101	0	0	7.15	85.82
2010	107	21	0	9.4	101	0	0	6.71	90.07
2010	107	22	0	8.9	101	0	0	6.26	94.33
2010	107	23	0	8.9	101	0	0	7.15	92.47
2010	108	0	0	8.3	101	0	0	4.92	90.3
2010	108	1	0	7.8	100	0	0	3.58	94.64
2010	108	2	0	7.8	100	0	0	4.92	93.26
2010	108	3	0	7.2	101	0	0	4.92	92
2010	108	4	0	7.2	101	0	0	6.71	91.04
2010	108	5	0	7.2	101	0	0	6.26	90.74
2010	108	6	0	6.7	101	0	33.5	6.71	92.55
2010	108	7	0	6.7	101	0	236.5	6.26	79.13
2010	108	8	0	8.3	101	0	399.5	4.92	73.39
2010	108	9	0	9.4	101	0	626	4.47	69.6
2010	108	10	0	10	101	0	775	6.26	67.06
2010	108	11	0	11.7	101	0	874.5	5.81	69.62
2010	108	12	0	12.8	101	0	915	6.26	68.09
2010	108	13	0	12.2	101	0	434	7.15	66.25
2010	108	14	0	12.8	101	0	362	7.6	67.48
2010	108	15	0	13.3	101	0	293	6.71	68.46
2010	108	16	0	13.9	101	0	361.5	8.94	70.14
2010	108	17	0	12.8	101	0	112.5	4.92	77.94
2010	108	18	0	12.2	101	0	40.5	4.92	83.51
2010	108	19	0	12.2	101	0	0	7.15	87.32
2010	108	20	0	11.7	101	0	0	6.26	91.36
2010	108	21	0	11.1	101	0	0	6.26	88.89
2010	108	22	0	11.1	101	0	0	4.47	92.75
2010	108	23	0	10	101	0	0	3.58	90.85
2010	109	0	0	10	101	0	0	4.02	96.15
2010	109	1	0	8.9	101	0	0	4.92	95.46
2010	109	2	0	8.9	101	0	0	5.81	95.11
2010	109	3	0	8.9	101	0	0	5.81	94.78
2010	109	4	0	9.4	101	0	0	6.26	100
2010	109	5	0	8.9	101	0	0	5.81	100
2010	109	6	0	8.9	101	0	61.5	6.71	89.7
2010	109	7	0	10	101	0	245	7.6	81.35
2010	109	8	0	11.7	101	0	448	6.71	74.9
2010	109	9	0	13.3	101	0	634.5	5.81	71.76
2010	109	10	0	14.4	101	0	783.5	9.39	67.01
2010	109	11	0	13.9	101	0	664	6.26	67.07
2010	109	12	0	16.1	101	0	692	9.39	67.52
2010	109	13	0	15	101	0	532.5	5.81	63.45
2010	109	14	0	17.2	101	0	434.5	8.94	64
2010	109	15	0	16.1	101	0	278	9.83	64.8
2010	109	16	0	16.1	101	0	343.5	7.6	66.48
2010	109	17	0	16.1	101	0	310	7.15	76.11
2010	109	18	0	15.6	101	0	116.5	4.02	85.37
2010	109	19	0	14.4	101	0	0	4.02	87.16
2010	109	20	0	13.3	101	0	0	2.24	85.6
2010	109	21	0	12.2	101	0	0	2.68	90.28
2010	109	22	0	12.8	101	0	0	4.02	90.03
2010	109	23	0	11.1	101	0	0	0.01	96.82
2010	110	0	0	11.7	101	0	0	2.24	96.74
2010	110	1	0	11.1	101	0	0	3.13	100
2010	110	2	0	10	101	0	0	2.68	100
2010	110	3	0	9.4	101	0	0	3.13	100
2010	110	4	0	9.4	101	0	0	2.24	100
2010	110	5	0	9.4	101	0	0	0.01	100
2010	110	6	0	9.4	101	0	61	0.01	93.65
2010	110	7	0	12.8	101	0	240.5	1.34	85.97
2010	110	8	0	15	101	0	442	1.34	79.39
2010	110	9	0	16.7	101	0	626	3.13	63.04
2010	110	10	0	17.8	101	0	774.5	1.34	63.07
2010	110	11	0	18.3	101	0	873	4.47	59.4
2010	110	12	0	18.3	101	0	912	6.26	59.63
2010	110	13	0	18.9	101	0	660	6.71	55.93
2010	110	14	0	18.3	101	0	696.5	5.81	55.88
2010	110	15	0	16.1	101	0	667	7.6	56.54
2010	110	16	0	15	101	0	490.5	8.05	62.83
2010	110	17	0	14.4	101	0	284.5	8.94	72.44
2010	110	18	0	12.8	101	0	101.5	8.94	79.77
2010	110	19	0	12.2	101	0	3	7.6	82.57
2010	110	20	0	11.7	101	0	0	6.71	88.36
2010	110	21	0	10.6	101	0	0	3.58	88.67
2010	110	22	0	10	101	0	0	2.24	95.35
2010	110	23	0	10	101	0	0	2.68	95.59
2010	111	0	0	10	101	0	0	2.68	95.56
2010	111	1	0	10.6	101	0	0	4.02	94.85
2010	111	2	0	10	101	0	0	3.58	100
2010	111	3	0	10.6	101	0	0	4.02	98.91
2010	111	4	0	8.9	101	0	0	3.58	97.42
2010	111	5	0	9.4	101	0	0	3.58	96.89
2010	111	6	0	10	101	0	39.5	2.24	95.8
2010	111	7	0	11.7	101	0	176.5	3.13	89.82
2010	111	8	0	12.8	100	0	342	2.68	81.12
2010	111	9	0	14.4	100	0	526	3.13	68.93
2010	111	10	0	15.6	100	0	650.5	2.24	67.6
2010	111	11	0	17.2	100	0	749	3.13	64.1
2010	111	12	0	17.2	100	0	779	4.92	65.44
2010	111	13	0	16.7	100	0	777.5	5.81	71.93
2010	111	14	0	16.1	100	0	725	7.15	75.06
2010	111	15	0	15	100	0	452.5	8.94	84.67
2010	111	16	0	12.8	100	0	183	5.81	89.6
2010	111	17	0	13.3	100	0	47.5	9.39	97.85
2010	111	18	0	12.2	100	1.27	27	4.92	100
2010	111	19	0	12.2	100	0.25	0.5	7.15	100
2010	111	20	0	12.2	100	0	0	7.6	100
2010	111	21	0	11.7	100	0	0	4.02	100
2010	111	22	0	11.7	100	0	0	5.81	100
2010	111	23	0	11.7	100	0	0	3.58	100
2010	112	0	0	11.1	100	0	0	3.13	100
2010	112	1	0	11.1	100	0	0	3.58	100
2010	112	2	0	10	100	0	0	2.24	100
2010	112	3	0	10.6	100	0	0	3.58	100
2010	112	4	0	10.6	100	0	0	2.68	100
2010	112	5	0	10.6	100	0	0	4.02	100
2010	112	6	0	10.6	100	0	58.5	3.13	100
2010	112	7	0	11.1	100	0	229.5	2.68	99.43
2010	112	8	0	11.7	100	0	425	3.58	89.29
2010	112	9	0	13.3	100	0	605.5	3.58	78.25
2010	112	10	0	15	100	0	753	4.47	72.73
2010	112	11	0	16.1	100	0	850.5	4.47	67.67
2010	112	12	0	18.3	100	0	822.5	4.92	67.43
2010	112	13	0	18.3	100	0	837	4.47	67.22
2010	112	14	0	17.8	100	0	660	5.81	66.94
2010	112	15	0	14.4	100	2.29	203	4.02	67.36
2010	112	16	0	15.6	100	0	214.5	3.13	69.66
2010	112	17	0	13.9	100	0	279	6.26	78.18
2010	112	18	0	12.8	100	0	75.5	6.26	86.87
2010	112	19	0	11.7	100	0	5	3.13	88.74
2010	112	20	0	12.2	100	0	0	1.34	92.68
2010	112	21	0	16.1	100	0	0	4.92	89.28
2010	112	22	0	14.4	100	0	0	6.26	87.29
2010	112	23	0	14.4	100	0	0	7.6	88.48
2010	113	0	0	12.8	100	0	0	5.81	89.43
2010	113	1	0	11.1	100	0	0	4.02	86.36
2010	113	2	0	10	100	0	0	3.58	90.97
2010	113	3	0	8.9	100	0	0	5.81	90.11
2010	113	4	0	7.2	100	0	0	3.58	95.58
2010	113	5	0	7.2	100	0	0	4.47	95.07
2010	113	6	0	7.8	101	0	76.5	3.58	90.23
2010	113	7	0	9.4	101	0	267.5	4.92	77.61
2010	113	8	0	10.6	101	0	473.5	7.15	65.88
2010	113	9	0	11.7	101	0	660.5	7.15	61.08
2010	113	10	0	13.9	101	0	810.5	9.83	59.04
2010	113	11	0	15	100	0	910.5	7.6	58.03
2010	113	12	0	16.7	100	0	949	6.71	56.77
2010	113	13	0	17.8	100	0	925	6.26	54.73
2010	113	14	0	19.4	100	0	840	7.15	55.77
2010	113	15	0	19.4	100	0	704	7.6	56.59
2010	113	16	0	20	101	0	527	7.6	57.97
2010	113	17	0	19.4	101	0	325.5	9.39	66.1
2010	113	18	0	18.9	101	0	128	8.05	75.34
2010	113	19	0	18.3	101	0	7	7.6	78.34
2010	113	20	0	17.2	101	0	0	8.94	81.93
2010	113	21	0	16.7	101	0	0	7.6	84.94
2010	113	22	0	15	101	0	0	6.26	87.24
2010	113	23	0	13.3	101	0	0	5.81	83.71
2010	114	0	0	12.8	101	0	0	6.26	86.34
2010	114	1	0	11.7	101	0	0	4.47	90.19
2010	114	2	0	11.7	101	0	0	6.26	89.06
2010	114	3	0	10.6	101	0	0	6.26	94.84
2010	114	4	0	10	101	0	0	4.02	94.4
2010	114	5	0	9.4	101	0	0	4.02	94.44
2010	114	6	0	10	101	0	80.5	4.47	89.89
2010	114	7	0	11.7	101	0	273.5	4.92	81.58
2010	114	8	0	13.3	101	0	480.5	5.81	66.75
2010	114	9	0	15.6	101	0	667.5	4.02	55.36
2010	114	10	0	16.1	101	0	818	1.34	51.53
2010	114	11	0	16.1	101	0	917	5.81	45.21
2010	114	12	0	17.2	101	0	953	6.71	48.26
2010	114	13	0	17.2	101	0	922.5	6.26	51.78
2010	114	14	0	16.7	101	0	831.5	6.26	53.45
2010	114	15	0	16.1	101	0	693.5	6.71	59.19
2010	114	16	0	14.4	101	0	504	9.39	66.97
2010	114	17	0	13.3	101	0	196	8.05	76.96
2010	114	18	0	12.8	101	0	69.5	8.94	83.72
2010	114	19	0	12.2	101	0	3.5	6.71	89
2010	114	20	0	11.7	101	0	0	6.26	91.58
2010	114	21	0	11.7	101	0	0	4.02	93.82
2010	114	22	0	11.1	101	0	0	4.47	94.43
2010	114	23	0	11.1	101	0	0	4.02	93.51
2010	115	0	0	11.1	101	0	0	2.68	98.79
2010	115	1	0	10.6	101	0	0	4.47	98.36
2010	115	2	0	9.4	100	0.76	0	3.58	97.54
2010	115	3	0	8.9	100	1.52	0	2.24	95.83
2010	115	4	0	8.9	100	1.78	0	0.01	92.84
2010	115	5	0	7.8	100	3.3	0	2.68	99.42
2010	115	6	0	8.3	100	3.81	4.5	2.24	99.51
2010	115	7	0	7.8	100	4.32	47	2.68	100
2010	115	8	0	8.3	100	3.81	109.5	3.13	95.59
2010	115	9	0	8.3	100	4.32	80.5	4.47	97.17
2010	115	10	0	8.9	100	1.02	179.5	6.26	98.73
2010	115	11	0	9.4	100	1.02	207.5	6.71	93.95
2010	115	12	0	10	100	0	95.5	5.81	94.96
2010	115	13	0	10	100	0	94.5	5.81	95.45
2010	115	14	0	10.6	99	0	135	4.47	95.45
2010	115	15	0	10.6	99	0	99	4.02	95.36
2010	115	16	0	10.6	99	0	74.5	4.02	95.22
2010	115	17	0	10.6	99	0	92	4.02	95.06
2010	115	18	0	10.6	99	0	3.5	4.92	100
2010	115	19	0	10	99	0.25	0	4.47	100
2010	115	20	0	10	99	0	0	5.81	99.41
2010	115	21	0	10	99	0	0	4.47	98.74
2010	115	22	0	10	99	0	0	4.47	98.54
2010	115	23	0	10	99	10.16	0	4.47	100
2010	116	0	0	10	99	2.29	0	2.24	100
2010	116	1	0	9.4	99	0.51	0	3.58	100
2010	116	2	0	9.4	99	0.25	0	4.02	100
2010	116	3	0	9.4	99	0	0	4.47	100
2010	116	4	0	9.4	99	0	0	5.81	100
2010	116	5	0	9.4	99	0	0	4.92	100
2010	116	6	0	10	99	0	4	4.02	96.97
2010	116	7	0	10.6	99	0	96.5	4.47	99.71
2010	116	8	0	11.1	99	0	61.5	4.47	95.17
2010	116	9	0	11.7	99	0	116.5	3.58	90.46
2010	116	10	0	11.7	99	0.25	271.5	3.13	91.94
2010	116	11	0	11.7	99	1.02	178.5	4.02	93.08
2010	116	12	0	11.1	99	0.25	208	4.02	87.54
2010	116	13	0	11.1	99	0.51	176	4.47	93.7
2010	116	14	0	11.1	99	0	118.5	4.02	93.63
2010	116	15	0	11.1	99	0.76	191.5	5.81	93.35
2010	116	16	0	11.1	99	1.27	130.5	4.47	99.32
2010	116	17	0	10.6	99	3.56	61.5	4.47	98.93
2010	116	18	0	10	99	3.81	10.5	7.15	98.08
2010	116	19	0	10	99	1.27	0.5	5.81	100
2010	116	20	0	10	99	1.52	0	2.68	100
2010	116	21	0	10	99	2.79	0	4.47	100
2010	116	22	0	10	99	0.25	0	4.02	100
2010	116	23	0	9.4	99	1.52	0	4.02	99.83
2010	117	0	0	10	98	0.25	0	4.02	100
2010	117	1	0	9.4	98	0	0	3.58	100
2010	117	2	0	9.4	98	0	0	2.68	100
2010	117	3	0	8.9	98	0.25	0	3.13	99.29
2010	117	4	0	8.9	99	0	0	3.58	98.73
2010	117	5	0	8.9	99	0.51	0	3.13	99.57
2010	117	6	0	8.9	99	0.25	3	2.24	100
2010	117	7	0	9.4	99	0	97	2.68	97.04
2010	117	8	0	10.6	99	0	113	0.01	91.35
2010	117	9	0	11.1	99	0	178.5	0.01	81.43
2010	117	10	0	10.6	99	0	387.5	3.13	82.58
2010	117	11	0	12.2	99	0	375.5	2.68	80.87
2010	117	12	0	12.8	99	0	637	4.92	75.75
2010	117	13	0	14.4	99	0	919.5	10.28	69.06
2010	117	14	0	15.6	99	0	791	11.18	61.65
2010	117	15	0	15.6	99	0	715.5	9.39	60.49
2010	117	16	0	13.9	99	0	385	10.28	61.91
2010	117	17	0	12.2	99	0	211.5	10.28	64.07
2010	117	18	0	10.6	99	0	94	10.73	66.44
2010	117	19	0	9.4	99	0	7.5	11.18	70.09
2010	117	20	0	8.3	100	0	0	9.83	79.13
2010	117	21	0	7.8	100	0	0	8.05	78.38
2010	117	22	0	6.7	100	0	0	6.26	84.28
2010	117	23	0	6.1	100	0	0	5.81	90.15
2010	118	0	0	5.6	100	0	0	4.02	89.57
2010	118	1	0	5.6	99	0	0	4.02	88.21
2010	118	2	0	5	99	0	0	4.92	86.79
2010	118	3	0	5	99	0	0	4.47	86.35
2010	118	4	0	5.6	99	0	0	6.26	93.6
2010	118	5	0	5.6	100	0	0	5.81	88.8
2010	118	6	0	6.1	100	0	98.5	5.81	85.88
2010	118	7	0	7.2	100	0	293.5	8.05	77.85
2010	118	8	0	8.3	100	0	497	9.39	75.76
2010	118	9	0	10	99	0	426.5	10.73	70.42
2010	118	10	0	10	99	0	282	8.94	65.99
2010	118	11	0	10	99	0	507	10.28	62.82
2010	118	12	0	11.7	99	0	207.5	6.71	59.47
2010	118	13	0	11.7	100	0	308.5	8.05	60.02
2010	118	14	0	13.3	100	0	233.5	9.39	60.94
2010	118	15	0	12.8	100	0	309.5	11.62	61.89
2010	118	16	0	13.3	100	0	302.5	10.73	62.71
2010	118	17	0	13.3	100	0	235.5	10.28	69.19
2010	118	18	0	13.9	100	0	145.5	8.94	76.34
2010	118	19	0	13.3	100	0	12	7.15	74.93
2010	118	20	0	12.8	100	0	0	8.05	77.19
2010	118	21	0	12.8	100	0	0	8.05	79.1
2010	118	22	0	11.7	100	0	0	7.15	76.69
2010	118	23	0	11.1	100	0	0	6.71	80.56
2010	119	0	0	11.1	100	0	0	7.15	79.29
2010	119	1	0	10.6	100	0	0	6.26	84.73
2010	119	2	0	10	100	0	0	6.26	84.79
2010	119	3	0	9.4	100	0	0	5.81	85.27
2010	119	4	0	8.9	100	0	0	4.92	91.85
2010	119	5	0	8.3	100	0	0	4.47	92.7
2010	119	6	0	8.9	101	0	98.5	6.26	82.8
2010	119	7	0	10	101	0	296.5	7.6	72.84
2010	119	8	0	11.1	101	0	506	8.05	63.47
2010	119	9	0	12.2	100	0	657.5	7.15	60.48
2010	119	10	0	15	100	0	837.5	6.71	54.65
2010	119	11	0	17.2	100	0	933	9.83	52.57
2010	119	12	0	18.3	100	0	969.5	12.96	50.4
2010	119	13	0	18.9	100	0	945	10.28	51.6
2010	119	14	0	20.6	100	0	860	10.28	53.18
2010	119	15	0	21.1	100	0	721	11.62	55.16
2010	119	16	0	21.1	100	0	544	13.86	57.97
2010	119	17	0	21.1	100	0	344.5	12.96	65.72
2010	119	18	0	20.6	100	0	144.5	11.18	75.61
2010	119	19	0	20	100	0	12	7.15	78.67
2010	119	20	0	18.3	100	0	0	6.71	87.87
2010	119	21	0	17.2	100	0	0	4.47	85.18
2010	119	22	0	15.6	101	0	0	4.02	89.81
2010	119	23	0	14.4	101	0	0	0.01	89.84
2010	120	0	0	11.1	101	0	0	2.68	90.83
2010	120	1	0	12.2	101	0	0	3.58	91.08
2010	120	2	0	13.3	101	0	0	3.13	90.78
2010	120	3	0	12.8	101	0	0	3.58	89.11
2010	120	4	0	12.8	101	0	0	2.24	87.84
2010	120	5	0	12.2	101	0	0	3.13	87.98
2010	120	6	0	11.7	101	0	92	2.24	79.78
2010	120	7	0	13.9	101	0	244	3.13	77.07
2010	120	8	0	16.7	101	0	426.5	3.13	67.06
2010	120	9	0	19.4	101	0	622.5	3.58	58.01
2010	120	10	0	20.6	101	0	800.5	4.92	53.52
2010	120	11	0	20.6	101	0	755.5	5.81	56.44
2010	120	12	0	22.2	100	0	883	6.71	56.34
2010	120	13	0	20.6	100	0	900.5	6.26	56.47
2010	120	14	0	20	100	0	818	7.15	60.12
2010	120	15	0	19.4	100	0	687	8.05	63.05
2010	120	16	0	17.8	100	0	515.5	4.02	67.24
2010	120	17	0	16.7	100	0	321	3.58	79.15
2010	120	18	0	16.1	100	0	131	3.13	91.34
2010	120	19	0	14.4	100	0	10.5	0.01	92.27
2010	120	20	0	14.4	100	0	0	1.34	91.6
2010	120	21	0	14.4	100	0	0	0.01	91.1
2010	120	22	0	13.9	100	0	0	0.01	97.83
2010	120	23	0	12.8	100	0	0	1.34	98.91
2010	121	0	0	12.8	100	0	0	0.01	99.53
2010	121	1	0	13.3	100	0	0	0.01	100
2010	121	2	0	13.3	100	0	0	2.24	100
2010	121	3	0	12.8	100	0	0	2.68	100
2010	121	4	0	14.4	100	0	0	1.34	100
2010	121	5	0	13.3	100	0	0	1.34	100
2010	121	6	0	14.4	100	0	88.5	2.24	100
2010	121	7	0	18.9	101	0	268	0.01	93.8
2010	121	8	0	22.2	100	0	462	1.34	83.14
2010	121	9	0	24.4	100	0	639	2.24	75.9
2010	121	10	0	23.9	100	0	780	4.02	64.49
2010	121	11	0	24.4	100	0	827	3.13	55.71
2010	121	12	0	26.7	100	0	810.5	4.47	56.03
2010	121	13	0	24.4	100	0	809.5	4.47	60.53
2010	121	14	0	25	100	0	737.5	5.81	65.2
2010	121	15	0	22.8	100	0	615.5	6.26	75.07
2010	121	16	0	20.6	100	0	475.5	4.47	82.32
2010	121	17	0	20	100	0	232	2.68	94.66
2010	121	18	0	19.4	100	0	74.5	4.92	97.98
2010	121	19	0	20	100	0	6	4.02	100
2010	121	20	0	17.2	100	0	0	7.15	100
2010	121	21	0	16.1	100	0	0	4.02	100
2010	121	22	0	14.4	100	0	0	2.24	100
2010	121	23	0	15	100	0	0	2.24	100
2010	122	0	0	15.6	100	0	0	2.68	100
2010	122	1	0	15	100	0	0	2.24	100
2010	122	2	0	15	100	0	0	2.24	100
2010	122	3	0	15.6	100	0	0	0.01	100
2010	122	4	0	15.6	100	0	0	0.01	100
2010	122	5	0	15	100	0	0	2.24	100
2010	122	6	0	15.6	100	0	34.5	1.34	100
2010	122	7	0	16.1	100	0	71.5	2.24	97.63
2010	122	8	0	17.8	100	0	317.5	4.47	99.56
2010	122	9	0	18.3	100	0	487.5	3.13	94.31
2010	122	10	0	21.7	100	0	681	1.34	85.13
2010	122	11	0	20.6	100	0	591	4.02	79.33
2010	122	12	0	21.1	100	0	895.5	3.58	78.6
2010	122	13	0	22.2	100	0	610	4.02	78.21
2010	122	14	0	22.2	100	0	704	3.58	78.97
2010	122	15	0	22.8	100	0	498	3.13	90.35
2010	122	16	0	20	100	0	366	4.02	97.36
2010	122	17	0	19.4	100	0	137	3.13	97.81
2010	122	18	0	18.3	100	0	84	2.24	100
2010	122	19	0	18.3	100	0	7	2.24	100
2010	122	20	0	17.8	100	0	0	1.34	100
2010	122	21	0	18.9	100	0	0	0.01	100
2010	122	22	0	18.3	100	0	0	1.34	100
2010	122	23	0	17.8	100	0	0	2.24	100
2010	123	0	0	16.7	100	0	0	1.34	100
2010	123	1	0	17.8	100	0	0	2.24	100
2010	123	2	0	17.2	100	0	0	2.24	100
2010	123	3	0	17.2	100	0	0	0.01	100
2010	123	4	0	16.7	100	0.25	0	3.13	100
2010	123	5	0	18.3	100	1.02	0	1.34	100
2010	123	6	0	18.3	100	0	38	2.68	100
2010	123	7	0	17.2	100	2.79	87	3.13	100
2010	123	8	0	18.9	100	12.7	122	2.24	100
2010	123	9	0	17.8	100	0	171.5	4.47	99.88
2010	123	10	0	20	100	0.25	319	4.92	100
2010	123	11	0	20.6	100	0	441.5	2.68	97.05
2010	123	12	0	20.6	100	0	696	6.26	91.91
2010	123	13	0	20	100	0	551.5	4.02	89.78
2010	123	14	0	24.4	100	0	540	6.26	81.7
2010	123	15	0	25.6	100	0	374.5	6.71	78.3
2010	123	16	0	25	100	0	378.5	4.47	82.48
2010	123	17	0	25.6	100	0	285	6.71	87.8
2010	123	18	0	23.3	100	0	120.5	3.13	92.75
2010	123	19	0	21.1	100	0	12	3.58	95.19
2010	123	20	0	22.8	100	0	0	3.58	98.68
2010	123	21	0	21.1	100	0	0	3.58	100
2010	123	22	0	20.6	100	0	0	3.58	99.72
2010	123	23	0	18.3	100	0	0	2.24	100
2010	124	0	0	17.8	100	0	0	1.34	100
2010	124	1	0	18.3	100	0	0	0.01	100
2010	124	2	0	17.2	100	0	0	0.01	100
2010	124	3	0	16.7	100	0	0	2.24	100
2010	124	4	0	16.7	100	0	0	2.68	100
2010	124	5	0	17.2	100	0	0	0.01	100
2010	124	6	0	18.3	100	0	11	1.34	95.77
2010	124	7	0	18.3	100	0	86	2.24	87.55
2010	124	8	0	20	100	0	322	0.01	77.79
2010	124	9	0	21.7	100	0	667	4.02	71.24
2010	124	10	0	24.4	100	0	808	3.13	68.79
2010	124	11	0	25.6	100	0	900.5	4.47	63.35
2010	124	12	0	26.7	100	0	937.5	7.6	63.17
2010	124	13	0	27.2	100	0	912.5	10.28	63.6
2010	124	14	0	27.2	100	0	655.5	10.73	68.17
2010	124	15	0	26.7	100	0	374	10.28	69.51
2010	124	16	0	21.7	100	0.25	348.5	10.28	74.85
2010	124	17	0	20.6	100	0	262	6.71	80.44
2010	124	18	0	21.1	100	0	154	6.71	90.68
2010	124	19	0	20.6	100	0	17	5.81	92.55
2010	124	20	0	18.9	100	0	0	4.02	95.13
2010	124	21	0	19.4	101	0	0	0.01	91.59
2010	124	22	0	16.7	101	0	0	2.24	94.68
2010	124	23	0	14.4	101	0	0	2.24	99.04
2010	125	0	0	16.1	101	0	0	2.24	96.95
2010	125	1	0	15	101	0	0	1.34	100
2010	125	2	0	13.9	101	0	0	0.01	98.23
2010	125	3	0	12.8	101	0	0	2.68	95.78
2010	125	4	0	12.8	101	0	0	1.34	100
2010	125	5	0	13.9	101	0	4.5	1.34	96.68
2010	125	6	0	14.4	101	0	112.5	0.01	94.26
2010	125	7	0	17.2	101	0	307	0.01	86.48
2010	125	8	0	20	101	0	510.5	2.24	77.58
2010	125	9	0	21.7	101	0	690.5	3.13	59.32
2010	125	10	0	21.7	101	0	833	4.92	54.34
2010	125	11	0	22.8	101	0	926	5.81	55.44
2010	125	12	0	22.2	101	0	961.5	8.05	57.34
2010	125	13	0	22.8	101	0	936.5	8.05	58.88
2010	125	14	0	22.2	101	0	854	9.83	63.6
2010	125	15	0	21.7	101	0	722.5	9.83	65.14
2010	125	16	0	20	101	0	552	10.28	72.78
2010	125	17	0	18.3	101	0	356.5	10.28	80.28
2010	125	18	0	17.8	101	0	158	9.39	91.02
2010	125	19	0	16.7	101	0	17.5	9.39	94.96
2010	125	20	0	15	101	0	0	7.15	100
2010	125	21	0	15	101	0	0	6.71	99.37
2010	125	22	0	14.4	101	0	0	4.02	99.28
2010	125	23	0	13.9	100	0	0	4.47	100
2010	126	0	0	13.3	100	0	0	4.02	100
2010	126	1	0	13.3	100	0	0	4.47	100
2010	126	2	0	13.3	100	0	0	5.81	100
2010	126	3	0	12.8	100	0	0	4.92	100
2010	126	4	0	12.8	100	0	0	4.92	100
2010	126	5	0	12.2	100	0	3.5	4.47	100
2010	126	6	0	13.3	100	0	86.5	4.47	100
2010	126	7	0	14.4	100	0	196	3.13	99.66
2010	126	8	0	16.1	100	0	289	2.24	91.83
2010	126	9	0	20	100	0	365	2.24	87.95
2010	126	10	0	22.2	100	0	365.5	4.47	81.27
2010	126	11	0	23.9	100	0	320	6.26	72.44
2010	126	12	0	25	100	0	591.5	7.6	66.81
2010	126	13	0	26.7	100	0	837	10.28	60.86
2010	126	14	0	26.1	100	0	851.5	10.73	58.94
2010	126	15	0	25.6	100	0	729.5	10.73	56.36
2010	126	16	0	25.6	100	0	560	9.83	61.52
2010	126	17	0	25	100	0	363.5	9.83	67.22
2010	126	18	0	23.9	100	0	166	10.28	71.11
2010	126	19	0	23.9	100	0	19.5	7.15	77.75
2010	126	20	0	22.2	101	0	0	9.39	80.58
2010	126	21	0	21.1	101	0	0	8.05	83.6
2010	126	22	0	18.9	101	0	0	8.94	87.34
2010	126	23	0	17.2	101	0	0	9.39	86.53
2010	127	0	0	15.6	101	0	0	9.83	90.88
2010	127	1	0	15	101	0	0	8.05	88.54
2010	127	2	0	14.4	101	0	0	7.15	91.36
2010	127	3	0	13.3	101	0	0	9.83	93.79
2010	127	4	0	12.8	101	0	0	6.26	91.47
2010	127	5	0	12.2	101	0	6.5	4.47	92.33
2010	127	6	0	12.2	101	0	119.5	2.24	80.27
2010	127	7	0	13.9	101	0	313	3.58	72.49
2010	127	8	0	15.6	101	0	513.5	2.68	64.64
2010	127	9	0	16.7	101	0	692.5	2.68	62.53
2010	127	10	0	17.8	101	0	835	3.58	59.93
2010	127	11	0	17.8	101	0	926	7.15	57.24
2010	127	12	0	18.3	101	0	957	7.15	58
2010	127	13	0	19.4	101	0	930	6.26	55.34
2010	127	14	0	17.8	101	0	846	6.26	56.74
2010	127	15	0	17.8	101	0	711	7.6	58.9
2010	127	16	0	17.2	101	0	544	7.6	65.34
2010	127	17	0	15.6	101	0	335	9.39	75.06
2010	127	18	0	15	101	0	122	7.6	88.35
2010	127	19	0	13.9	101	0	14	8.05	92.13
2010	127	20	0	13.3	101	0	0	6.71	97.59
2010	127	21	0	13.3	101	0	0	6.71	96.45
2010	127	22	0	12.8	100	0	0	7.6	95.79
2010	127	23	0	12.8	100	0	0	6.71	96.04
2010	128	0	0	12.8	100	0	0	4.92	96.8
2010	128	1	0	13.3	100	0	0	4.92	96.13
2010	128	2	0	13.3	100	0	0	4.92	96.28
2010	128	3	0	13.9	100	0	0	4.92	93.17
2010	128	4	0	13.9	100	0	0	4.02	97.45
2010	128	5	0	13.9	99	0	3	2.24	100
2010	128	6	0	14.4	99	0	53	2.68	99.67
2010	128	7	0	15.6	99	0	190.5	2.68	100
2010	128	8	0	17.2	99	0	150	2.68	97.53
2010	128	9	0	17.2	99	0	162	2.68	89.41
2010	128	10	0	18.3	99	0	344.5	3.58	82.93
2010	128	11	0	19.4	99	0	812.5	6.26	76.99
2010	128	12	0	22.8	99	0	954	7.6	62.58
2010	128	13	0	25	99	0	946.5	10.73	55.36
2010	128	14	0	25.6	99	0	868.5	13.86	55.65
2010	128	15	0	24.4	99	0	734.5	14.31	54.95
2010	128	16	0	21.7	99	0	561.5	12.96	56.26
2010	128	17	0	21.1	100	0	365.5	13.41	57.46
2010	128	18	0	18.9	100	0	169.5	14.31	64.46
2010	128	19	0	17.8	100	0	21.5	13.86	67.96
2010	128	20	0	16.1	100	0	0	11.18	70.55
2010	128	21	0	13.9	100	0	0	16.54	71.18
2010	128	22	0	12.8	100	0	0	10.73	70.59
2010	128	23	0	12.2	100	0	0	10.28	68.79
2010	129	0	0	10.6	100	0	0	10.28	68.48
2010	129	1	0	10	100	0	0	9.83	70.9
2010	129	2	0	9.4	100	0	0	10.28	75.63
2010	129	3	0	8.3	100	0	0	15.2	74.9
2010	129	4	0	7.8	101	0	0	9.39	79.03
2010	129	5	0	7.2	101	0	8.5	11.62	73.35
2010	129	6	0	7.8	101	0	129	13.86	72.35
2010	129	7	0	7.8	101	0	262	12.52	66.36
2010	129	8	0	8.9	101	0	455	13.86	61.48
2010	129	9	0	10	101	0	704.5	11.62	58.66
2010	129	10	0	10.6	101	0	568.5	12.52	56.24
2010	129	11	0	10.6	101	0	342.5	13.86	57.53
2010	129	12	0	10	101	0	459.5	8.05	54.82
2010	129	13	0	11.1	101	0	220.5	7.6	55.52
2010	129	14	0	11.1	101	0	443	9.39	55.76
2010	129	15	0	11.7	101	0	420.5	8.94	55.78
2010	129	16	0	12.8	101	0	565	12.96	55.76
2010	129	17	0	12.2	101	0	321	10.73	59.64
2010	129	18	0	11.1	101	0	133.5	11.18	64.76
2010	129	19	0	10	101	0	22.5	11.62	70.36
2010	129	20	0	9.4	101	0	0	9.83	74.95
2010	129	21	0	8.9	101	0	0	10.28	79.22
2010	129	22	0	8.3	102	0	0	10.73	78.04
2010	129	23	0	7.8	102	0	0	8.94	82.77
2010	130	0	0	7.2	102	0	0	7.15	81.44
2010	130	1	0	7.2	102	0	0	6.71	79.8
2010	130	2	0	7.2	102	0	0	9.39	84.19
2010	130	3	0	6.7	102	0	0	6.26	83.17
2010	130	4	0	6.1	102	0	0	6.71	82.88
2010	130	5	0	6.1	102	0	9.5	6.26	83.62
2010	130	6	0	6.7	102	0	135	7.15	77.77
2010	130	7	0	7.8	102	0	335.5	7.6	66.04
2010	130	8	0	8.9	102	0	540.5	6.71	60.02
2010	130	9	0	10.6	102	0	723.5	6.71	54.36
2010	130	10	0	12.2	102	0	869	10.28	47.3
2010	130	11	0	12.8	102	0	963.5	9.39	45.03
2010	130	12	0	14.4	102	0	998.5	10.28	46.25
2010	130	13	0	15	102	0	973	7.6	45.13
2010	130	14	0	15.6	102	0	890.5	8.94	46.99
2010	130	15	0	16.7	102	0	755	7.15	48.24
2010	130	16	0	16.7	102	0	579.5	8.05	48.75
2010	130	17	0	15.6	102	0	380	9.83	53.19
2010	130	18	0	14.4	102	0	179	9.39	59.43
2010	130	19	0	13.9	102	0	24	9.39	67.77
2010	130	20	0	12.8	102	0	0	8.94	72.59
2010	130	21	0	12.2	102	0	0	7.6	77.28
2010	130	22	0	11.1	102	0	0	7.15	81.61
2010	130	23	0	10	102	0	0	5.81	80.22
2010	131	0	0	8.9	102	0	0	4.02	78.92
2010	131	1	0	8.9	102	0	0	3.58	83.68
2010	131	2	0	7.8	102	0	0	4.02	83.99
2010	131	3	0	7.2	102	0	0	3.13	84.09
2010	131	4	0	6.1	102	0	0	3.13	89.77
2010	131	5	0	6.7	102	0	6.5	3.13	85.85
2010	131	6	0	8.3	102	0	86	2.68	79.29
2010	131	7	0	10	103	0	248.5	5.81	62.53
2010	131	8	0	10.6	103	0	430.5	4.02	49.37
2010	131	9	0	12.2	102	0	557	4.92	44.5
2010	131	10	0	12.8	102	0	715	3.58	42.54
2010	131	11	0	12.8	102	0	780	0.01	41.23
2010	131	12	0	13.3	102	0	647.5	2.24	43.08
2010	131	13	0	12.2	102	0	406	6.26	46.78
2010	131	14	0	11.7	102	0	383	3.13	46.86
2010	131	15	0	11.7	102	0	300.5	4.47	52.66
2010	131	16	0	10.6	102	0	215	7.15	59.63
2010	131	17	0	10.6	102	0	56.5	5.81	63.76
2010	131	18	0	10	102	0	39.5	4.92	77.01
2010	131	19	0	10	102	0	5	4.47	85.23
2010	131	20	0	10.6	102	0	0	4.02	88.52
2010	131	21	0	10.6	102	0	0	4.47	90.74
2010	131	22	0	10.6	102	0	0	3.58	94.89
2010	131	23	0	9.4	102	0	0	3.58	100
2010	132	0	0	9.4	102	0.51	0	3.58	100
2010	132	1	0	8.9	102	1.02	0	4.47	100
2010	132	2	0	7.8	102	1.27	0	3.58	99.78
2010	132	3	0	7.8	102	3.56	0	4.92	100
2010	132	4	0	7.2	102	0.76	0	6.71	95.37
2010	132	5	0	7.2	102	0	7.5	5.81	97.14
2010	132	6	0	7.2	102	0	117.5	5.81	98.86
2010	132	7	0	7.8	102	0	22	6.26	100
2010	132	8	0	7.8	101	0	43.5	4.92	95.5
2010	132	9	0	7.8	101	1.02	101	4.47	96.47
2010	132	10	0	8.3	101	0.25	157.5	5.81	96.82
2010	132	11	0	8.9	101	0	154.5	5.81	96.65
2010	132	12	0	8.9	101	0	94.5	5.81	96.07
2010	132	13	0	8.9	101	0	140	4.02	94.98
2010	132	14	0	8.9	101	0	138	4.92	93.77
2010	132	15	0	8.9	101	0	233.5	3.13	92.27
2010	132	16	0	8.9	102	0.25	124.5	3.13	90.73
2010	132	17	0	8.9	102	0	58.5	4.92	89.76
2010	132	18	0	8.9	102	0	24.5	4.47	95.94
2010	132	19	0	8.9	102	0	3	5.81	95.16
2010	132	20	0	8.9	102	0	0	3.13	100
2010	132	21	0	8.9	102	0	0	3.58	98.93
2010	132	22	0	8.9	102	0	0	0.01	100
2010	132	23	0	8.9	102	0	0	3.13	100
2010	133	0	0	8.3	102	0	0	2.68	100
2010	133	1	0	7.2	102	0	0	1.34	100
2010	133	2	0	6.7	102	0	0	2.24	100
2010	133	3	0	7.2	102	0	0	3.13	99.15
2010	133	4	0	7.2	102	0	0	5.81	98.34
2010	133	5	0	7.2	102	0	10.5	4.47	98.37
2010	133	6	0	8.3	102	0	133.5	4.47	93.01
2010	133	7	0	10	102	0	328	4.92	80.28
2010	133	8	0	12.2	102	0	530	5.81	67.53
2010	133	9	0	13.3	102	0	709.5	4.47	59.22
2010	133	10	0	15	102	0	852.5	3.13	55.71
2010	133	11	0	16.1	102	0	943.5	1.34	51.26
2010	133	12	0	17.2	102	0	971.5	2.68	50.95
2010	133	13	0	15.6	102	0	942.5	4.92	53.24
2010	133	14	0	16.1	102	0	858.5	4.92	54.18
2010	133	15	0	15.6	102	0	722	6.26	56.01
2010	133	16	0	14.4	102	0	549.5	7.6	63.64
2010	133	17	0	13.3	102	0	250.5	5.81	73.21
2010	133	18	0	12.8	102	0	84.5	6.26	81.48
2010	133	19	0	11.1	102	0	11.5	7.15	86.11
2010	133	20	0	11.7	102	0	0	7.15	93.07
2010	133	21	0	11.7	102	0	0	8.05	93.55
2010	133	22	0	11.7	102	0	0	7.15	92.43
2010	133	23	0	11.7	102	0	0	6.26	91.14
2010	134	0	0	12.2	102	0	0	4.92	92.31
2010	134	1	0	11.1	102	0	0	6.71	94.49
2010	134	2	0	11.1	102	0	0	4.47	96.02
2010	134	3	0	12.2	101	0	0	4.92	97.47
2010	134	4	0	12.2	101	0	0	4.47	99.21
2010	134	5	0	11.7	101	0	0	3.58	100
2010	134	6	0	12.8	101	0	8.5	4.02	96.69
2010	134	7	0	13.3	101	0	100	4.47	94.11
2010	134	8	0	14.4	101	0	220.5	4.47	92.76
2010	134	9	0	16.1	101	0	348	4.47	87.54
2010	134	10	0	18.3	101	0	507.5	5.81	88.32
2010	134	11	0	20	101	0	823.5	4.47	88.46
2010	134	12	0	21.1	101	0	898.5	7.6	82.53
2010	134	13	0	23.3	101	0	837.5	7.6	85.57
2010	134	14	0	23.3	101	0	655.5	5.81	88.06
2010	134	15	0	22.8	101	0	480.5	5.81	90.74
2010	134	16	0	21.7	101	0	314	3.58	98.79
2010	134	17	0	21.1	101	0	163.5	3.13	99.76
2010	134	18	0	20	101	0	60.5	2.68	100
2010	134	19	0	19.4	101	0	7.5	2.68	100
2010	134	20	0	17.8	101	0	0	4.02	100
2010	134	21	0	18.3	101	0	0	3.58	100
2010	134	22	0	17.8	101	0	0	4.47	99.98
2010	134	23	0	18.9	101	0	0	4.47	100
2010	135	0	0	20.6	101	0	0	6.26	100
2010	135	1	0	20.6	101	0	0	5.81	96.49
2010	135	2	0	20.6	101	0	0	3.13	96.73
2010	135	3	0	19.4	101	0	0	4.02	93.93
2010	135	4	0	18.9	101	0	0	6.26	94.63
2010	135	5	0	17.8	101	0	12.5	11.18	93.07
2010	135	6	0	17.2	101	0	140	5.81	87.62
2010	135	7	0	17.8	101	0	335.5	10.28	78.02
2010	135	8	0	18.3	101	0	505.5	10.73	67.96
2010	135	9	0	19.4	101	0	622	9.39	63.22
2010	135	10	0	20	101	0	761.5	9.39	60.48
2010	135	11	0	20.6	101	0	843	7.6	61.81
2010	135	12	0	22.2	101	0	978	7.15	59.1
2010	135	13	0	22.2	101	0	956.5	6.71	59.94
2010	135	14	0	22.8	101	0	877.5	5.81	57.29
2010	135	15	0	23.3	101	0	748.5	7.15	58.31
2010	135	16	0	23.3	101	0	578.5	6.71	63.04
2010	135	17	0	22.8	101	0	383.5	7.6	71.06
2010	135	18	0	22.2	101	0	184.5	6.71	79.79
2010	135	19	0	21.1	101	0	28	5.81	82.57
2010	135	20	0	20	101	0	0	5.81	86.19
2010	135	21	0	18.9	101	0	0	4.92	83.96
2010	135	22	0	17.8	101	0	0	3.13	87.43
2010	135	23	0	17.2	101	0	0	3.58	90.42
2010	136	0	0	16.1	101	0	0	3.13	92.96
2010	136	1	0	14.4	101	0	0	4.02	90.46
2010	136	2	0	13.9	101	0	0	4.02	95
2010	136	3	0	13.3	101	0	0	4.02	94.97
2010	136	4	0	12.8	102	0	0	4.02	95.04
2010	136	5	0	13.3	102	0	8	3.58	89.54
2010	136	6	0	13.3	102	0	92.5	4.92	89.31
2010	136	7	0	13.9	102	0	216	4.92	76.74
2010	136	8	0	15	101	0	424	4.47	71.91
2010	136	9	0	17.2	101	0	577.5	4.02	69.64
2010	136	10	0	18.9	101	0	845.5	4.47	66.86
2010	136	11	0	18.3	101	0	791	6.71	63.3
2010	136	12	0	20.6	101	0	973	4.02	59.48
2010	136	13	0	21.1	101	0	951.5	4.92	59.37
2010	136	14	0	22.2	101	0	872.5	3.58	55.86
2010	136	15	0	22.2	101	0	741.5	4.47	56.28
2010	136	16	0	22.8	101	0	574	6.26	57.39
2010	136	17	0	22.2	101	0	383	4.92	64.66
2010	136	18	0	21.7	101	0	187.5	5.81	74
2010	136	19	0	20.6	101	0	29.5	3.58	76.78
2010	136	20	0	18.9	101	0	0	2.68	76.1
2010	136	21	0	16.7	101	0	0	0.01	80.85
2010	136	22	0	14.4	101	0	0	1.34	86.49
2010	136	23	0	15	101	0	0	0.01	92.22
2010	137	0	0	13.9	101	0	0	1.34	97.68
2010	137	1	0	13.3	102	0	0	1.34	95.66
2010	137	2	0	13.3	102	0	0	0.01	92.58
2010	137	3	0	13.9	102	0	0	0.01	95.22
2010	137	4	0	11.1	102	0	0	0.01	92.36
2010	137	5	0	12.8	102	0	7	1.34	87.78
2010	137	6	0	15	102	0	96	1.34	84.2
2010	137	7	0	17.2	102	0	282.5	2.24	79.28
2010	137	8	0	20	102	0	400.5	1.34	79.22
2010	137	9	0	21.1	102	0	553.5	3.13	78.28
2010	137	10	0	22.2	102	0	690	4.02	64.71
2010	137	11	0	22.8	102	0	737	2.68	53.07
2010	137	12	0	22.8	102	0	759	4.02	47.27
2010	137	13	0	21.1	101	0	619	4.92	48.34
2010	137	14	0	20.6	101	0	613.5	4.47	49.97
2010	137	15	0	19.4	101	0	409	4.47	52.93
2010	137	16	0	18.9	101	0	243.5	3.13	58.92
2010	137	17	0	17.8	101	0	163	3.58	76.75
2010	137	18	0	17.2	101	0	54.5	3.58	85.79
2010	137	19	0	16.1	101	0	3	3.13	87.7
2010	137	20	0	16.1	101	0	0	2.68	86.19
2010	137	21	0	15.6	101	0	0	3.58	91.3
2010	137	22	0	14.4	101	0	0	4.02	90.49
2010	137	23	0	15	101	0	0	2.68	88.91
2010	138	0	0	14.4	101	0	0	2.24	87.59
2010	138	1	0	13.9	101	0	0	2.24	88.37
2010	138	2	0	13.9	101	0	0	0.01	96.76
2010	138	3	0	13.9	101	0	0	0.01	99.09
2010	138	4	0	12.8	101	0	0	0.01	100
2010	138	5	0	12.8	101	0	2.5	2.68	100
2010	138	6	0	13.3	101	0	15	2.24	97.02
2010	138	7	0	13.3	101	0.51	53.5	1.34	96.04
2010	138	8	0	12.2	101	0.25	78	3.58	91.89
2010	138	9	0	11.1	101	0.76	139	3.13	89.81
2010	138	10	0	11.1	101	1.78	126	2.68	89.79
2010	138	11	0	10.6	101	1.52	192.5	4.02	90.31
2010	138	12	0	11.1	101	2.54	263	6.26	90.5
2010	138	13	0	11.1	101	0.76	190	7.15	90.72
2010	138	14	0	10.6	101	1.27	48.5	7.15	91.43
2010	138	15	0	10.6	101	3.05	60	7.6	92.12
2010	138	16	0	11.1	101	6.6	120	6.71	92.58
2010	138	17	0	11.1	101	1.78	120	6.71	92.8
2010	138	18	0	11.1	101	0.51	58	8.05	99.15
2010	138	19	0	11.1	101	0.51	26.5	8.94	99.28
2010	138	20	0	11.1	101	0	0	8.94	98.94
2010	138	21	0	11.1	100	0	0	8.94	98.67
2010	138	22	0	10.6	100	0	0	7.15	98.27
2010	138	23	0	10.6	100	0	0	7.15	97.94
2010	139	0	0	10.6	100	0	0	6.71	97.69
2010	139	1	0	10.6	100	0	0	6.71	97.46
2010	139	2	0	10.6	100	0	0	6.71	97.45
2010	139	3	0	10.6	100	0	0	5.81	97.7
2010	139	4	0	11.1	100	0	0	6.26	97.87
2010	139	5	0	11.1	100	0	13.5	6.26	98.8
2010	139	6	0	11.1	101	0	36.5	4.47	94.47
2010	139	7	0	11.7	101	0	117	4.92	95.3
2010	139	8	0	13.3	101	0	172.5	4.92	83.7
2010	139	9	0	13.3	100	0	269	4.92	84.42
2010	139	10	0	15	100	0	205	4.92	79.96
2010	139	11	0	15	100	0	235	7.6	75.93
2010	139	12	0	17.2	100	0	456	5.81	76.85
2010	139	13	0	17.8	100	0	366	6.26	77.89
2010	139	14	0	18.9	100	0	149	5.81	78.94
2010	139	15	0	17.2	100	0	300.5	5.81	74.91
2010	139	16	0	17.8	100	0	73.5	3.58	75.96
2010	139	17	0	17.8	101	0	52.5	3.58	83.65
2010	139	18	0	17.2	101	0	56.5	4.02	93.27
2010	139	19	0	17.2	101	0	29.5	3.58	95.66
2010	139	20	0	16.7	101	0	0	3.13	94.62
2010	139	21	0	16.1	101	0	0	1.34	94.07
2010	139	22	0	16.7	101	0	0	2.24	99.76
2010	139	23	0	15	101	0	0	0.01	98.88
2010	140	0	0	15	101	0	0	0.01	100
2010	140	1	0	15.6	101	0	0	2.24	100
2010	140	2	0	15	101	0	0	0.01	100
2010	140	3	0	13.3	101	0	0	0.01	100
2010	140	4	0	13.3	101	0	0	1.34	100
2010	140	5	0	12.8	101	0	15.5	0.01	100
2010	140	6	0	14.4	101	0	145.5	0.01	93.03
2010	140	7	0	17.2	101	0	334.5	0.01	83.55
2010	140	8	0	17.8	101	0	527.5	1.34	78.46
2010	140	9	0	19.4	101	0	700.5	2.68	69.65
2010	140	10	0	20	101	0	841.5	3.13	65.04
2010	140	11	0	20	101	0	935.5	5.81	60.81
2010	140	12	0	21.1	101	0	972	4.47	57.17
2010	140	13	0	21.1	101	0	949.5	4.92	57.64
2010	140	14	0	22.2	101	0	869	4.47	58.93
2010	140	15	0	20.6	101	0	738.5	6.26	61.26
2010	140	16	0	20.6	101	0	569.5	4.47	63.86
2010	140	17	0	17.8	101	0	379	6.26	64.97
2010	140	18	0	17.8	101	0	187	3.58	79.96
2010	140	19	0	17.2	101	0	31	4.92	83.98
2010	140	20	0	15.6	101	0	0	2.24	88.03
2010	140	21	0	16.1	101	0	0	2.24	87.52
2010	140	22	0	16.1	101	0	0	1.34	93.59
2010	140	23	0	16.1	101	0	0	2.24	94.18
2010	141	0	0	17.2	101	0	0	2.68	100
2010	141	1	0	16.7	101	0	0	1.34	100
2010	141	2	0	16.7	101	0	0	1.34	100
2010	141	3	0	16.1	101	0	0	0.01	100
2010	141	4	0	15.6	101	0	0	0.01	100
2010	141	5	0	15.6	101	0	15	0.01	96.73
2010	141	6	0	19.4	101	0	142	2.68	92.33
2010	141	7	0	22.8	101	0	329.5	3.58	85.77
2010	141	8	0	25	101	0	454.5	3.58	80.51
2010	141	9	0	26.7	101	0	696	3.58	73.06
2010	141	10	0	27.8	101	0	823.5	2.68	68.01
2010	141	11	0	26.7	101	0	900.5	4.02	67.31
2010	141	12	0	26.7	101	0	894	4.92	67.06
2010	141	13	0	25	101	0	829.5	3.58	67.02
2010	141	14	0	25.6	101	0	785	4.02	71.4
2010	141	15	0	23.3	101	0	661.5	5.81	71.25
2010	141	16	0	22.8	101	0	513	5.81	80.41
2010	141	17	0	20	101	0	309	4.47	84.69
2010	141	18	0	18.9	102	0	150.5	4.47	94.18
2010	141	19	0	17.2	102	0	27.5	4.02	98.16
2010	141	20	0	16.1	102	0	0	3.58	100
2010	141	21	0	15.6	102	0	0	2.24	100
2010	141	22	0	15.6	102	0	0	3.13	100
2010	141	23	0	15	102	0	0	3.13	100
2010	142	0	0	15	102	0	0	2.68	100
2010	142	1	0	14.4	102	0	0	2.24	100
2010	142	2	0	14.4	102	0	0	2.24	100
2010	142	3	0	14.4	102	0	0	2.24	100
2010	142	4	0	14.4	102	0	0	2.24	100
2010	142	5	0	14.4	102	0	8	2.68	100
2010	142	6	0	14.4	102	0	87	2.24	99.13
2010	142	7	0	15.6	102	0	262	2.68	93.62
2010	142	8	0	17.2	102	0	432.5	2.68	85.21
2010	142	9	0	19.4	102	0	573.5	3.13	82.85
2010	142	10	0	20	102	0	646.5	3.13	78
2010	142	11	0	20.6	102	0	720.5	3.58	78.89
2010	142	12	0	20.6	102	0	725.5	4.02	79.89
2010	142	13	0	20	102	0	733.5	4.02	80.84
2010	142	14	0	20.6	102	0	699.5	4.92	81.83
2010	142	15	0	20	102	0	597	6.26	82.46
2010	142	16	0	19.4	102	0	425	4.02	87.87
2010	142	17	0	18.3	102	0	322	5.81	93.87
2010	142	18	0	17.8	102	0	8.5	4.92	94.27
2010	142	19	0	17.8	102	0	1.5	4.02	100
2010	142	20	0	17.2	102	0	0	4.02	99.57
2010	142	21	0	17.2	102	0	0	4.47	99.36
2010	142	22	0	17.2	102	0	0	4.02	99.45
2010	142	23	0	17.2	102	0	0	4.02	99.39
2010	143	0	0	17.2	102	0	0	5.81	99.77
2010	143	1	0	17.2	102	0	0	4.02	99.95
2010	143	2	0	17.2	102	0	0	3.13	100
2010	143	3	0	17.2	102	0	0	3.13	100
2010	143	4	0	17.2	102	0	0	2.68	100
2010	143	5	0	17.2	102	0	16	3.58	100
2010	143	6	0	17.8	102	0	43.5	3.58	100
2010	143	7	0	17.8	102	0	45	3.58	99.53
2010	143	8	0	18.3	102	0	138	4.47	96.83
2010	143	9	0	20	102	0	153	4.02	92.8
2010	143	10	0	21.7	102	0	248.5	5.81	87.62
2010	143	11	0	21.1	102	0	593	4.92	87.77
2010	143	12	0	21.7	102	0	592.5	6.26	82.57
2010	143	13	0	21.7	102	0	545	5.81	82.21
2010	143	14	0	22.2	102	0	583.5	4.47	81.29
2010	143	15	0	22.2	102	0	495	4.02	80.13
2010	143	16	0	21.7	102	0	375.5	4.02	84.41
2010	143	17	0	21.1	102	0	226	4.92	90.23
2010	143	18	0	20.6	102	0	153	4.92	97.6
2010	143	19	0	19.4	102	0	32.5	3.58	100
2010	143	20	0	19.4	102	0	0	4.47	100
2010	143	21	0	18.9	102	0	0	5.81	99.91
2010	143	22	0	18.9	102	0	0	4.02	100
2010	143	23	0	18.3	102	0	0	3.58	100
2010	144	0	0	18.3	102	0	0	4.02	100
2010	144	1	0	17.8	102	0	0	2.68	100
2010	144	2	0	17.8	102	0	0	4.02	100
2010	144	3	0	17.8	102	0	0	3.13	100
2010	144	4	0	16.7	102	0.25	0	3.13	100
2010	144	5	0	16.7	102	0.25	17.5	3.58	100
2010	144	6	0	17.2	102	0.76	61.5	4.02	99.66
2010	144	7	0	17.2	102	0	129.5	3.13	97.07
2010	144	8	0	17.8	102	0	134.5	3.13	94.66
2010	144	9	0	18.9	102	0	252	2.68	91.18
2010	144	10	0	18.9	102	0	234.5	3.58	86.44
2010	144	11	0	18.3	102	0	266.5	4.02	86.64
2010	144	12	0	20	102	0	521	3.58	86.91
2010	144	13	0	21.1	102	0	291.5	2.68	87.06
2010	144	14	0	21.7	102	0	156	3.58	87.13
2010	144	15	0	21.7	102	0	290	3.13	87.03
2010	144	16	0	22.2	102	0	548.5	4.02	86.87
2010	144	17	0	21.1	102	0	368.5	2.68	92.4
2010	144	18	0	20.6	102	0	186.5	2.68	99.14
2010	144	19	0	18.9	102	0	39	2.68	100
2010	144	20	0	17.2	102	0	0	1.34	100
2010	144	21	0	16.7	102	0	0	0.01	100
2010	144	22	0	16.1	102	0	0	0.01	100
2010	144	23	0	16.1	102	0	0	0.01	100
2010	145	0	0	16.1	102	0	0	0.01	100
2010	145	1	0	15	102	0	0	2.24	100
2010	145	2	0	14.4	102	0	0	2.24	100
2010	145	3	0	15	102	0	0	0.01	100
2010	145	4	0	15	102	0	0	0.01	100
2010	145	5	0	15	102	0	19	0.01	100
2010	145	6	0	17.2	102	0	152.5	0.01	98.29
2010	145	7	0	20	102	0	339.5	0.01	90.21
2010	145	8	0	21.7	102	0	530.5	0.01	82.15
2010	145	9	0	22.8	102	0	700	2.68	78.75
2010	145	10	0	22.8	102	0	836	4.02	74.71
2010	145	11	0	23.3	102	0	924	4.92	74.67
2010	145	12	0	22.8	102	0	957	4.92	74.26
2010	145	13	0	23.3	102	0	935.5	4.92	73.71
2010	145	14	0	22.2	101	0	859	6.71	73.31
2010	145	15	0	22.2	101	0	733	6.26	77.79
2010	145	16	0	21.1	101	0	570	6.26	78.6
2010	145	17	0	20.6	101	0	384	5.81	84.23
2010	145	18	0	19.4	101	0	195	4.47	89.92
2010	145	19	0	18.3	101	0	42	3.13	97.17
2010	145	20	0	17.8	101	0	0	4.02	100
2010	145	21	0	17.2	101	0	0	4.92	98.87
2010	145	22	0	17.2	101	0	0	4.92	97.88
2010	145	23	0	16.1	101	0	0	3.13	100
2010	146	0	0	16.1	101	0	0	3.13	100
2010	146	1	0	16.1	101	0	0	3.13	100
2010	146	2	0	16.1	101	0	0	2.68	100
2010	146	3	0	16.7	101	0	0	2.68	100
2010	146	4	0	16.7	101	0	0	3.58	100
2010	146	5	0	16.7	101	0	18	3.58	100
2010	146	6	0	17.8	101	0	148.5	2.68	93.62
2010	146	7	0	18.9	101	0	333	2.24	92.43
2010	146	8	0	22.2	101	0	522.5	2.24	84.83
2010	146	9	0	25.6	101	0	567	1.34	73.75
2010	146	10	0	28.9	101	0	693.5	1.34	69.59
2010	146	11	0	31.1	100	0	766	4.47	65.61
2010	146	12	0	32.2	100	0	867.5	4.02	62.24
2010	146	13	0	31.7	100	0	915.5	4.02	63.22
2010	146	14	0	32.2	100	0	837	7.15	61.05
2010	146	15	0	26.7	100	0	715.5	6.26	63.28
2010	146	16	0	28.9	100	0	556.5	4.02	65.3
2010	146	17	0	28.9	100	0	270	3.13	72.11
2010	146	18	0	27.8	100	0	171.5	2.68	79.19
2010	146	19	0	27.8	100	0	40.5	2.68	85.89
2010	146	20	0	32.2	100	0	0	4.02	86.19
2010	146	21	0	28.3	100	0	0	3.58	91.34
2010	146	22	0	30.6	100	0	0	4.47	90.45
2010	146	23	0	30	100	0	0	6.26	95.55
2010	147	0	0	28.9	100	0	0	4.92	94.88
2010	147	1	0	27.8	100	0	0	4.92	100
2010	147	2	0	27.2	100	0	0	5.81	100
2010	147	3	0	23.9	100	0	0	7.15	100
2010	147	4	0	22.2	100	0	0	4.92	100
2010	147	5	0	21.1	100	0	18	4.02	100
2010	147	6	0	21.1	100	0	146.5	9.39	99.43
2010	147	7	0	20.6	100	0	162	6.71	91.24
2010	147	8	0	20.6	100	0	207.5	4.47	91.45
2010	147	9	0	20.6	100	0	260.5	4.02	92.17
2010	147	10	0	21.1	100	0	291.5	2.68	86.95
2010	147	11	0	18.9	100	0	329	4.47	87.06
2010	147	12	0	19.4	100	0	463	4.92	86.78
2010	147	13	0	20.6	100	0	610	3.13	86.03
2010	147	14	0	21.1	100	0	581.5	4.47	84.6
2010	147	15	0	20	100	0	539	4.47	87.86
2010	147	16	0	19.4	100	0	389	5.81	90.55
2010	147	17	0	17.8	100	0	240	6.71	87.14
2010	147	18	0	16.7	100	0	66	6.26	89.84
2010	147	19	0	15	101	0	13	3.58	93.37
2010	147	20	0	14.4	101	0.25	0	4.47	97.15
2010	147	21	0	14.4	101	0	0	4.02	95
2010	147	22	0	13.9	101	0	0	2.24	94.55
2010	147	23	0	13.9	101	0	0	0.01	95.03
2010	148	0	0	13.9	101	0	0	0.01	95.21
2010	148	1	0	13.9	101	0	0	0.01	95.35
2010	148	2	0	13.9	101	0	0	0.01	100
2010	148	3	0	13.3	101	0	0	0.01	100
2010	148	4	0	13.9	101	0	0	2.24	100
2010	148	5	0	13.3	101	0	13.5	2.68	97.98
2010	148	6	0	14.4	101	0	111.5	1.34	91.31
2010	148	7	0	16.1	101	0	256	2.68	82.96
2010	148	8	0	16.7	101	0	464	3.13	78.94
2010	148	9	0	17.8	101	0	510.5	0.01	75.57
2010	148	10	0	19.4	101	0	622.5	1.34	77.17
2010	148	11	0	18.9	101	0	724.5	3.58	78.37
2010	148	12	0	18.9	101	0	722.5	4.47	79.22
2010	148	13	0	18.9	101	0	698.5	4.92	79.6
2010	148	14	0	18.3	101	0	588.5	4.47	79.84
2010	148	15	0	17.8	101	0	489	4.47	85.69
2010	148	16	0	17.2	101	0	426.5	4.02	86.03
2010	148	17	0	16.7	101	0	317	4.47	86.2
2010	148	18	0	16.1	101	0	162.5	4.02	92.47
2010	148	19	0	15.6	101	0	34.5	3.13	97.02
2010	148	20	0	15.6	101	0	0	3.13	100
2010	148	21	0	15.6	101	0	0	4.47	100
2010	148	22	0	15.6	101	0	0	3.58	100
2010	148	23	0	15	101	0	0	4.02	100
2010	149	0	0	15.6	101	0	0	4.47	100
2010	149	1	0	15	101	0	0	3.13	100
2010	149	2	0	15.6	101	0	0	3.13	100
2010	149	3	0	15.6	101	0	0	3.13	100
2010	149	4	0	15.6	101	0	0	4.02	100
2010	149	5	0	15.6	101	0	8	4.02	98.06
2010	149	6	0	17.2	101	0	69	4.47	100
2010	149	7	0	17.8	101	0	125	4.47	97.2
2010	149	8	0	18.3	101	0	273.5	4.02	91.7
2010	149	9	0	18.3	101	0	321.5	4.02	86.61
2010	149	10	0	18.9	101	0	284	4.02	87.55
2010	149	11	0	20	101	0	861	4.92	88.81
2010	149	12	0	20.6	101	0	895	6.71	85.29
2010	149	13	0	20.6	101	0	877	7.15	81.92
2010	149	14	0	21.1	101	0	805	6.71	83.58
2010	149	15	0	20.6	101	0	654.5	4.92	85.17
2010	149	16	0	20.6	101	0	451.5	4.92	87.07
2010	149	17	0	20.6	101	0	292.5	6.71	89.49
2010	149	18	0	19.4	101	0	126	5.81	96.38
2010	149	19	0	19.4	101	0	17.5	4.47	100
2010	149	20	0	18.9	101	0	0	1.34	100
2010	149	21	0	18.9	101	0	0	2.24	100
2010	149	22	0	18.3	101	0	0	2.68	100
2010	149	23	0	18.3	100	0	0	2.24	100
2010	150	0	0	18.9	100	0	0	3.13	100
2010	150	1	0	18.9	100	0	0	3.58	100
2010	150	2	0	18.9	100	0	0	3.13	100
2010	150	3	0	21.1	100	0	0	3.58	100
2010	150	4	0	20.6	101	0	0	4.92	100
2010	150	5	0	20.6	101	0	16	4.92	100
2010	150	6	0	21.1	101	0	126.5	3.58	95.62
2010	150	7	0	22.8	101	0	336	4.02	83.93
2010	150	8	0	24.4	101	0	527.5	4.92	77.05
2010	150	9	0	26.1	101	0	700	6.26	70.56
2010	150	10	0	26.7	101	0	838	5.81	64.39
2010	150	11	0	27.8	101	0	928	4.92	59.86
2010	150	12	0	28.3	101	0	963	1.34	60.38
2010	150	13	0	28.9	101	0	941	4.47	57.82
2010	150	14	0	30	101	0	865.5	6.26	59.08
2010	150	15	0	30.6	101	0	742.5	4.47	60.69
2010	150	16	0	30.6	101	0	581.5	3.58	63.03
2010	150	17	0	30	101	0	395.5	6.26	69.82
2010	150	18	0	29.4	101	0	207.5	6.26	79.08
2010	150	19	0	28.9	101	0	49.5	5.81	84.37
2010	150	20	0	27.8	101	0	0	4.02	82.84
2010	150	21	0	25.6	101	0	0	4.02	87.04
2010	150	22	0	24.4	101	0	0	3.58	91.89
2010	150	23	0	22.2	101	0	0	3.13	91.56
2010	151	0	0	20.6	101	0	0	2.68	97.34
2010	151	1	0	23.3	101	0	0	2.24	97.09
2010	151	2	0	20.6	101	0	0	0.01	100
2010	151	3	0	21.1	101	0	0	0.01	100
2010	151	4	0	19.4	101	0	0	4.02	100
2010	151	5	0	21.1	101	0	20	4.02	97.39
2010	151	6	0	22.2	101	0	153.5	0.01	93.1
2010	151	7	0	23.3	101	0	336.5	4.47	84.45
2010	151	8	0	25	101	0	522.5	3.13	75.84
2010	151	9	0	27.2	101	0	687.5	2.24	68.62
2010	151	10	0	26.7	101	0	817	3.13	65.57
2010	151	11	0	28.3	101	0	899.5	6.26	70.86
2010	151	12	0	25.6	101	0	927.5	8.05	72.07
2010	151	13	0	23.9	101	0	904	9.39	72.81
2010	151	14	0	23.9	101	0	828.5	6.71	77.56
2010	151	15	0	23.3	101	0	704.5	6.71	82.17
2010	151	16	0	23.3	101	0	544	6.26	81.81
2010	151	17	0	22.2	101	0	94	4.47	92.43
2010	151	18	0	21.1	101	0	43	4.02	97.57
2010	151	19	0	20	101	0	13.5	4.47	100
2010	151	20	0	19.4	101	0	0	3.13	99.51
2010	151	21	0	18.9	101	0	0	3.58	100
2010	151	22	0	18.9	101	0	0	3.58	100
2010	151	23	0	18.9	101	0	0	3.13	100
2010	152	0	0	19	101	0	0	1.34	100
2010	152	1	0	18.9	101	0	0	0.01	100
2010	152	2	0	18.9	101	0	0	0.01	100
2010	152	3	0	18.9	101	0	0	1.34	100
2010	152	4	0	18.3	100	0	0	0.01	100
2010	152	5	0	19.4	100	0	20	2.68	100
2010	152	6	0	20	100	0	106.5	4.02	100
2010	152	7	0	22.2	100	0	268	4.92	100
2010	152	8	0	23.3	100	0	514.5	4.47	97.59
2010	152	9	0	25.6	100	0	680.5	4.47	91.48
2010	152	10	0	27.8	100	0	811	8.94	85.64
2010	152	11	0	28.3	100	0	142	8.05	80.51
2010	152	12	0	29.4	100	0	147	7.6	80.49
2010	152	13	0	28.3	100	0	537	7.15	81.07
2010	152	14	0	26.7	100	0	353	8.94	87.86
2010	152	15	0	27.2	100	0	486.5	7.6	95.43
2010	152	16	0	23.9	100	0	230	8.05	96.33
2010	152	17	0	23.3	100	0	146.5	8.05	100
2010	152	18	0	25	100	0	10	5.81	100
2010	152	19	0	23.3	100	0	4.5	5.81	100
2010	152	20	0	22.2	100	0	0	3.58	100
2010	152	21	0	21.7	100	0	0	3.58	100
2010	152	22	0	21.7	100	0	0	2.24	100
2010	152	23	0	20.6	100	0	0	2.68	100
2010	153	0	0	20.6	100	0	0	2.24	100
2010	153	1	0	18.9	100	0	0	1.34	100
2010	153	2	0	19.4	100	0	0	1.34	100
2010	153	3	0	20	100	0	0	0.01	100
2010	153	4	0	20.6	100	0	0	2.68	100
2010	153	5	0	21.1	101	0	21.5	2.24	100
2010	153	6	0	22.8	101	0	158	2.24	99.43
2010	153	7	0	23.9	101	0	342.5	2.24	91.06
2010	153	8	0	25	101	0	531	1.34	73.72
2010	153	9	0	26.1	101	0	701	0.01	68.89
2010	153	10	0	26.7	101	0	837	4.47	70.1
2010	153	11	0	26.7	101	0	926.5	4.47	66.9
2010	153	12	0	26.7	101	0	961.5	4.47	67.68
2010	153	13	0	26.7	100	0	939.5	4.92	68.35
2010	153	14	0	26.7	100	0	862.5	4.92	69.01
2010	153	15	0	26.7	100	0	666	4.02	74.36
2010	153	16	0	25.6	100	0	535	4.47	75.94
2010	153	17	0	24.4	100	0	341.5	5.81	83.29
2010	153	18	0	23.3	100	0	168	4.92	96.21
2010	153	19	0	21.7	100	0	43	4.02	100
2010	153	20	0	20.6	100	0	0	4.02	100
2010	153	21	0	19.4	100	0	0	4.47	100
2010	153	22	0	18.3	100	0	0	3.58	100
2010	153	23	0	17.8	100	0	0	4.02	100
2010	154	0	0	18.3	100	0	0	2.68	100
2010	154	1	0	18.3	100	0	0	2.24	100
2010	154	2	0	18.3	100	0	0	2.24	100
2010	154	3	0	18.3	100	0	0	2.68	100
2010	154	4	0	17.8	100	0	0	3.58	100
2010	154	5	0	17.8	100	0	19.5	3.13	100
2010	154	6	0	18.3	100	0	105.5	3.13	98.03
2010	154	7	0	18.3	100	0	160	3.58	95.49
2010	154	8	0	18.3	100	0	436.5	4.02	91.11
2010	154	9	0	20	100	0	683.5	4.92	85.4
2010	154	10	0	21.7	100	0	807.5	4.47	80.01
2010	154	11	0	24.4	100	0	885.5	4.02	80.12
2010	154	12	0	25.6	100	0	921	4.92	80.24
2010	154	13	0	26.7	100	0	895	5.81	80.1
2010	154	14	0	26.7	100	0	819	7.6	75.19
2010	154	15	0	26.7	100	0	705	4.92	74.9
2010	154	16	0	26.1	100	0	553.5	3.58	80.32
2010	154	17	0	30.6	100	0	377	4.92	82.41
2010	154	18	0	30.6	100	0	198	5.81	89.59
2010	154	19	0	29.4	100	0	48.5	4.92	91.43
2010	154	20	0	28.9	100	0	0	5.81	95.82
2010	154	21	0	27.8	100	0	0	4.47	94.71
2010	154	22	0	27.2	100	0	0	2.68	93.89
2010	154	23	0	23.9	100	0	0	2.24	99.23
2010	155	0	0	25.6	100	0	0	2.68	98.35
2010	155	1	0	23.9	100	0	0	2.24	100
2010	155	2	0	23.9	100	0	0	0.01	100
2010	155	3	0	22.2	100	0	0	0.01	100
2010	155	4	0	22.8	100	0	0	0.01	100
2010	155	5	0	22.2	100	0	19	0.01	100
2010	155	6	0	23.3	100	0	146	3.58	98.31
2010	155	7	0	25.6	100	0	327.5	3.58	87.07
2010	155	8	0	26.1	100	0	519	3.58	76.49
2010	155	9	0	28.3	100	0	689.5	3.13	71.25
2010	155	10	0	29.4	100	0	821.5	3.58	66.49
2010	155	11	0	29.4	100	0	907	5.81	66.47
2010	155	12	0	30	100	0	941.5	6.26	66.63
2010	155	13	0	30.6	100	0	912.5	7.6	66.83
2010	155	14	0	30	100	0	829	6.26	67.45
2010	155	15	0	27.8	100	0	707.5	8.94	68.76
2010	155	16	0	27.8	100	0	548	8.05	75.35
2010	155	17	0	26.7	100	0	367	7.15	77.65
2010	155	18	0	25	100	0	149.5	8.05	90.67
2010	155	19	0	23.9	100	0	36	8.05	94.76
2010	155	20	0	22.8	100	0	0	5.81	100
2010	155	21	0	22.8	100	0	0	4.47	100
2010	155	22	0	22.2	100	0	0	3.58	99.5
2010	155	23	0	22.8	100	0	0	2.24	100
2010	156	0	0	21.7	100	0	0	3.58	100
2010	156	1	0	21.7	100	0	0	1.34	100
2010	156	2	0	21.7	100	0	0	4.02	100
2010	156	3	0	22.2	100	0	0	3.13	99.52
2010	156	4	0	21.7	100	0	0	4.02	100
2010	156	5	0	21.7	100	0	1.5	4.02	100
2010	156	6	0	21.7	100	0	57.5	1.34	100
2010	156	7	0	23.3	100	0	74.5	1.34	98.55
2010	156	8	0	26.7	100	0	413.5	7.6	92.22
2010	156	9	0	27.8	100	0	599.5	6.26	84.02
2010	156	10	0	28.9	100	0	805	7.6	77.84
2010	156	11	0	30	100	0	804.5	7.15	72.82
2010	156	12	0	31.1	100	0	776	8.05	72.37
2010	156	13	0	31.1	100	0	719.5	8.05	67.79
2010	156	14	0	30.6	100	0	655	8.94	67.49
2010	156	15	0	31.1	100	0	543	7.6	72.32
2010	156	16	0	31.7	100	0	474.5	8.94	74.73
2010	156	17	0	31.1	100	0	303	5.81	81.09
2010	156	18	0	30	100	0	157.5	6.71	86.07
2010	156	19	0	28.9	100	0	27	7.6	91.16
2010	156	20	0	28.9	100	0	0	7.6	91.49
2010	156	21	0	28.3	100	0	0	6.26	96.85
2010	156	22	0	27.8	100	0	0	4.92	96.47
2010	156	23	0	26.7	100	0	0	4.02	100
2010	157	0	0	24.4	100	0	0	4.02	100
2010	157	1	0	24.4	100	0	0	4.02	100
2010	157	2	0	23.3	100	0	0	3.58	100
2010	157	3	0	22.8	100	0	0	3.58	100
2010	157	4	0	23.3	100	0	0	5.81	100
2010	157	5	0	23.3	100	0	19	4.47	100
2010	157	6	0	23.3	100	0	130.5	4.47	100
2010	157	7	0	25	100	0	235	4.47	93.67
2010	157	8	0	24.4	99	0	378	4.92	90.06
2010	157	9	0	25	99	0	613.5	4.92	91.91
2010	157	10	0	27.2	99	0	573	8.05	87.18
2010	157	11	0	26.1	99	0	655	8.94	86.45
2010	157	12	0	27.2	99	0	700.5	8.94	85.95
2010	157	13	0	26.7	99	0	600	7.6	85.59
2010	157	14	0	28.9	99	0	530	5.81	85.77
2010	157	15	0	30	99	0	433	10.73	86.59
2010	157	16	0	30.6	99	0	389.5	11.18	86.42
2010	157	17	0	28.9	99	0	144.5	9.83	84.19
2010	157	18	0	27.2	99	0	137.5	11.18	75.87
2010	157	19	0	23.9	99	0	55	11.62	71.65
2010	157	20	0	21.1	100	0	0	11.18	75.69
2010	157	21	0	19.4	100	0	0	11.18	76.41
2010	157	22	0	18.3	100	0	0	10.73	79.89
2010	157	23	0	17.8	100	0	0	9.83	79.82
2010	158	0	0	16.7	100	0	0	9.83	84.45
2010	158	1	0	16.1	100	0	0	7.6	84.03
2010	158	2	0	15.6	100	0	0	6.71	89.11
2010	158	3	0	15	100	0	0	7.15	88.69
2010	158	4	0	15	100	0	0	4.92	88.6
2010	158	5	0	15	100	0	24	6.71	89.55
2010	158	6	0	15.6	100	0	166	6.26	77.3
2010	158	7	0	17.2	100	0	356	7.15	68.89
2010	158	8	0	18.9	100	0	549	6.71	62.73
2010	158	9	0	20.6	100	0	722	6.71	58.14
2010	158	10	0	22.2	100	0	862.5	6.26	54.27
2010	158	11	0	22.8	100	0	956	4.02	51.57
2010	158	12	0	23.3	100	0	731	6.26	53.47
2010	158	13	0	23.9	100	0	974	6.26	51.52
2010	158	14	0	24.4	100	0	896.5	4.92	52.3
2010	158	15	0	23.3	100	0	770.5	6.71	53.25
2010	158	16	0	25.6	100	0	607.5	6.71	53.97
2010	158	17	0	23.3	101	0	255.5	7.6	59.75
2010	158	18	0	23.3	101	0	228.5	8.94	68.99
2010	158	19	0	22.2	101	0	63	6.71	76.74
2010	158	20	0	21.7	101	0	0	6.26	80.18
2010	158	21	0	21.1	101	0	0	4.47	78.22
2010	158	22	0	20.6	101	0	0	4.92	81.32
2010	158	23	0	19.4	101	0	0	4.47	79.67
2010	159	0	0	18.9	101	0	0	4.92	83.12
2010	159	1	0	18.3	101	0	0	6.71	80.75
2010	159	2	0	17.2	101	0	0	6.26	83.64
2010	159	3	0	17.2	101	0	0	4.02	81.69
2010	159	4	0	16.7	101	0	0	5.81	86.05
2010	159	5	0	15	101	0	25.5	2.24	81.86
2010	159	6	0	16.7	101	0	173.5	5.81	71.94
2010	159	7	0	17.8	101	0	367	4.92	64.46
2010	159	8	0	19.4	101	0	563	4.02	58.25
2010	159	9	0	20.6	101	0	737.5	3.58	54.86
2010	159	10	0	21.1	101	0	744.5	4.02	52.34
2010	159	11	0	22.8	101	0	827	4.92	50.45
2010	159	12	0	23.3	101	0	854.5	6.26	52.48
2010	159	13	0	23.9	101	0	832	5.81	54.38
2010	159	14	0	23.3	101	0	743.5	8.05	55.4
2010	159	15	0	22.2	101	0	593	6.71	55.99
2010	159	16	0	23.9	101	0	611.5	9.39	56.31
2010	159	17	0	22.2	101	0	430	7.15	61.05
2010	159	18	0	21.7	101	0	204	8.94	70.17
2010	159	19	0	21.1	101	0	68	6.71	78.4
2010	159	20	0	20	101	0	0	4.02	82.01
2010	159	21	0	19.4	101	0	0	3.13	80.82
2010	159	22	0	18.3	101	0	0	0.01	86.35
2010	159	23	0	15.6	101	0	0	2.24	86.32
2010	160	0	0	15.6	101	0	0	0.01	84.94
2010	160	1	0	15	101	0	0	0.01	85.16
2010	160	2	0	12.8	101	0	0	2.68	92.09
2010	160	3	0	12.2	101	0	0	2.68	92.95
2010	160	4	0	13.3	101	0	0	2.24	95.48
2010	160	5	0	13.3	102	0	26	2.24	95.42
2010	160	6	0	15.6	102	0	84.5	0.01	87.56
2010	160	7	0	18.3	102	0	168.5	2.24	75.43
2010	160	8	0	19.4	101	0	255	3.13	68.87
2010	160	9	0	19.4	101	0	153	3.58	68.93
2010	160	10	0	18.9	101	0	273	4.47	69.15
2010	160	11	0	18.9	101	0	157	4.47	69.99
2010	160	12	0	18.9	101	0	294.5	5.81	77.12
2010	160	13	0	18.9	101	0	227.5	5.81	80.71
2010	160	14	0	16.7	101	0.51	170.5	4.02	85.46
2010	160	15	0	16.7	101	1.02	129.5	4.92	89.07
2010	160	16	0	16.1	101	0	77	7.15	93.94
2010	160	17	0	15	101	1.27	183.5	6.26	93.21
2010	160	18	0	14.4	101	4.06	62.5	5.81	93.27
2010	160	19	0	15	101	4.83	26	4.92	94.63
2010	160	20	0	15	100	2.79	0	5.81	97.44
2010	160	21	0	15	100	2.79	0	4.02	100
2010	160	22	0	15	100	3.56	0	6.26	100
2010	160	23	0	14.4	100	4.32	0	4.92	100
2010	161	0	0	15	100	0	0	5.81	100
2010	161	1	0	15	100	0	0	3.58	100
2010	161	2	0	15	100	0	0	4.02	100
2010	161	3	0	15	100	0	0	3.13	100
2010	161	4	0	15	100	0	0	3.13	100
2010	161	5	0	15	100	0	23.5	1.34	99.98
2010	161	6	0	15.6	101	0	32	1.34	96.72
2010	161	7	0	16.7	101	0	174.5	3.58	92.32
2010	161	8	0	17.8	101	0	477	2.68	82.76
2010	161	9	0	18.9	100	0	541	3.13	80.26
2010	161	10	0	20.6	100	0	515	4.02	77.37
2010	161	11	0	21.7	100	0	743.5	4.02	74.68
2010	161	12	0	21.7	100	0	943	4.02	71.78
2010	161	13	0	23.3	100	0	913.5	4.02	73.07
2010	161	14	0	22.2	100	0	142.5	4.47	79.31
2010	161	15	0	19.4	100	0	226.5	4.92	80.59
2010	161	16	0	21.7	100	0	456.5	4.92	81.92
2010	161	17	0	20.6	100	0	326.5	4.02	81.9
2010	161	18	0	18.9	101	0.51	158.5	3.58	88.74
2010	161	19	0	18.3	101	0	50	3.13	91.93
2010	161	20	0	18.3	101	0	0	0.01	96
2010	161	21	0	18.9	101	0	0	1.34	100
2010	161	22	0	18.9	101	0	0	0.01	97.2
2010	161	23	0	17.8	101	0	0	2.24	99.35
2010	162	0	0	17.2	101	0	0	1.34	95.26
2010	162	1	0	16.7	101	0	0	2.68	98.28
2010	162	2	0	16.7	101	0	0	3.13	95.84
2010	162	3	0	15.6	101	0	0	0.01	93.83
2010	162	4	0	15	101	0	0	1.34	98.52
2010	162	5	0	15	101	0	15	2.24	93.3
2010	162	6	0	17.2	101	0	117	3.58	94.83
2010	162	7	0	16.7	101	0	320.5	3.58	86.07
2010	162	8	0	18.3	101	0	417	2.68	82.49
2010	162	9	0	18.9	101	0	465	3.58	77.99
2010	162	10	0	18.3	102	0	467.5	4.92	78.43
2010	162	11	0	18.3	102	0	252	4.47	73.93
2010	162	12	0	18.9	102	0	486	3.58	74.22
2010	162	13	0	19.4	101	0	439.5	3.13	74.4
2010	162	14	0	20.6	101	0	744	5.81	74.43
2010	162	15	0	19.4	101	0	558.5	4.47	79.1
2010	162	16	0	19.4	101	0	581	4.47	79.7
2010	162	17	0	19.4	102	0	403	3.13	80.77
2010	162	18	0	18.3	102	0	219.5	4.02	86.74
2010	162	19	0	17.2	102	0	63	3.58	97.83
2010	162	20	0	17.2	102	0	0	3.13	98.09
2010	162	21	0	17.2	102	0	0	4.47	98.37
2010	162	22	0	16.7	102	0	0	4.02	100
2010	162	23	0	16.7	102	0	0	3.58	100
2010	163	0	0	16.1	101	0	0	3.58	100
2010	163	1	0	16.7	101	0	0	4.47	100
2010	163	2	0	16.7	101	0	0	3.58	100
2010	163	3	0	16.1	101	0	0	3.58	100
2010	163	4	0	16.7	101	0	0	2.68	100
2010	163	5	0	16.7	101	0	23.5	3.13	100
2010	163	6	0	17.2	101	0	159	4.02	95.61
2010	163	7	0	17.8	101	0	275	3.58	90.05
2010	163	8	0	19.4	101	0	250	1.34	85.97
2010	163	9	0	19.4	101	0	187	3.13	82.42
2010	163	10	0	18.9	101	0	293.5	3.13	79.46
2010	163	11	0	21.1	101	0	518	5.81	81.4
2010	163	12	0	20.6	101	0	704	5.81	78.34
2010	163	13	0	21.1	101	0	363.5	6.26	80.56
2010	163	14	0	21.7	101	0	653	8.05	83.11
2010	163	15	0	22.8	101	0	645.5	8.94	85.45
2010	163	16	0	23.3	101	0	545.5	7.6	87.02
2010	163	17	0	21.7	101	0	376.5	10.28	92.71
2010	163	18	0	21.1	101	0	201	9.39	97.23
2010	163	19	0	20.6	101	0	54	9.39	100
2010	163	20	0	20	101	0	0	6.71	100
2010	163	21	0	19.4	101	0	0	6.71	99.27
2010	163	22	0	20	101	0	0	4.02	99.04
2010	163	23	0	19.4	101	0	0	3.13	99.29
2010	164	0	0	18.9	101	0	0	4.47	99.6
2010	164	1	0	19.4	101	0	0	3.13	99.89
2010	164	2	0	19.4	100	0	0	2.24	100
2010	164	3	0	18.9	100	0	0	0.01	100
2010	164	4	0	18.9	100	0	0	0.01	100
2010	164	5	0	19.4	100	0	8	1.34	100
2010	164	6	0	20	100	0	89	3.13	100
2010	164	7	0	21.1	101	0	154	3.58	94
2010	164	8	0	22.2	101	0	225.5	3.13	90.77
2010	164	9	0	23.9	101	0	642.5	4.02	91.84
2010	164	10	0	25	101	0	735.5	3.13	91.93
2010	164	11	0	26.1	101	0	607	0.01	86.56
2010	164	12	0	24.4	100	0	687	3.58	86.75
2010	164	13	0	25.6	100	0	721.5	2.68	86.68
2010	164	14	0	26.1	100	0	339.5	3.13	86.34
2010	164	15	0	21.7	100	0.51	242	1.34	90.91
2010	164	16	0	21.1	100	0	100.5	2.24	95.63
2010	164	17	0	20	100	0.25	71.5	4.47	94.77
2010	164	18	0	19.4	100	0	99	3.58	99.19
2010	164	19	0	19.4	100	0	15	2.68	100
2010	164	20	0	19.4	101	0	0	3.58	100
2010	164	21	0	19.4	101	0	0	3.58	100
2010	164	22	0	18.9	101	0	0	0.01	100
2010	164	23	0	19.4	101	0	0	3.13	100
2010	165	0	0	18.9	100	0	0	2.24	100
2010	165	1	0	19.4	100	0	0	0.01	100
2010	165	2	0	19.4	100	0	0	2.68	100
2010	165	3	0	18.9	100	0.51	0	2.24	100
2010	165	4	0	18.9	101	0	0	3.13	100
2010	165	5	0	18.9	101	0	2	1.34	100
2010	165	6	0	19.4	101	0	51.5	2.24	100
2010	165	7	0	19.4	101	0	132.5	1.34	90.36
2010	165	8	0	20	101	0	95.5	0.01	89.62
2010	165	9	0	20	100	0	132	2.24	85.18
2010	165	10	0	20	100	0	158	2.68	81.05
2010	165	11	0	20.6	100	0	348	2.68	81.82
2010	165	12	0	20.6	100	0	660.5	2.68	77.66
2010	165	13	0	22.8	100	0	520.5	3.58	78.19
2010	165	14	0	22.8	100	0	536	3.13	78.5
2010	165	15	0	22.2	100	0	551	4.47	78.85
2010	165	16	0	21.7	100	0	221	4.92	79.41
2010	165	17	0	21.7	100	0	195.5	3.13	80.82
2010	165	18	0	20.6	100	0	72.5	2.68	88.16
2010	165	19	0	20.6	100	0	63	1.34	91.08
2010	165	20	0	20	100	0	0	1.34	95.29
2010	165	21	0	19.4	101	0	0	2.68	95.03
2010	165	22	0	19.4	101	0	0	0.01	100
2010	165	23	0	18.9	101	0	0	0.01	100
2010	166	0	0	19.4	101	0	0	1.34	98.74
2010	166	1	0	19.4	101	0	0	0.01	100
2010	166	2	0	18.9	101	0	0	1.34	100
2010	166	3	0	19.4	101	0	0	4.47	98.53
2010	166	4	0	18.9	101	0	0	4.92	100
2010	166	5	0	18.9	101	0	24.5	6.26	98.23
2010	166	6	0	18.9	101	0	165	4.92	86.12
2010	166	7	0	20	101	0	350	6.71	76.21
2010	166	8	0	22.2	101	0	540	7.15	67.53
2010	166	9	0	23.9	101	0	712	6.26	61.35
2010	166	10	0	25.6	101	0	853.5	4.92	57.01
2010	166	11	0	25.6	101	0	949	4.02	56.7
2010	166	12	0	25	101	0	990	5.81	53.05
2010	166	13	0	25	101	0	972.5	5.81	53.02
2010	166	14	0	23.9	101	0	898.5	5.81	53.29
2010	166	15	0	24.4	101	0	775	4.92	57.66
2010	166	16	0	22.8	101	0	612.5	6.71	59.76
2010	166	17	0	22.2	101	0	425.5	4.92	61.2
2010	166	18	0	20.6	101	0	234	4.92	73.2
2010	166	19	0	19.4	101	0	69	3.58	80.95
2010	166	20	0	18.3	101	0	0	3.13	85.74
2010	166	21	0	17.8	101	0	0	2.68	87.03
2010	166	22	0	17.2	101	0	0	3.13	94.61
2010	166	23	0	17.2	101	0	0	2.68	95.97
2010	167	0	0	16.7	101	0	0	2.68	97.3
2010	167	1	0	16.1	101	0	0	2.68	97.86
2010	167	2	0	16.1	101	0	0	1.34	98.78
2010	167	3	0	16.7	102	0	0	2.24	100
2010	167	4	0	16.1	102	0	0	0.01	100
2010	167	5	0	17.2	102	0	10	2.24	98.06
2010	167	6	0	18.3	102	0	41	0.01	93.76
2010	167	7	0	18.9	102	0	180	2.68	88.54
2010	167	8	0	20	101	0	300.5	4.47	82.3
2010	167	9	0	20.6	101	0	352.5	4.02	76.16
2010	167	10	0	21.7	101	0	469	4.47	76.23
2010	167	11	0	21.7	101	0	306	6.26	77.37
2010	167	12	0	21.7	101	0	303	4.92	80.07
2010	167	13	0	21.7	101	0	623.5	4.02	83.38
2010	167	14	0	22.8	101	0	317	4.92	86.29
2010	167	15	0	21.7	101	0	337	4.92	88.94
2010	167	16	0	20.6	101	0	208	4.47	91.33
2010	167	17	0	22.2	101	0	318	6.71	99.36
2010	167	18	0	21.1	101	0	113.5	6.71	100
2010	167	19	0	20.6	101	0	45.5	7.6	100
2010	167	20	0	20.6	101	0	0	5.81	100
2010	167	21	0	20.6	101	0	0	6.71	100
2010	167	22	0	20.6	101	0	0	4.92	100
2010	167	23	0	20.6	100	0	0	4.92	100
2010	168	0	0	20.6	100	0	0	3.13	100
2010	168	1	0	21.7	100	0.25	0	7.6	100
2010	168	2	0	21.1	100	1.78	0	3.13	100
2010	168	3	0	21.1	100	0	0	3.13	100
2010	168	4	0	21.1	100	0	0	3.58	100
2010	168	5	0	21.1	100	0	24	4.47	100
2010	168	6	0	22.2	100	0	164.5	4.47	100
2010	168	7	0	23.3	100	0	348.5	5.81	85.97
2010	168	8	0	23.3	100	0	278	7.6	77.44
2010	168	9	0	23.3	100	0	279.5	9.83	72.5
2010	168	10	0	25	100	0	848	10.28	67.64
2010	168	11	0	23.3	100	0	715.5	7.6	68.67
2010	168	12	0	24.4	100	0	972.5	8.05	65.38
2010	168	13	0	25	100	0	953.5	9.83	65.62
2010	168	14	0	25	100	0	883	8.94	69.34
2010	168	15	0	24.4	101	0	764	11.62	68.43
2010	168	16	0	23.9	101	0	506	9.39	71.32
2010	168	17	0	23.3	101	0	256	8.94	69.95
2010	168	18	0	22.8	101	0	69	7.15	73.76
2010	168	19	0	22.8	101	0	13.5	6.26	78.48
2010	168	20	0	22.2	101	0	0	5.81	83.58
2010	168	21	0	21.7	101	0	0	6.71	89.17
2010	168	22	0	20.6	101	0	0	4.92	89.08
2010	168	23	0	19.4	101	0	0	3.58	95.12
2010	169	0	0	18.9	101	0	0	3.58	95.48
2010	169	1	0	18.3	101	0	0	3.58	95.88
2010	169	2	0	17.8	101	0	0	3.13	100
2010	169	3	0	17.8	101	0	0	3.58	100
2010	169	4	0	17.2	101	0	0	0.01	100
2010	169	5	0	17.2	101	0	24	1.34	97
2010	169	6	0	19.4	101	0	166	2.68	93.05
2010	169	7	0	21.1	101	0	353	3.58	79.06
2010	169	8	0	23.3	101	0	544	4.02	67.99
2010	169	9	0	24.4	101	0	716.5	3.58	62.94
2010	169	10	0	26.1	101	0	855	2.24	56.65
2010	169	11	0	27.8	101	0	947	2.24	51.27
2010	169	12	0	27.2	101	0	987	4.92	51.43
2010	169	13	0	26.7	101	0	970	4.92	53.19
2010	169	14	0	27.8	101	0	898.5	5.81	54.77
2010	169	15	0	27.2	101	0	778	4.92	55.46
2010	169	16	0	26.7	101	0	616	4.92	59.81
2010	169	17	0	26.1	101	0	429	4.92	64.96
2010	169	18	0	24.4	101	0	238.5	4.02	77.61
2010	169	19	0	22.2	101	0	72	4.02	80.83
2010	169	20	0	20.6	101	0	0	4.47	86.21
2010	169	21	0	20	101	0	0	3.13	93.5
2010	169	22	0	18.9	101	0	0	0.01	95.07
2010	169	23	0	18.9	101	0	0	3.13	100
2010	170	0	0	17.8	101	0	0	3.13	100
2010	170	1	0	18.3	101	0	0	3.13	100
2010	170	2	0	17.8	101	0	0	2.68	100
2010	170	3	0	17.2	101	0	0	3.13	100
2010	170	4	0	17.2	101	0	0	2.68	100
2010	170	5	0	17.8	101	0	24.5	3.13	100
2010	170	6	0	18.9	101	0	166	4.47	91.21
2010	170	7	0	20	101	0	352	3.58	84.46
2010	170	8	0	21.1	101	0	542.5	4.47	79.01
2010	170	9	0	22.8	101	0	713	4.92	73.97
2010	170	10	0	23.3	101	0	851.5	4.02	69.97
2010	170	11	0	23.3	101	0	942	4.47	70.71
2010	170	12	0	23.9	101	0	975	5.81	67.59
2010	170	13	0	24.4	101	0	950.5	6.71	68.76
2010	170	14	0	24.4	101	0	871	6.26	70.03
2010	170	15	0	24.4	101	0	742.5	6.71	71.45
2010	170	16	0	23.9	101	0	579	6.71	73.09
2010	170	17	0	23.3	101	0	396	6.71	79.99
2010	170	18	0	22.2	101	0	213	7.15	87.05
2010	170	19	0	21.7	101	0	59.5	6.71	99.08
2010	170	20	0	21.1	101	0	0	5.81	99.43
2010	170	21	0	21.1	101	0	0	4.47	99.31
2010	170	22	0	20.6	101	0	0	4.47	100
2010	170	23	0	20.6	101	0	0	4.02	100
2010	171	0	0	20	101	0	0	3.58	100
2010	171	1	0	20	101	0	0	4.02	100
2010	171	2	0	20	101	0	0	2.24	100
2010	171	3	0	20	101	0	0	2.68	100
2010	171	4	0	20.6	101	0	0	3.13	100
2010	171	5	0	21.1	101	0	9	3.13	100
2010	171	6	0	21.7	101	0	91.5	2.68	98.76
2010	171	7	0	22.8	101	0	188.5	2.68	90.12
2010	171	8	0	23.3	101	0	283	2.68	86.37
2010	171	9	0	24.4	101	0	566	3.58	81.97
2010	171	10	0	26.1	101	0	505.5	4.47	77.3
2010	171	11	0	26.1	100	0	751	3.58	72.63
2010	171	12	0	27.2	100	0	911	4.92	72.31
2010	171	13	0	28.3	100	0	895.5	4.47	71.97
2010	171	14	0	28.3	100	0	825	5.81	71.6
2010	171	15	0	27.8	100	0	434.5	6.71	71.18
2010	171	16	0	26.7	100	0	427.5	3.58	70.55
2010	171	17	0	29.4	100	0	398	2.68	69.15
2010	171	18	0	30.6	100	0	221.5	5.81	75.1
2010	171	19	0	31.7	101	0	67	6.26	80.41
2010	171	20	0	30.6	101	0	0	4.92	82.13
2010	171	21	0	30	101	0	0	4.92	80.33
2010	171	22	0	28.9	101	0	0	4.92	84.42
2010	171	23	0	27.2	101	0	0	3.58	83.86
2010	172	0	0	26.1	101	0	0	3.58	88.68
2010	172	1	0	26.7	101	0	0	4.02	87.86
2010	172	2	0	25.6	101	0	0	4.02	92.15
2010	172	3	0	25	101	0	0	3.58	90.5
2010	172	4	0	24.4	101	0	0	4.47	89.29
2010	172	5	0	23.9	101	0	24	3.13	89.93
2010	172	6	0	25	101	0	163	2.68	85.15
2010	172	7	0	26.7	101	0	347	6.71	74.71
2010	172	8	0	27.8	101	0	533.5	8.05	70.28
2010	172	9	0	28.3	101	0	699.5	7.15	65.54
2010	172	10	0	29.4	101	0	832	6.26	61.11
2010	172	11	0	30	101	0	920	3.13	57.27
2010	172	12	0	31.7	101	0	957	8.05	56.97
2010	172	13	0	31.7	101	0	940	5.81	53.56
2010	172	14	0	32.2	101	0	869.5	6.71	53.59
2010	172	15	0	32.2	101	0	750.5	7.6	53.78
2010	172	16	0	32.2	101	0	596	6.26	57.46
2010	172	17	0	31.7	101	0	419	2.68	57.85
2010	172	18	0	31.1	101	0	235	4.92	65.51
2010	172	19	0	26.1	101	0	71.5	2.24	72.35
2010	172	20	0	23.9	101	0	0	4.02	76.06
2010	172	21	0	23.3	101	0	0	1.34	81.19
2010	172	22	0	27.2	101	0	0	4.92	81.78
2010	172	23	0	26.1	101	0	0	2.68	87.5
2010	173	0	0	25.6	101	0	0	2.68	87.4
2010	173	1	0	25	101	0	0	2.68	92.31
2010	173	2	0	23.9	101	0	0	3.13	91.46
2010	173	3	0	23.3	101	0	0	3.13	96.45
2010	173	4	0	22.8	101	0	0	2.24	95.79
2010	173	5	0	22.2	101	0	19	2.68	91.33
2010	173	6	0	22.2	101	0	145.5	1.34	92.99
2010	173	7	0	24.4	101	0	287	3.58	83.83
2010	173	8	0	26.1	101	0	439	2.68	71.72
2010	173	9	0	26.7	101	0	652	4.47	67.05
2010	173	10	0	26.7	101	0	801.5	3.13	67.23
2010	173	11	0	27.8	101	0	716.5	3.58	63.7
2010	173	12	0	27.8	101	0	735.5	3.13	64.14
2010	173	13	0	27.2	101	0	580.5	3.58	69.01
2010	173	14	0	26.1	101	0	619	4.02	70.97
2010	173	15	0	25.6	101	0	244.5	4.02	78.08
2010	173	16	0	23.9	101	0	228.5	4.47	86.29
2010	173	17	0	23.9	101	0	183.5	3.58	94.91
2010	173	18	0	23.9	101	0	90	3.58	97.2
2010	173	19	0	23.9	101	0	23	4.92	100
2010	173	20	0	22.8	101	4.57	0	1.34	100
2010	173	21	0	22.8	101	0	0	4.92	100
2010	173	22	0	22.8	101	0	0	3.58	100
2010	173	23	0	22.2	101	0	0	5.81	100
2010	174	0	0	22.2	101	0	0	3.13	100
2010	174	1	0	22.2	101	0	0	3.13	100
2010	174	2	0	22.8	101	0	0	2.68	100
2010	174	3	0	23.3	101	0	0	2.24	100
2010	174	4	0	22.2	101	0	0	2.24	100
2010	174	5	0	21.7	101	0	22.5	2.68	100
2010	174	6	0	23.9	101	0	158	3.13	100
2010	174	7	0	26.1	101	0	336.5	6.26	86.86
2010	174	8	0	28	101	0	470	8.94	77.64
2010	174	9	0	29.4	101	0	561	6.71	71.48
2010	174	10	0	30	101	0	625.5	7.15	66.59
2010	174	11	0	31.1	101	0	752.5	6.26	62.44
2010	174	12	0	30.6	101	0	764	5.81	62.27
2010	174	13	0	31.7	101	0	745.5	6.26	62.17
2010	174	14	0	33.3	101	0	729	9.83	62.19
2010	174	15	0	32.8	101	0	626.5	7.6	58.71
2010	174	16	0	33.9	101	0	499.5	7.15	62.25
2010	174	17	0	33.3	101	0	328	6.71	62.81
2010	174	18	0	32.8	101	0	163.5	6.71	70.12
2010	174	19	0	31.7	101	0	40.5	5.81	70.07
2010	174	20	0	31.1	101	0	0	4.47	73.34
2010	174	21	0	27.2	101	0	0	3.13	79.17
2010	174	22	0	26.7	101	0	0	4.02	84.18
2010	174	23	0	26.7	101	0	0	2.68	84.36
2010	175	0	0	24.4	100	0	0	3.13	90.04
2010	175	1	0	24.4	100	0	0	2.24	90.09
2010	175	2	0	24.4	100	0	0	3.13	89.86
2010	175	3	0	25	100	0	0	3.13	90.23
2010	175	4	0	25.6	100	0	0	4.02	91.26
2010	175	5	0	25.6	100	0	15	3.58	87.66
2010	175	6	0	26.1	100	0	124.5	4.02	90.36
2010	175	7	0	27.2	100	0	308.5	6.26	84
2010	175	8	0	28.3	100	0	496.5	6.26	81.78
2010	175	9	0	30	100	0	667.5	7.15	76.81
2010	175	10	0	32.8	100	0	761.5	6.71	70.84
2010	175	11	0	33.9	100	0	543	7.6	65.09
2010	175	12	0	32.8	100	0	409.5	6.71	63.99
2010	175	13	0	35.6	100	0	898	9.39	63.89
2010	175	14	0	36.1	100	0	766.5	7.15	68.32
2010	175	15	0	34.4	100	0	215	8.05	73.82
2010	175	16	0	34.4	100	0	413.5	8.05	70.87
2010	175	17	0	33.3	100	0	356.5	9.83	71.39
2010	175	18	0	33.3	100	0	227	10.28	76.87
2010	175	19	0	31.7	100	0	69.5	6.71	84.24
2010	175	20	0	30.6	100	0	0	5.81	81.48
2010	175	21	0	29.4	100	0	0	4.02	83.9
2010	175	22	0	29.4	100	0	0	4.92	87.3
2010	175	23	0	27.8	101	0	0	6.26	85.69
2010	176	0	0	27.8	101	0	0	5.81	88.5
2010	176	1	0	26.1	101	0	0	6.26	85.68
2010	176	2	0	25	101	0	0	5.81	89.67
2010	176	3	0	24.4	101	0	0	4.92	94.03
2010	176	4	0	23.3	101	0	0	4.02	92.84
2010	176	5	0	23.3	101	0	22.5	5.81	92.55
2010	176	6	0	23.3	101	0	160	4.47	79.16
2010	176	7	0	24.4	101	0	343.5	4.47	72.09
2010	176	8	0	26.1	101	0	530	4.02	66.97
2010	176	9	0	27.2	101	0	701.5	4.02	62.08
2010	176	10	0	28.3	101	0	839	3.58	55.66
2010	176	11	0	27.2	101	0	930	4.92	54.15
2010	176	12	0	27.8	101	0	966	4.92	52.47
2010	176	13	0	27.2	101	0	938	6.26	52.08
2010	176	14	0	28.3	101	0	853.5	3.58	51.82
2010	176	15	0	27.2	101	0	727	6.26	52.8
2010	176	16	0	26.1	101	0	571.5	6.71	57.86
2010	176	17	0	25.6	101	0	393	4.92	59.22
2010	176	18	0	25	101	0	208.5	4.47	72.24
2010	176	19	0	23.3	101	0	54.5	5.81	76.78
2010	176	20	0	22.8	101	0	0	4.02	84.02
2010	176	21	0	22.8	101	0	0	3.13	91.73
2010	176	22	0	22.2	101	0	0	2.68	93.13
2010	176	23	0	21.7	101	0	0	3.13	99.85
2010	177	0	0	22.2	101	0	0	0.01	99.73
2010	177	1	0	21.7	101	0	0	2.24	98.49
2010	177	2	0	21.1	101	0	0	3.13	100
2010	177	3	0	21.1	101	0	0	2.68	100
2010	177	4	0	20.6	101	0	0	2.24	98.86
2010	177	5	0	20.6	101	0	12.5	1.34	92.87
2010	177	6	0	22.8	101	0	126.5	1.34	86.87
2010	177	7	0	24.4	101	0	307.5	2.24	76.37
2010	177	8	0	26.7	101	0	500.5	3.58	65.21
2010	177	9	0	27.8	101	0	670.5	3.13	59.61
2010	177	10	0	29.4	101	0	810.5	4.92	54.99
2010	177	11	0	30	101	0	904.5	5.81	54.25
2010	177	12	0	31.7	101	0	940.5	7.15	50.86
2010	177	13	0	31.7	100	0	914	6.71	50.93
2010	177	14	0	31.1	100	0	804	4.92	51.46
2010	177	15	0	29.4	100	0	638.5	5.81	52.51
2010	177	16	0	28.9	100	0	450.5	6.26	54.33
2010	177	17	0	27.2	100	0	289	4.92	58.97
2010	177	18	0	27.2	100	0	80.5	2.24	69.6
2010	177	19	0	25.6	100	0	14	2.24	79.77
2010	177	20	0	26.1	100	0	0	1.34	81.33
2010	177	21	0	25.6	100	0	0	1.34	89.15
2010	177	22	0	26.1	100	0	0	1.34	90.42
2010	177	23	0	25.6	100	0	0	0.01	96.27
2010	178	0	0	24.4	100	0	0	0.01	96.29
2010	178	1	0	25	100	0	0	0.01	95.47
2010	178	2	0	25	100	0	0	2.24	94.48
2010	178	3	0	23.3	100	0	0	1.34	99.65
2010	178	4	0	22.8	100	0	0	2.68	99.79
2010	178	5	0	22.2	100	0	16.5	1.34	97.64
2010	178	6	0	23.9	100	0	137.5	2.68	93.12
2010	178	7	0	25	100	0	200.5	3.58	80.87
2010	178	8	0	25	100	0	110.5	3.58	74.49
2010	178	9	0	24.4	100	0	432.5	2.68	69.76
2010	178	10	0	27.2	100	0	563.5	2.68	65.6
2010	178	11	0	28.3	100	0	559.5	3.58	65.85
2010	178	12	0	30	100	0	440.5	4.02	62.73
2010	178	13	0	30	100	0	452	4.92	63.16
2010	178	14	0	30	100	0	718.5	4.47	63.38
2010	178	15	0	28.9	100	0	674.5	4.02	63.8
2010	178	16	0	30	100	0	536	4.02	64.62
2010	178	17	0	29.4	100	0	375.5	3.58	70.56
2010	178	18	0	28.9	100	0	157	3.58	78.51
2010	178	19	0	28.3	100	0	43.5	2.68	82.9
2010	178	20	0	27.2	100	0	0	2.24	88.64
2010	178	21	0	26.1	100	0	0	3.58	94.96
2010	178	22	0	26.1	100	0	0	3.13	95.08
2010	178	23	0	26.7	100	0	0	4.02	94.84
2010	179	0	0	26.7	100	0	0	4.02	95.07
2010	179	1	0	26.1	100	0	0	4.47	95.82
2010	179	2	0	25	100	0	0	3.58	96.77
2010	179	3	0	25	100	0	0	2.24	97.75
2010	179	4	0	25	100	0	0	3.13	98.35
2010	179	5	0	25	100	0	15.5	4.02	98.19
2010	179	6	0	27.2	100	0	123	3.58	91.55
2010	179	7	0	28.3	100	0	313.5	5.81	79.48
2010	179	8	0	30	100	0	493.5	6.71	73.75
2010	179	9	0	32.2	100	0	659	7.15	68.65
2010	179	10	0	33.9	100	0	794.5	7.6	63.32
2010	179	11	0	35	100	0	885.5	9.39	61.9
2010	179	12	0	36.1	100	0	568	8.94	61.21
2010	179	13	0	35	100	0	753.5	7.6	60.78
2010	179	14	0	36.1	100	0	708	8.94	60.63
2010	179	15	0	35	100	0	493.5	9.39	64.51
2010	179	16	0	31.1	100	0	213	7.6	69.23
2010	179	17	0	28.9	100	0	111	4.92	74.74
2010	179	18	0	26.7	100	0	60.5	4.47	76.97
2010	179	19	0	26.7	100	0	29.5	3.13	87.75
2010	179	20	0	26.1	100	0	0	3.58	92.57
2010	179	21	0	25	100	0	0	3.58	92.54
2010	179	22	0	25.6	100	0	0	3.58	92.26
2010	179	23	0	24.4	100	0	0	3.13	97.14
2010	180	0	0	25	100	0	0	3.58	96.33
2010	180	1	0	24.4	100	0	0	3.58	95.35
2010	180	2	0	24.4	100	0	0	4.02	94.24
2010	180	3	0	25	100	0	0	3.58	93.32
2010	180	4	0	25.6	100	0	0	3.58	92.84
2010	180	5	0	24.4	100	0	18.5	3.58	93.14
2010	180	6	0	26.7	100	0	129	4.02	86.29
2010	180	7	0	28.3	100	0	279.5	3.13	76.81
2010	180	8	0	29.4	100	0	390.5	4.02	68.8
2010	180	9	0	29.4	100	0	609.5	3.58	61.9
2010	180	10	0	31.1	100	0	617	5.81	56.18
2010	180	11	0	32.8	100	0	565	5.81	51.9
2010	180	12	0	33.3	100	0	774.5	6.71	51.31
2010	180	13	0	33.9	100	0	829.5	6.26	51.07
2010	180	14	0	32.8	100	0	640	7.15	53.97
2010	180	15	0	32.2	100	0	397.5	7.6	54.13
2010	180	16	0	31.7	100	0	406.5	7.15	57.56
2010	180	17	0	30.6	100	0	390	7.15	57.41
2010	180	18	0	30.6	100	0	234.5	5.81	61.21
2010	180	19	0	29.4	101	0	72	8.94	67.49
2010	180	20	0	28.3	101	0	0	7.6	69.33
2010	180	21	0	27.8	101	0	0	6.26	71.11
2010	180	22	0	24.4	101	0	0	7.6	71.09
2010	180	23	0	22.8	101	0	0	7.15	71.4
2010	181	0	0	22.2	101	0	0	6.26	73.96
2010	181	1	0	21.1	101	0	0	5.81	76.17
2010	181	2	0	20	101	0	0	4.92	77.37
2010	181	3	0	19.4	101	0	0	6.26	73.3
2010	181	4	0	18.3	101	0	0	4.02	75.45
2010	181	5	0	18.3	101	0	22	5.81	72.04
2010	181	6	0	18.3	101	0	164.5	5.81	60.77
2010	181	7	0	19.4	101	0	356.5	4.47	53.8
2010	181	8	0	20.6	101	0	554	4.92	45.72
2010	181	9	0	21.7	101	0	731.5	6.71	41.77
2010	181	10	0	22.2	101	0	872.5	4.92	38.78
2010	181	11	0	23.3	101	0	966.5	3.58	36.83
2010	181	12	0	24.4	101	0	952	4.02	38.34
2010	181	13	0	24.4	101	0	883	8.05	38.55
2010	181	14	0	26.1	101	0	790	6.71	39.95
2010	181	15	0	26.1	101	0	658.5	7.6	41.29
2010	181	16	0	23.9	101	0	554	8.05	42.82
2010	181	17	0	23.9	101	0	387.5	7.15	45
2010	181	18	0	22.8	101	0	211	7.15	56.75
2010	181	19	0	24.4	101	0	75.5	8.05	62.54
2010	181	20	0	23.3	101	0	0	5.81	65.26
2010	181	21	0	22.8	101	0	0	6.71	64.49
2010	181	22	0	22.2	101	0	0	4.92	68.22
2010	181	23	0	21.1	101	0	0	4.02	71.7
2010	182	0	0	20.6	101	0	0	4.02	68.63
2010	182	1	0	20.6	101	0	0	4.92	69.87
2010	182	2	0	19.4	101	0	0	3.58	72.77
2010	182	3	0	18.9	101	0	0	6.26	72.23
2010	182	4	0	18.3	101	0	0	4.47	77.42
2010	182	5	0	17.8	102	0	21.5	3.58	73.5
2010	182	6	0	18.9	102	0	161.5	6.71	62.81
2010	182	7	0	20	102	0	351.5	6.71	57.23
2010	182	8	0	21.1	102	0	546	6.26	52.67
2010	182	9	0	22.2	102	0	721	6.26	48.62
2010	182	10	0	23.3	101	0	862	6.26	45.6
2010	182	11	0	24.4	101	0	955.5	5.81	43.39
2010	182	12	0	25.6	101	0	994.5	5.81	44.17
2010	182	13	0	25	101	0	976.5	6.26	42.68
2010	182	14	0	26.1	101	0	412	6.71	43.7
2010	182	15	0	26.7	101	0	557	4.47	44.94
2010	182	16	0	26.1	101	0	622.5	7.6	48.17
2010	182	17	0	26.1	101	0	439	7.15	47.66
2010	182	18	0	23.3	101	0	216	8.05	50.46
2010	182	19	0	23.3	101	0	78	7.6	57.97
2010	182	20	0	22.2	102	0	0	7.15	62.63
2010	182	21	0	21.1	102	0	0	6.71	67.32
2010	182	22	0	20.6	102	0	0	5.81	67.65
2010	182	23	0	20	102	0	0	7.15	72.24
2010	183	0	0	19.4	102	0	0	5.81	76.93
2010	183	1	0	18.3	102	0	0	4.02	76.9
2010	183	2	0	18.3	102	0	0	5.81	81.86
2010	183	3	0	17.8	102	0	0	4.92	81.71
2010	183	4	0	17.2	102	0	0	4.02	81.67
2010	183	5	0	17.2	102	0	22.5	3.58	76.93
2010	183	6	0	18.9	102	0	165	4.02	72.23
2010	183	7	0	20.6	102	0	355.5	4.92	57.75
2010	183	8	0	21.7	102	0	549.5	7.15	51.19
2010	183	9	0	23.3	102	0	722.5	5.81	45.95
2010	183	10	0	25	102	0	861.5	4.92	42.35
2010	183	11	0	25.6	102	0	954	6.26	40.5
2010	183	12	0	26.1	102	0	994	6.71	40.92
2010	183	13	0	27.2	102	0	978.5	4.02	39.09
2010	183	14	0	27.8	102	0	908	7.15	40.53
2010	183	15	0	27.8	101	0	787	7.6	40.83
2010	183	16	0	27.8	101	0	627.5	3.13	41.13
2010	183	17	0	27.8	101	0	443	4.02	44.7
2010	183	18	0	25	101	0	250.5	3.13	52.3
2010	183	19	0	23.3	101	0	78	4.92	56.3
2010	183	20	0	21.1	101	0	0	6.71	62.34
2010	183	21	0	21.1	101	0	0	4.47	65.54
2010	183	22	0	20.6	101	0	0	4.47	70.68
2010	183	23	0	20.6	101	0	0	4.92	74.49
2010	184	0	0	20.6	101	0	0	4.92	74.67
2010	184	1	0	20.6	101	0	0	4.92	79.03
2010	184	2	0	19.4	102	0	0	3.58	83.73
2010	184	3	0	19.4	102	0	0	3.58	88.65
2010	184	4	0	20	102	0	0	3.58	88.17
2010	184	5	0	18.9	102	0	19	3.13	78.4
2010	184	6	0	22.2	102	0	151	3.13	73.02
2010	184	7	0	23.9	102	0	310	3.58	58.49
2010	184	8	0	25.6	102	0	496	3.58	49.85
2010	184	9	0	27.2	102	0	703.5	3.13	46.85
2010	184	10	0	28.3	101	0	844	4.47	44.69
2010	184	11	0	28.9	101	0	939	4.02	42.09
2010	184	12	0	28.9	101	0	979.5	4.92	40.1
2010	184	13	0	30	101	0	964.5	6.71	41.03
2010	184	14	0	28.9	101	0	894	7.15	42.45
2010	184	15	0	28.9	101	0	774.5	6.26	44.59
2010	184	16	0	26.7	101	0	616	9.39	46.35
2010	184	17	0	26.1	101	0	434	8.05	48.09
2010	184	18	0	25.6	101	0	243	7.6	60.45
2010	184	19	0	23.9	101	0	74.5	6.26	68.27
2010	184	20	0	22.8	101	0	0	4.47	78.18
2010	184	21	0	21.7	101	0	0	0.01	82.83
2010	184	22	0	22.2	101	0	0	1.34	81.5
2010	184	23	0	22.2	101	0	0	3.13	84.51
2010	185	0	0	22.8	101	0	0	3.58	81.86
2010	185	1	0	21.7	101	0	0	2.68	83.44
2010	185	2	0	21.1	101	0	0	3.13	79.94
2010	185	3	0	23.3	101	0	0	4.02	77.34
2010	185	4	0	22.8	101	0	0	3.58	81.06
2010	185	5	0	21.7	101	0	20	4.02	76.37
2010	185	6	0	23.3	101	0	155.5	3.58	68.52
2010	185	7	0	24.4	101	0	343.5	3.58	63.54
2010	185	8	0	27.8	101	0	537.5	4.02	51.49
2010	185	9	0	31.1	101	0	710.5	4.02	43.81
2010	185	10	0	33.9	101	0	848.5	4.47	39.89
2010	185	11	0	35	101	0	939	6.26	37.38
2010	185	12	0	35	101	0	977	6.71	35.57
2010	185	13	0	36.1	101	0	960.5	6.71	35.86
2010	185	14	0	37.2	101	0	889.5	7.6	36.33
2010	185	15	0	37.2	101	0	770	8.05	37.26
2010	185	16	0	32.2	101	0	610.5	5.81	40.41
2010	185	17	0	31.1	101	0	355	4.02	44.21
2010	185	18	0	30	101	0	183	1.34	56.65
2010	185	19	0	33.3	101	0	59.5	3.58	63.33
2010	185	20	0	33.9	101	0	0	4.47	67.92
2010	185	21	0	26.7	101	0	0	2.24	72.91
2010	185	22	0	28.3	101	0	0	5.81	76.11
2010	185	23	0	27.2	101	0	0	4.02	73.26
2010	186	0	0	25.6	101	0	0	4.02	75.14
2010	186	1	0	25.6	101	0	0	4.02	73.85
2010	186	2	0	23.9	101	0	0	4.02	78.07
2010	186	3	0	22.8	101	0	0	2.68	78.12
2010	186	4	0	24.4	101	0	0	3.58	83.7
2010	186	5	0	23.9	101	0	15.5	2.24	79.71
2010	186	6	0	25	101	0	118.5	2.24	72.29
2010	186	7	0	28.3	101	0	300.5	1.34	63.33
2010	186	8	0	31.1	101	0	521.5	2.68	55.57
2010	186	9	0	32.8	101	0	694	4.47	47.92
2010	186	10	0	33.9	101	0	834.5	4.02	40.81
2010	186	11	0	34.4	101	0	929	5.81	37.05
2010	186	12	0	35.6	101	0	970.5	2.68	36.26
2010	186	13	0	34.4	101	0	955.5	5.81	34.37
2010	186	14	0	35.6	101	0	884.5	6.26	36.72
2010	186	15	0	34.4	101	0	764	4.02	37.48
2010	186	16	0	31.7	101	0	605	4.47	38.51
2010	186	17	0	30	101	0	421	3.58	41.18
2010	186	18	0	29.4	101	0	232.5	3.58	54.17
2010	186	19	0	28.3	101	0	69	4.92	61.08
2010	186	20	0	26.7	101	0	0	4.92	66.45
2010	186	21	0	25	101	0	0	2.68	72.22
2010	186	22	0	25.6	101	0	0	0.01	77.56
2010	186	23	0	25.6	101	0	0	0.01	77.99
2010	187	0	0	25.6	101	0	0	0.01	82.66
2010	187	1	0	25	101	0	0	1.34	81.83
2010	187	2	0	23.9	101	0	0	0.01	85.34
2010	187	3	0	25	101	0	0	0.01	83.64
2010	187	4	0	25.6	101	0	0	1.34	83.4
2010	187	5	0	25.6	101	0	15.5	0.01	75.89
2010	187	6	0	29.4	101	0	136	2.24	68.15
2010	187	7	0	32.2	101	0	311	4.47	61.48
2010	187	8	0	33.9	101	0	494	4.02	51.68
2010	187	9	0	35	101	0	661.5	3.58	48.29
2010	187	10	0	36.7	101	0	795.5	3.13	42.22
2010	187	11	0	37.2	101	0	886	1.34	39.04
2010	187	12	0	36.7	101	0	928	4.02	38.5
2010	187	13	0	36.7	101	0	532	4.02	38.55
2010	187	14	0	35	101	0	563.5	6.26	39.17
2010	187	15	0	35.6	101	0	727	4.92	41.87
2010	187	16	0	33.9	101	0	571	6.26	44.69
2010	187	17	0	30.6	101	0	392	5.81	47.41
2010	187	18	0	31.1	101	0	212	5.81	58
2010	187	19	0	30	101	0	58	4.92	62.01
2010	187	20	0	28.9	101	0	0	4.02	66.63
2010	187	21	0	28.3	101	0	0	1.34	71.98
2010	187	22	0	27.8	101	0	0	2.24	77.15
2010	187	23	0	27.2	101	0	0	1.34	77.52
2010	188	0	0	26.7	101	0	0	0.01	77.15
2010	188	1	0	26.7	101	0	0	2.24	76.82
2010	188	2	0	26.7	101	0	0	0.01	76.74
2010	188	3	0	27.8	101	0	0	1.34	81.86
2010	188	4	0	28.9	101	0	0	3.58	81.58
2010	188	5	0	28.3	101	0	12.5	3.13	76.52
2010	188	6	0	30	101	0	127	4.47	70.73
2010	188	7	0	31.7	101	0	299	6.71	59.44
2010	188	8	0	32.8	101	0	480	6.71	53.41
2010	188	9	0	34.4	101	0	647	8.05	49.49
2010	188	10	0	35.6	101	0	781	7.15	46.82
2010	188	11	0	36.7	101	0	870	6.71	47.6
2010	188	12	0	36.7	101	0	906.5	2.68	48.75
2010	188	13	0	33.9	101	0	885.5	7.15	50.01
2010	188	14	0	32.8	101	0	811	7.15	50.91
2010	188	15	0	32.2	101	0	693.5	5.81	54.98
2010	188	16	0	31	101	0	544	4.02	59.61
2010	188	17	0	30	101	0	373	4.02	64.7
2010	188	18	0	29.4	101	0	200	4.02	75.45
2010	188	19	0	27.8	101	0	52	2.68	82.33
2010	188	20	0	26.1	101	0	0	2.68	89.46
2010	188	21	0	26.1	101	0	0	1.34	96.75
2010	188	22	0	25.6	101	0	0	2.24	98.25
2010	188	23	0	25	101	0	0	2.68	99.42
2010	189	0	0	25.6	101	0	0	1.34	100
2010	189	1	0	25	101	0	0	2.24	100
2010	189	2	0	24.4	101	0	0	0.01	100
2010	189	3	0	24.4	101	0	0	1.34	100
2010	189	4	0	25	101	0	0	0.01	100
2010	189	5	0	25.6	101	0	7	1.34	100
2010	189	6	0	24.4	101	0	88.5	3.58	92.69
2010	189	7	0	25	101	0	57	2.24	90.22
2010	189	8	0	25.6	101	0	149.5	3.58	83.36
2010	189	9	0	27.2	101	0	187.5	3.13	77.22
2010	189	10	0	26.7	101	0	360.5	4.47	76.15
2010	189	11	0	28.3	101	0	335.5	4.02	70.64
2010	189	12	0	28.9	101	0	658.5	3.58	69.16
2010	189	13	0	29.4	101	0	888.5	4.92	67.65
2010	189	14	0	29.4	101	0	822	6.26	66.32
2010	189	15	0	28.9	101	0	718	6.26	65.52
2010	189	16	0	28.3	101	0	578.5	4.47	69.37
2010	189	17	0	27.8	101	0	410.5	4.92	74.92
2010	189	18	0	26.7	101	0	228.5	4.47	82.58
2010	189	19	0	25.6	101	0	67.5	4.47	91.63
2010	189	20	0	25	101	0	0	4.02	94.83
2010	189	21	0	25	101	0	0	3.13	100
2010	189	22	0	25	101	0	0	3.13	100
2010	189	23	0	25	101	0	0	3.13	100
2010	190	0	0	24.4	101	0	0	2.68	100
2010	190	1	0	24.4	101	0	0	2.68	100
2010	190	2	0	24.4	101	0	0	1.34	100
2010	190	3	0	23.9	101	0	0	0.01	100
2010	190	4	0	23.9	101	0	0	1.34	100
2010	190	5	0	23.9	101	0	16	2.24	100
2010	190	6	0	24.4	101	0	138	2.24	87.12
2010	190	7	0	25.6	101	0	316	3.58	79.3
2010	190	8	0	27.2	101	0	383.5	5.81	78.09
2010	190	9	0	28.3	101	0	667	4.92	73.57
2010	190	10	0	28.9	101	0	798.5	4.92	73.86
2010	190	11	0	29.4	101	0	886	6.71	69.8
2010	190	12	0	29.4	101	0	926.5	6.26	69.79
2010	190	13	0	29.4	101	0	918	5.81	73.99
2010	190	14	0	30	101	0	855.5	5.81	74.29
2010	190	15	0	29.4	101	0	741.5	6.26	79.37
2010	190	16	0	28.9	101	0	591	6.26	80.06
2010	190	17	0	27.2	101	0	367	5.81	85.66
2010	190	18	0	26.7	101	0	232	6.71	86.93
2010	190	19	0	26.1	101	0	69.5	4.92	94.26
2010	190	20	0	25	101	0	0	3.58	96.06
2010	190	21	0	25	101	0	0	3.58	100
2010	190	22	0	25	100	0	0	4.02	100
2010	190	23	0	24.4	100	0	0	2.68	100
2010	191	0	0	23.9	100	0	0	3.58	100
2010	191	1	0	23.9	100	0	0	3.58	100
2010	191	2	0	23.9	100	0	0	3.13	100
2010	191	3	0	23.9	100	0	0	2.68	100
2010	191	4	0	23.9	100	0	0	2.68	100
2010	191	5	0	23.9	100	0	15	3.13	100
2010	191	6	0	24.4	100	0	106	2.68	96.63
2010	191	7	0	26.1	100	0	233.5	2.24	95.4
2010	191	8	0	26.1	100	0	274	2.68	88.55
2010	191	9	0	27.2	100	0	278.5	3.58	80.83
2010	191	10	0	27.8	100	0	299	3.13	79.12
2010	191	11	0	27.8	100	0	404	4.02	79.18
2010	191	12	0	27.8	100	0	366	4.02	79.43
2010	191	13	0	27.8	100	0	385.5	4.47	79.11
2010	191	14	0	27.2	100	0	323	4.92	82.76
2010	191	15	0	26.7	100	0	255.5	3.58	81.63
2010	191	16	0	26.1	100	0	85	2.24	85.84
2010	191	17	0	26.7	100	0	126.5	2.68	84.98
2010	191	18	0	26.7	101	0	7.5	3.58	85.31
2010	191	19	0	26.1	101	0	2	3.13	89.35
2010	191	20	0	25.6	101	0	0	2.68	94.33
2010	191	21	0	25	101	0	0	2.24	92.52
2010	191	22	0	24.4	101	0	0	0.01	96.26
2010	191	23	0	24.4	101	0	0	3.13	94.58
2010	192	0	0	23.3	101	0	0	2.24	93.55
2010	192	1	0	23.3	101	0	0	2.24	98.77
2010	192	2	0	22.8	100	0	0	3.58	97.95
2010	192	3	0	22.8	100	0	0	1.34	97.43
2010	192	4	0	22.8	100	0	0	1.34	97.03
2010	192	5	0	22.8	100	0	13.5	1.34	97.35
2010	192	6	0	24.4	101	0	130.5	1.34	85.75
2010	192	7	0	25.6	101	0	308	3.13	77.85
2010	192	8	0	27.8	101	0	496.5	2.68	68.21
2010	192	9	0	28.3	101	0	667.5	3.58	61.43
2010	192	10	0	29.4	100	0	807.5	4.02	57.1
2010	192	11	0	28.9	100	0	903.5	3.58	52.66
2010	192	12	0	30	100	0	671	2.68	52.61
2010	192	13	0	30	100	0	559	4.47	49.32
2010	192	14	0	30	100	0	198	6.26	47.82
2010	192	15	0	29.4	100	0	367	6.71	47.88
2010	192	16	0	28.9	100	0	491	6.26	52.56
2010	192	17	0	28.3	100	0	326	4.92	54.11
2010	192	18	0	27.2	100	0	210	6.26	66.14
2010	192	19	0	26.1	100	0	62	6.26	73.14
2010	192	20	0	26.1	100	0	0	5.81	79.9
2010	192	21	0	25	100	0	0	5.81	86.28
2010	192	22	0	25	101	0	0	3.58	86.28
2010	192	23	0	25	101	0	0	3.58	90.22
2010	193	0	0	23.9	101	0	0	3.13	94.15
2010	193	1	0	22.8	101	0	0	2.68	92.73
2010	193	2	0	22.2	101	0	0	2.24	97.3
2010	193	3	0	22.2	101	0	0	2.24	96
2010	193	4	0	22.2	101	0	0	2.68	95.06
2010	193	5	0	22.2	101	0	13.5	3.58	95.83
2010	193	6	0	23.3	101	0	131	3.13	81.46
2010	193	7	0	25.6	101	0	276.5	1.34	66.56
2010	193	8	0	25.6	101	0	463.5	2.68	54.96
2010	193	9	0	26.7	101	0	571	2.24	48.87
2010	193	10	0	28.9	101	0	570	3.58	45.84
2010	193	11	0	31.1	101	0	835.5	3.58	43.45
2010	193	12	0	31.7	101	0	963	4.02	44.11
2010	193	13	0	31.1	101	0	903.5	4.47	45.39
2010	193	14	0	31.1	101	0	789.5	4.47	50.32
2010	193	15	0	29.4	101	0	611	6.26	53.12
2010	193	16	0	28.3	101	0	454.5	6.71	59.3
2010	193	17	0	27.2	101	0	301	7.6	67.44
2010	193	18	0	26.1	101	0	86.5	8.94	81.95
2010	193	19	0	25.6	101	0	19.5	6.71	92.02
2010	193	20	0	25.6	101	0	0	6.71	94.77
2010	193	21	0	25.6	101	0	0	6.26	95.74
2010	193	22	0	25.6	101	0	0	3.58	100
2010	193	23	0	24.4	101	0	0	2.68	99.35
2010	194	0	0	23.9	101	0	0	2.24	95.37
2010	194	1	0	23.9	101	0	0	2.24	96.81
2010	194	2	0	24.4	101	0	0	1.34	94.24
2010	194	3	0	23.9	101	0	0	1.34	94.28
2010	194	4	0	24.4	101	0	0	1.34	96.17
2010	194	5	0	25	101	0	9	2.68	100
2010	194	6	0	25	101	0	91.5	3.13	89.96
2010	194	7	0	26.1	101	0	61.5	4.02	84.24
2010	194	8	0	26.7	101	0	238	6.26	80.02
2010	194	9	0	27.2	101	0	385.5	6.26	77.08
2010	194	10	0	27.2	101	0	238.5	5.81	79.06
2010	194	11	0	26.7	101	0	123.5	7.15	81.36
2010	194	12	0	25.6	101	0.76	97	7.15	89.56
2010	194	13	0	24.4	101	0	284	4.47	92.32
2010	194	14	0	26.7	101	1.78	222.5	6.71	93.54
2010	194	15	0	26.7	100	0	315	6.26	99.7
2010	194	16	0	26.1	100	1.27	317.5	5.81	99.7
2010	194	17	0	26.1	100	0	282	5.81	99.2
2010	194	18	0	25	100	0	104	7.15	100
2010	194	19	0	25	100	0.25	49.5	6.26	100
2010	194	20	0	24.4	100	0.25	0	6.26	100
2010	194	21	0	24.4	100	0	0	5.81	100
2010	194	22	0	24.4	100	0	0	4.02	100
2010	194	23	0	24.4	100	0	0	3.13	100
2010	195	0	0	23.9	100	0	0	0.01	100
2010	195	1	0	23.9	100	0	0	2.24	100
2010	195	2	0	24.4	101	0	0	2.24	100
2010	195	3	0	24.4	101	0.25	0	3.13	100
2010	195	4	0	24.4	101	0	0	0.01	100
2010	195	5	0	24.4	101	0	4.5	2.68	100
2010	195	6	0	24.4	101	5.33	35	1.34	99.81
2010	195	7	0	24.4	101	1.02	149	2.68	99.6
2010	195	8	0	24.4	101	0	146	4.47	95.23
2010	195	9	0	25	101	0	374	4.02	83.11
2010	195	10	0	25.6	101	0	444	3.13	81.27
2010	195	11	0	26.1	101	0	538	0.01	82.13
2010	195	12	0	26.1	101	0	476	2.68	82.86
2010	195	13	0	26.7	101	0	427.5	4.02	83.67
2010	195	14	0	27.2	101	0	532	3.58	84.16
2010	195	15	0	27.2	101	0	401.5	2.24	83.99
2010	195	16	0	26.7	101	0	315	4.92	84.3
2010	195	17	0	26.1	101	0	235.5	4.47	90.16
2010	195	18	0	26.1	101	0	92	6.71	96.76
2010	195	19	0	26.1	101	0	15.5	4.92	100
2010	195	20	0	25	101	0	0	3.13	100
2010	195	21	0	24.4	101	0	0	1.34	100
2010	195	22	0	24.4	101	0.76	0	3.58	100
2010	195	23	0	23.9	101	0	0	4.92	100
2010	196	0	0	23.9	101	0	0	6.71	100
2010	196	1	0	23.3	101	0	0	4.92	100
2010	196	2	0	23.3	101	0	0	4.92	100
2010	196	3	0	22.8	101	0	0	4.92	100
2010	196	4	0	22.8	101	0	0	4.92	100
2010	196	5	0	22.8	101	0	10.5	4.47	97.39
2010	196	6	0	23.3	101	0	94	4.92	96.85
2010	196	7	0	23.3	101	0	189	4.47	89.63
2010	196	8	0	23.9	101	0	269.5	4.47	78.55
2010	196	9	0	24.4	101	0	295.5	4.92	73.34
2010	196	10	0	25	101	0	574	5.81	68.6
2010	196	11	0	26.7	101	0	871.5	4.02	64.98
2010	196	12	0	27.8	101	0	912.5	2.68	65.59
2010	196	13	0	27.8	101	0	692	3.58	62.21
2010	196	14	0	28.3	101	0	492.5	3.13	66.28
2010	196	15	0	30	101	0	588.5	4.02	66.89
2010	196	16	0	28.9	101	0	504.5	2.24	72.07
2010	196	17	0	27.8	101	0	379	6.71	77.88
2010	196	18	0	26.1	101	0	201	4.02	83.91
2010	196	19	0	25	101	0	51.5	4.92	89.47
2010	196	20	0	23.9	101	0	0	4.02	89.63
2010	196	21	0	23.9	101	0	0	2.68	95.99
2010	196	22	0	23.3	101	0	0	3.13	96.69
2010	196	23	0	23.3	101	0	0	3.58	100
2010	197	0	0	23.3	101	0	0	4.47	100
2010	197	1	0	23.3	101	0	0	4.47	100
2010	197	2	0	23.9	101	0	0	3.13	100
2010	197	3	0	23.9	101	0	0	4.92	100
2010	197	4	0	23.9	101	0	0	3.58	100
2010	197	5	0	23.9	101	0	3	4.02	100
2010	197	6	0	23.9	101	0	86	4.02	95.35
2010	197	7	0	23.9	101	0	242	3.13	88.43
2010	197	8	0	25.6	101	0	442	3.13	80.57
2010	197	9	0	26.7	101	0	610	3.58	74.5
2010	197	10	0	27.8	101	0	754	3.58	69.91
2010	197	11	0	28.3	101	0	857	4.47	66.01
2010	197	12	0	28.3	101	0	904.5	4.02	62.59
2010	197	13	0	30	101	0	575	6.26	62.92
2010	197	14	0	30	101	0	763	7.6	63.27
2010	197	15	0	28.9	100	0	709	9.83	63.7
2010	197	16	0	28.9	100	0	552	10.28	67.75
2010	197	17	0	28.9	100	0	375.5	8.05	68.7
2010	197	18	0	28.9	100	0	198	6.71	79.76
2010	197	19	0	27.2	101	0	50	8.94	86.22
2010	197	20	0	27.2	101	0	0	9.39	92.32
2010	197	21	0	26.7	101	0	0	5.81	92.46
2010	197	22	0	27.2	101	0	0	3.58	98.1
2010	197	23	0	28.3	101	0	0	5.81	97.53
2010	198	0	0	26.7	101	0	0	4.02	96.49
2010	198	1	0	26.7	101	0	0	4.02	95.22
2010	198	2	0	26.7	101	0	0	4.47	99.82
2010	198	3	0	26.7	101	0	0	4.02	98.73
2010	198	4	0	26.7	101	0	0	3.58	98.23
2010	198	5	0	26.1	101	0	5	3.58	98.01
2010	198	6	0	26.7	101	0	100	3.58	90.04
2010	198	7	0	27.2	101	0	293	3.58	71.3
2010	198	8	0	29.4	101	0	480.5	4.47	62.28
2010	198	9	0	30.6	101	0	655.5	3.58	57.51
2010	198	10	0	31.7	101	0	798	4.02	53.77
2010	198	11	0	31.7	101	0	894	4.92	50.98
2010	198	12	0	32.8	100	0	934	6.71	51.52
2010	198	13	0	32.2	100	0	877	7.15	52.35
2010	198	14	0	32.8	100	0	786.5	7.15	53.39
2010	198	15	0	31.7	100	0	623.5	6.71	54.57
2010	198	16	0	33.3	100	0	539	8.05	59.15
2010	198	17	0	32.2	100	0	341.5	7.6	64.16
2010	198	18	0	31.7	100	0	84	8.05	69.71
2010	198	19	0	30.6	100	0	19.5	7.15	74.81
2010	198	20	0	28.9	100	0	0	6.26	75.01
2010	198	21	0	28.3	100	0	0	4.92	79.49
2010	198	22	0	27.2	100	0	0	4.02	83.97
2010	198	23	0	27.2	100	0	0	5.81	83.75
2010	199	0	0	26.1	100	0	0	3.58	83.71
2010	199	1	0	27.2	100	0	0	4.47	89.25
2010	199	2	0	26.7	100	0	0	5.81	90.11
2010	199	3	0	25	100	0	0	2.24	96.57
2010	199	4	0	25.6	100	0	0	4.02	96.85
2010	199	5	0	25	100	0	9	3.13	90.56
2010	199	6	0	26.1	100	0	116	3.13	85.48
2010	199	7	0	27.2	100	0	287	3.58	77.01
2010	199	8	0	29.4	100	0	467.5	4.47	67.39
2010	199	9	0	31.1	100	0	638.5	5.81	62.48
2010	199	10	0	32.2	100	0	781	4.47	57.51
2010	199	11	0	32.8	100	0	880.5	4.47	55.37
2010	199	12	0	32.2	100	0	927.5	4.47	50.52
2010	199	13	0	34.4	100	0	358	6.26	49
2010	199	14	0	33.9	100	0	847.5	6.26	47.84
2010	199	15	0	33.9	100	0	731	6.26	47.12
2010	199	16	0	32.2	100	0	573	8.05	49.83
2010	199	17	0	33.9	100	0	391	8.05	53.9
2010	199	18	0	33.3	100	0	180.5	8.05	60.02
2010	199	19	0	32.2	101	0	54	5.81	66.54
2010	199	20	0	31.1	101	0	0	5.81	70.62
2010	199	21	0	30.6	101	0	0	4.02	71.09
2010	199	22	0	28.3	101	0	0	3.13	75.74
2010	199	23	0	29.4	101	0	0	3.13	76.35
2010	200	0	0	26.7	101	0	0	2.24	77.35
2010	200	1	0	25.6	101	0	0	1.34	82.82
2010	200	2	0	24.4	101	0	0	2.68	83.85
2010	200	3	0	23.9	101	0	0	1.34	91.99
2010	200	4	0	24.4	101	0	0	1.34	96.1
2010	200	5	0	24.4	101	0	7	2.68	94.89
2010	200	6	0	25.6	101	0	107	2.68	91.92
2010	200	7	0	27.2	101	0	191.5	4.02	88.94
2010	200	8	0	27.8	100	0	211	5.81	84.74
2010	200	9	0	27.8	100	0	199	4.47	79.94
2010	200	10	0	23.9	100	9.14	380.5	2.24	79.32
2010	200	11	0	25.6	100	0	789.5	3.58	78.32
2010	200	12	0	27.2	100	0	831	4.92	73.54
2010	200	13	0	28.9	100	0	907	4.92	73.88
2010	200	14	0	30.6	100	0	837	4.92	74.37
2010	200	15	0	30	100	0	719.5	7.6	74.8
2010	200	16	0	30.6	100	0	566.5	7.15	75.12
2010	200	17	0	30	100	0	388	5.81	76.38
2010	200	18	0	28.9	100	0	111	4.92	88.5
2010	200	19	0	24.4	100	5.59	26.5	6.26	95.24
2010	200	20	0	25	100	0	0	1.34	96.05
2010	200	21	0	25.6	100	0	0	0.01	100
2010	200	22	0	25.6	100	0	0	2.68	100
2010	200	23	0	25.6	101	0	0	3.13	100
2010	201	0	0	25.6	101	0	0	2.68	99.41
2010	201	1	0	26.7	101	0	0	2.68	97.81
2010	201	2	0	25.6	101	0	0	2.68	94.53
2010	201	3	0	25.6	101	0	0	2.68	96.17
2010	201	4	0	25	101	0	0	3.13	93.42
2010	201	5	0	24.4	101	0	5.5	2.68	91.35
2010	201	6	0	25	101	0	101.5	1.34	83.52
2010	201	7	0	25.6	101	0	281.5	1.34	76.57
2010	201	8	0	26.7	101	0	468	4.47	66.04
2010	201	9	0	27.8	101	0	592.5	2.24	60.57
2010	201	10	0	29.4	101	0	567	0.01	56.55
2010	201	11	0	28.9	101	0	410	3.13	55.63
2010	201	12	0	28.3	101	0	266.5	4.92	51.71
2010	201	13	0	28.3	101	0	342	4.92	51.18
2010	201	14	0	31.1	101	0	548	4.47	51.32
2010	201	15	0	31.1	101	0	715.5	6.71	51.9
2010	201	16	0	30.6	101	0	454	4.47	56.07
2010	201	17	0	28.9	101	0	327.5	5.81	58.05
2010	201	18	0	27.8	101	0	189	4.92	69.22
2010	201	19	0	26.7	101	0	42.5	4.47	75.64
2010	201	20	0	26.1	101	0	0	4.47	82.5
2010	201	21	0	26.1	101	0	0	3.13	84.55
2010	201	22	0	26.7	101	0	0	3.58	91.42
2010	201	23	0	26.1	101	0	0	3.58	92.62
2010	202	0	0	26.1	101	0	0	3.58	93.26
2010	202	1	0	25	101	0	0	1.34	93.29
2010	202	2	0	25	101	0	0	2.24	92.95
2010	202	3	0	25	101	0	0	4.02	92.41
2010	202	4	0	25.6	101	0	0	0.01	97.62
2010	202	5	0	24.4	101	0	5.5	2.68	91.76
2010	202	6	0	25.6	101	0	103	2.68	87.04
2010	202	7	0	26.7	101	0	272.5	2.68	77.91
2010	202	8	0	27.8	101	0	455.5	3.13	72.63
2010	202	9	0	29.4	101	0	626	4.47	67.38
2010	202	10	0	30.6	101	0	761	6.26	66.17
2010	202	11	0	31.1	101	0	855	5.81	61.87
2010	202	12	0	31.1	101	0	761.5	5.81	61.79
2010	202	13	0	31.7	101	0	891	6.71	61.63
2010	202	14	0	31.1	101	0	663	7.15	61.84
2010	202	15	0	30.6	100	0	485	8.05	61.98
2010	202	16	0	28.9	100	0	355	8.94	62.47
2010	202	17	0	28.3	100	0	272.5	9.39	67.89
2010	202	18	0	28.3	100	0	109.5	6.26	78.7
2010	202	19	0	31.7	100	0	27	6.71	84.25
2010	202	20	0	28.3	100	0	0	2.24	85.23
2010	202	21	0	26.7	100	0	0	4.02	90.5
2010	202	22	0	26.1	100	0	0	6.26	89.9
2010	202	23	0	26.7	100	0	0	2.24	94.54
2010	203	0	0	27.2	100	0	0	5.81	93.28
2010	203	1	0	26.7	101	0	0	5.81	97.33
2010	203	2	0	26.1	101	0	0	5.81	94.55
2010	203	3	0	25	101	0	0	4.92	96.6
2010	203	4	0	25	101	0	0	4.47	92.71
2010	203	5	0	24.4	101	0	9.5	4.47	89.76
2010	203	6	0	25	101	0	128.5	4.92	78.33
2010	203	7	0	26.1	101	0	316.5	6.71	62.52
2010	203	8	0	27.2	101	0	508.5	6.26	56.06
2010	203	9	0	28.3	101	0	682.5	6.26	52.65
2010	203	10	0	30	101	0	821	6.26	49.91
2010	203	11	0	30.6	101	0	840.5	8.94	50.45
2010	203	12	0	31.1	101	0	775	7.6	48.2
2010	203	13	0	30	101	0	729.5	7.15	48.62
2010	203	14	0	31.1	101	0	855	6.26	48.85
2010	203	15	0	32.8	101	0	737.5	7.6	48.87
2010	203	16	0	32.2	101	0	530.5	6.71	48.79
2010	203	17	0	31.7	101	0	363	7.6	52.42
2010	203	18	0	30.6	101	0	173.5	7.6	58.19
2010	203	19	0	30	101	0	53	6.71	66.31
2010	203	20	0	28.9	101	0	0	4.92	67.31
2010	203	21	0	28.3	101	0	0	4.47	72.05
2010	203	22	0	27.8	101	0	0	3.58	72.57
2010	203	23	0	27.2	101	0	0	2.24	77.12
2010	204	0	0	26.7	101	0	0	2.68	76.79
2010	204	1	0	26.7	101	0	0	0.01	81.1
2010	204	2	0	26.1	101	0	0	2.24	80.8
2010	204	3	0	24.4	101	0	0	1.34	81.22
2010	204	4	0	24.4	101	0	0	2.24	82.63
2010	204	5	0	23.9	101	0	6.5	1.34	82.13
2010	204	6	0	25.6	101	0	54	0.01	80.57
2010	204	7	0	26.7	101	0	147.5	3.13	75.49
2010	204	8	0	26.7	101	0	230	3.58	72.31
2010	204	9	0	26.7	101	0	174.5	2.68	74.56
2010	204	10	0	26.7	101	0	127.5	3.58	71.77
2010	204	11	0	26.7	101	0	121.5	4.92	73.13
2010	204	12	0	25.6	101	1.78	359	2.24	70.2
2010	204	13	0	26.7	101	0	374.5	3.58	71.41
2010	204	14	0	26.1	101	0	366.5	4.47	72.93
2010	204	15	0	27.2	101	0	551.5	6.26	74.51
2010	204	16	0	27.8	101	0	446.5	8.05	75.99
2010	204	17	0	27.8	101	0	359	8.05	82.59
2010	204	18	0	27.8	101	0	160	6.71	82.99
2010	204	19	0	28.3	101	0	39	6.26	87.39
2010	204	20	0	27.8	101	0	0	4.92	86.62
2010	204	21	0	28.3	101	13.72	0	4.92	91.79
2010	204	22	0	27.8	101	0	0	3.58	91.68
2010	204	23	0	28.9	100	0	0	6.26	91.7
2010	205	0	0	28.9	100	0	0	4.02	91.87
2010	205	1	0	27.8	100	0	0	4.02	98
2010	205	2	0	26.7	100	0	0	3.13	98.88
2010	205	3	0	26.7	100	0	0	3.58	99.86
2010	205	4	0	26.7	100	0	0	4.47	100
2010	205	5	0	27.2	100	0	3	4.02	95.1
2010	205	6	0	28.9	100	0	65.5	4.02	96.12
2010	205	7	0	29.4	100	0	214	4.47	85.1
2010	205	8	0	29.4	100	0	275.5	4.47	77.27
2010	205	9	0	31.1	100	0	623	6.26	67.4
2010	205	10	0	32.8	100	0	759.5	5.81	67.44
2010	205	11	0	34.4	100	0	850	4.92	68.09
2010	205	12	0	34.4	100	0	811.5	4.92	68.67
2010	205	13	0	35	100	0	765	6.26	68.47
2010	205	14	0	35	100	0	706	5.81	63.48
2010	205	15	0	35.6	100	0	696	4.92	57.87
2010	205	16	0	34.4	100	0	558	7.15	56.49
2010	205	17	0	35	100	0	369	7.15	59.75
2010	205	18	0	35	100	0	203	7.15	64.2
2010	205	19	0	31.7	100	0	48	7.15	71
2010	205	20	0	30.6	100	0	0	5.81	74.89
2010	205	21	0	29.4	100	0	0	3.58	74.85
2010	205	22	0	28.9	100	0	0	4.02	75.3
2010	205	23	0	28.9	100	0	0	4.47	80.87
2010	206	0	0	28.3	100	0	0	4.02	82.99
2010	206	1	0	28.3	100	0.76	0	4.47	85.02
2010	206	2	0	28.3	100	0	0	4.02	91.03
2010	206	3	0	27.8	100	0	0	4.02	90.98
2010	206	4	0	27.8	100	0	0	4.02	95.91
2010	206	5	0	27.2	100	0	6.5	4.02	90.17
2010	206	6	0	27.2	100	0	95	3.13	84.69
2010	206	7	0	28.9	100	0	257.5	4.47	78.5
2010	206	8	0	30	100	0	463.5	6.26	71.86
2010	206	9	0	31.1	100	0	568.5	6.71	65.02
2010	206	10	0	31.7	100	0	701.5	6.71	59.04
2010	206	11	0	32.8	100	0	867.5	6.71	54.26
2010	206	12	0	32.8	100	0	905.5	3.13	53.28
2010	206	13	0	32.8	100	0	785	5.81	56.22
2010	206	14	0	32.2	100	0	247	6.71	57.5
2010	206	15	0	23.9	100	0.51	155	10.28	63.27
2010	206	16	0	23.9	100	0.25	68	4.92	69.74
2010	206	17	0	24.4	100	0.51	170	0.01	77.22
2010	206	18	0	23.9	100	0	144.5	3.58	88.76
2010	206	19	0	25	100	0	41	3.58	93.74
2010	206	20	0	25	100	0	0	4.92	91.49
2010	206	21	0	25.6	101	0	0	6.71	94.19
2010	206	22	0	25	101	0	0	6.71	95.6
2010	206	23	0	24.4	101	0	0	7.15	90
2010	207	0	0	23.3	101	0	0	5.81	88.61
2010	207	1	0	22.2	101	0	0	4.47	90.67
2010	207	2	0	21.7	101	0	0	4.47	88.4
2010	207	3	0	20.6	101	0	0	3.13	91.62
2010	207	4	0	20.6	101	0	0	3.58	90.07
2010	207	5	0	20.6	101	0	6.5	4.02	84.32
2010	207	6	0	21.7	101	0	117	3.58	77.68
2010	207	7	0	23.3	101	0	303	4.47	62.72
2010	207	8	0	24.4	101	0	498.5	4.02	51.69
2010	207	9	0	26.7	101	0	677	4.02	48.08
2010	207	10	0	27.8	101	0	820	6.71	45.51
2010	207	11	0	28.3	101	0	916.5	7.6	46.94
2010	207	12	0	29.4	101	0	959	7.6	45.59
2010	207	13	0	30	101	0	941	5.81	46.47
2010	207	14	0	30.6	101	0	868	4.92	47.11
2010	207	15	0	30	101	0	747	8.94	47.62
2010	207	16	0	30.6	101	0	588	8.05	47.91
2010	207	17	0	30.6	101	0	403.5	8.05	51.41
2010	207	18	0	30	101	0	212.5	7.6	56.56
2010	207	19	0	28.9	101	0	49.5	8.94	64.26
2010	207	20	0	27.8	101	0	0	7.6	68.06
2010	207	21	0	27.2	101	0	0	6.26	67.46
2010	207	22	0	26.1	101	0	0	7.15	71.24
2010	207	23	0	25	101	0	0	4.02	75.55
2010	208	0	0	24.4	101	0	0	4.47	75.86
2010	208	1	0	23.3	101	0	0	3.58	81.23
2010	208	2	0	22.8	101	0	0	2.68	81.89
2010	208	3	0	23.3	101	0	0	2.24	82.57
2010	208	4	0	22.8	101	0	0	2.24	88.43
2010	208	5	0	22.8	101	0	5.5	4.47	83.79
2010	208	6	0	23.3	101	0	112	3.58	79.24
2010	208	7	0	25	101	0	296	2.68	65.51
2010	208	8	0	26.7	101	0	490.5	2.68	52.96
2010	208	9	0	27.8	101	0	667.5	3.13	48.65
2010	208	10	0	29.4	101	0	811	3.58	45.91
2010	208	11	0	30.6	101	0	907.5	2.24	43.4
2010	208	12	0	31.1	101	0	949	5.81	43.75
2010	208	13	0	31.1	101	0	933.5	7.15	44.25
2010	208	14	0	31.7	101	0	862	6.26	45.06
2010	208	15	0	30.6	101	0	741	7.6	45.87
2010	208	16	0	28.9	101	0	581	9.39	46.79
2010	208	17	0	28.3	101	0	395	8.05	51.16
2010	208	18	0	27.2	101	0	204.5	8.05	62.13
2010	208	19	0	27.2	101	0	45	8.05	71.1
2010	208	20	0	23.9	101	0	0	5.81	72.83
2010	208	21	0	23.9	101	0	0	4.02	79.62
2010	208	22	0	23.3	101	0	0	4.02	86.2
2010	208	23	0	24.4	101	0	0	3.58	87.13
2010	209	0	0	23.3	101	0	0	3.58	93.51
2010	209	1	0	22.8	101	0	0	3.58	94.63
2010	209	2	0	22.8	101	0	0	2.68	95.99
2010	209	3	0	22.8	101	0	0	3.13	100
2010	209	4	0	21.7	101	0	0	2.24	100
2010	209	5	0	21.7	101	0	3	2.68	97.83
2010	209	6	0	22.2	101	0	87.5	2.68	92.36
2010	209	7	0	23.3	101	0	200	3.58	75.92
2010	209	8	0	25	101	0	275	3.58	69.54
2010	209	9	0	25.6	101	0	454.5	3.58	65.46
2010	209	10	0	26.7	101	0	573.5	3.58	67.39
2010	209	11	0	27.8	101	0	646.5	4.47	69.31
2010	209	12	0	29.4	101	0	795	4.92	70.5
2010	209	13	0	29.4	101	0	651	6.71	67.52
2010	209	14	0	28.9	101	0	486	7.15	68.67
2010	209	15	0	28.3	101	0	685.5	8.94	69.27
2010	209	16	0	27.8	101	0	534.5	11.18	69.26
2010	209	17	0	26.7	101	0	360.5	11.18	73.56
2010	209	18	0	26.1	101	0	181.5	9.39	78.82
2010	209	19	0	25	101	0	36.5	8.05	83.46
2010	209	20	0	24.4	101	0	0	8.05	88.28
2010	209	21	0	24.4	101	0	0	6.71	87.46
2010	209	22	0	24.4	101	0	0	6.71	86.58
2010	209	23	0	23.9	101	0	0	5.81	91.49
2010	210	0	0	23.9	101	0	0	5.81	92.22
2010	210	1	0	23.9	100	0	0	4.92	93.7
2010	210	2	0	23.9	100	0	0	3.13	95.33
2010	210	3	0	24.4	100	0	0	4.02	96.73
2010	210	4	0	23.9	100	0	0	3.13	97.66
2010	210	5	0	24.4	100	0	0	4.47	98.23
2010	210	6	0	25	100	0	17.5	4.92	92.62
2010	210	7	0	26.1	100	0.25	92.5	4.47	86.14
2010	210	8	0	25.6	100	0.51	152.5	2.24	79.34
2010	210	9	0	25	100	0	545.5	4.02	78.13
2010	210	10	0	26.7	100	0	319.5	4.92	72.85
2010	210	11	0	27.2	100	0	595	4.47	68.18
2010	210	12	0	30	100	0	625	4.02	67.73
2010	210	13	0	28.3	100	0	297	5.81	67.14
2010	210	14	0	27.8	100	0	443	3.13	70.59
2010	210	15	0	27.8	100	0	469.5	4.92	74.52
2010	210	16	0	25	100	0	232.5	6.26	73.03
2010	210	17	0	26.1	100	0	258	4.02	74.41
2010	210	18	0	26.1	100	0	152.5	3.58	73.08
2010	210	19	0	25.6	100	0	32	0.01	75.67
2010	210	20	0	27.8	100	0	0	5.81	71.32
2010	210	21	0	27.2	100	0	0	4.92	68.23
2010	210	22	0	26.1	101	0	0	4.47	68.81
2010	210	23	0	25	101	0	0	4.92	71.97
2010	211	0	0	23.9	101	0	0	4.02	72.1
2010	211	1	0	22.8	101	0	0	6.26	76.8
2010	211	2	0	21.7	101	0	0	5.81	81.74
2010	211	3	0	21.1	101	0	0	4.92	81.89
2010	211	4	0	20.6	101	0	0	5.81	82.33
2010	211	5	0	20	101	0	0	4.47	82.95
2010	211	6	0	20.6	101	0	103.5	4.47	76.73
2010	211	7	0	21.7	101	0	284	4.47	62.76
2010	211	8	0	23.3	101	0	476.5	4.92	55.91
2010	211	9	0	25	101	0	652.5	3.13	51.34
2010	211	10	0	26.1	101	0	796.5	4.47	48.59
2010	211	11	0	26.7	101	0	894	2.24	43.23
2010	211	12	0	25	101	0	662	4.92	42.85
2010	211	13	0	25.6	101	0	662.5	4.92	43.73
2010	211	14	0	25.6	101	0	382.5	5.81	44.67
2010	211	15	0	24.4	101	0	420	4.02	45.17
2010	211	16	0	23.3	101	0	252.5	4.47	45.82
2010	211	17	0	23.3	101	0	59	4.47	50.26
2010	211	18	0	22.8	101	0	116	3.13	57.83
2010	211	19	0	22.8	101	0	39	4.92	64.05
2010	211	20	0	21.7	101	0	0	2.68	69.91
2010	211	21	0	21.7	101	0	0	0.01	71.57
2010	211	22	0	22.8	101	0	0	2.68	72.24
2010	211	23	0	23.3	101	0	0	4.92	74.71
2010	212	0	0	22.8	101	0	0	4.47	77.68
2010	212	1	0	22.2	101	0	0	3.58	77.1
2010	212	2	0	21.1	101	0	0	4.02	81.81
2010	212	3	0	20.6	101	0	0	3.13	81.66
2010	212	4	0	18.3	101	0	0	2.24	86.73
2010	212	5	0	18.9	101	0	0	2.68	86.18
2010	212	6	0	18.9	101	0	103	4.02	77.7
2010	212	7	0	19.4	101	0	286	4.02	64.2
2010	212	8	0	21.7	101	0	483	3.58	56.85
2010	212	9	0	22.8	101	0	662.5	2.68	47.49
2010	212	10	0	24.4	101	0	807.5	2.68	44.47
2010	212	11	0	24.4	101	0	906	1.34	42.1
2010	212	12	0	26.1	101	0	949.5	3.13	38.89
2010	212	13	0	27.2	101	0	933.5	0.01	39.42
2010	212	14	0	25	101	0	859.5	4.02	40.81
2010	212	15	0	25.6	101	0	736	4.92	42.59
2010	212	16	0	25.6	101	0	573	4.92	45.05
2010	212	17	0	25	101	0	386.5	4.47	51.12
2010	212	18	0	22.8	101	0	149.5	4.92	62.38
2010	212	19	0	22.2	101	0	29	3.13	74.04
2010	212	20	0	21.7	101	0	0	2.68	78.92
2010	212	21	0	21.7	101	0	0	2.24	82.88
2010	212	22	0	21.1	101	0	0	1.34	90.64
2010	212	23	0	21.1	101	0	0	1.34	92
2010	213	0	0	20.6	101	0	0	2.24	92.88
2010	213	1	0	21.1	101	0	0	1.34	93.18
2010	213	2	0	21.1	101	0	0	1.34	93.11
2010	213	3	0	21.7	101	0	0	1.34	93.01
2010	213	4	0	21.1	101	0	0	2.24	99.31
2010	213	5	0	21.1	101	0	0	3.13	94.47
2010	213	6	0	21.7	101	0	89.5	2.24	89.13
2010	213	7	0	22.8	101	0	258	4.02	81.94
2010	213	8	0	23.9	101	0	439.5	4.92	75.29
2010	213	9	0	25.6	101	0	570	4.92	69.91
2010	213	10	0	25.6	101	0	333.5	4.47	69.49
2010	213	11	0	25.6	101	0	273	5.81	68.64
2010	213	12	0	25.6	101	0	95.5	4.92	67.81
2010	213	13	0	25	101	0	259	4.47	67.11
2010	213	14	0	24.4	101	0	481.5	4.92	66.52
2010	213	15	0	24.4	101	0	466	4.47	66.09
2010	213	16	0	24.4	101	0	386	4.47	65.62
2010	213	17	0	23.9	101	0	168	3.58	65.5
2010	213	18	0	23.3	101	0	60.5	2.24	75.95
2010	213	19	0	22.8	101	0	20	3.13	82.41
2010	213	20	0	22.8	101	0	0	1.34	85.57
2010	213	21	0	22.2	101	0	0	2.24	94.16
2010	213	22	0	22.2	101	0	0	0.01	96.09
2010	213	23	0	21.7	101	0	0	2.24	96.73
2010	214	0	0	21.7	101	0	0	2.24	96.91
2010	214	1	0	21.7	101	0	0	1.34	96.84
2010	214	2	0	21.7	101	0	0	0.01	96.65
2010	214	3	0	21.7	101	0	0	0.01	96.4
2010	214	4	0	20.6	101	0	0	0.01	96.33
2010	214	5	0	20.6	101	0	0	1.34	92.55
2010	214	6	0	21.7	101	0	75	0.01	90.11
2010	214	7	0	23.3	101	0	256	2.24	81.42
2010	214	8	0	25	101	0	442.5	3.58	70.64
2010	214	9	0	25	101	0	616	4.47	64.51
2010	214	10	0	26.1	101	0	760	4.02	59.57
2010	214	11	0	26.1	101	0	858.5	4.47	58.66
2010	214	12	0	26.7	101	0	905	5.81	58.08
2010	214	13	0	26.7	101	0	889.5	6.71	57.52
2010	214	14	0	26.7	101	0	817	6.71	57.1
2010	214	15	0	26.1	101	0	698.5	7.6	56.98
2010	214	16	0	26.1	101	0	474	7.15	57.37
2010	214	17	0	25.6	101	0	321.5	8.05	61.87
2010	214	18	0	23.9	101	0	171.5	7.15	67.47
2010	214	19	0	23.3	101	0	26	6.71	73.53
2010	214	20	0	23.3	101	0	0	6.71	80.05
2010	214	21	0	22.8	101	0	0	6.26	81.71
2010	214	22	0	22.8	101	0	0	6.26	87.82
2010	214	23	0	22.8	101	0	0	4.92	87.97
2010	215	0	0	22.8	101	0	0	4.47	87.86
2010	215	1	0	22.2	101	0	0	4.92	86.96
2010	215	2	0	22.2	101	0	0	4.47	86.66
2010	215	3	0	22.2	101	0	0	4.47	87.37
2010	215	4	0	22.2	101	0	0	4.02	88.57
2010	215	5	0	22.2	101	0	0	4.47	90.22
2010	215	6	0	22.8	101	0	54.5	4.47	85.07
2010	215	7	0	22.8	101	0	143.5	3.58	79.32
2010	215	8	0	24.4	101	0	319	4.92	75
2010	215	9	0	25.6	101	0	329.5	4.92	71.47
2010	215	10	0	25.6	101	0	388.5	4.02	68.1
2010	215	11	0	26.7	101	0	839	6.71	64.7
2010	215	12	0	27.8	101	0	882	8.05	65.19
2010	215	13	0	27.8	101	0	868.5	9.39	65.72
2010	215	14	0	27.8	101	0	640	8.94	66.49
2010	215	15	0	27.2	101	0	403	9.39	71.32
2010	215	16	0	26.1	101	0	290.5	10.28	71.94
2010	215	17	0	25.6	101	0	239.5	10.28	77.07
2010	215	18	0	24.4	101	0	154.5	9.83	78.18
2010	215	19	0	23.9	101	0	23	10.73	84.44
2010	215	20	0	23.9	101	0	0	9.83	91.12
2010	215	21	0	23.9	101	0	0	7.15	92.32
2010	215	22	0	23.9	101	0	0	4.92	99.04
2010	215	23	0	23.3	101	0	0	4.92	99.51
2010	216	0	0	23.3	101	0	0	3.58	99.62
2010	216	1	0	23.3	101	0	0	3.58	99.43
2010	216	2	0	22.8	101	0	0	3.13	98.88
2010	216	3	0	22.8	101	0	0	2.68	98.67
2010	216	4	0	22.8	101	0	0	3.13	98.86
2010	216	5	0	23.3	101	0	0	2.68	99.66
2010	216	6	0	23.3	101	0	33.5	3.13	94.89
2010	216	7	0	24.4	101	0	121.5	3.58	84.96
2010	216	8	0	25.6	101	0	414.5	2.68	80.38
2010	216	9	0	26.7	101	0	584.5	4.02	75.86
2010	216	10	0	27.8	101	0	723	3.58	71.66
2010	216	11	0	28.3	100	0	817.5	4.92	71.65
2010	216	12	0	28.9	100	0	862.5	5.81	67.68
2010	216	13	0	28.3	100	0	845	7.15	67.85
2010	216	14	0	29.4	100	0	773	6.71	68.14
2010	216	15	0	28.3	100	0	489.5	6.26	68.49
2010	216	16	0	28.9	100	0	447.5	6.71	72.96
2010	216	17	0	27.8	100	0	331	7.6	78.34
2010	216	18	0	26.1	100	0	154.5	6.71	84.64
2010	216	19	0	25.6	100	0	21	7.6	90.68
2010	216	20	0	25	100	0	0	6.71	97.25
2010	216	21	0	25	100	0	0	4.47	97.74
2010	216	22	0	24.4	100	0	0	4.92	98.09
2010	216	23	0	24.4	100	0	0	3.58	98.39
2010	217	0	0	23.9	100	0	0	2.68	100
2010	217	1	0	23.3	100	0	0	2.68	100
2010	217	2	0	23.3	100	0	0	2.24	100
2010	217	3	0	23.9	100	0	0	2.24	100
2010	217	4	0	23.9	100	0	0	1.34	100
2010	217	5	0	24.4	100	0	0	2.68	100
2010	217	6	0	25	100	0	47	3.13	98.62
2010	217	7	0	26.1	100	0	227.5	4.02	91.48
2010	217	8	0	29.4	100	0	300	6.26	78.38
2010	217	9	0	31.1	100	0	591.5	5.81	69.97
2010	217	10	0	31.1	100	0	735.5	4.02	62.39
2010	217	11	0	32.2	100	0	832.5	8.05	57.26
2010	217	12	0	33.9	100	0	874.5	7.6	56.75
2010	217	13	0	33.9	100	0	858.5	9.83	56.99
2010	217	14	0	35	100	0	785.5	11.18	61.59
2010	217	15	0	32.8	100	0	666.5	8.94	63.3
2010	217	16	0	33.9	100	0	514	9.83	64.57
2010	217	17	0	33.3	100	0	320	8.05	65.02
2010	217	18	0	31.7	100	0	137	6.26	69.1
2010	217	19	0	31.7	100	0	14	6.71	76.94
2010	217	20	0	30.6	100	0	0	4.47	75.75
2010	217	21	0	27.8	100	0	0	4.02	79.16
2010	217	22	0	27.8	100	0	0	4.92	78.27
2010	217	23	0	27.2	100	0	0	3.58	82.7
2010	218	0	0	26.7	100	0	0	3.58	82.51
2010	218	1	0	26.1	100	0	0	4.02	82.65
2010	218	2	0	26.1	100	0	0	4.92	88.16
2010	218	3	0	25	100	0	0	3.58	88.73
2010	218	4	0	25.6	100	0	0	3.58	94.38
2010	218	5	0	25.6	100	0	0	3.13	88.61
2010	218	6	0	26.1	100	0	78	4.47	83.16
2010	218	7	0	26.7	100	0	245.5	5.81	72.41
2010	218	8	0	27.8	100	0	429.5	4.47	66.82
2010	218	9	0	29.4	100	0	602	4.02	61.33
2010	218	10	0	30.6	100	0	743	5.81	56.29
2010	218	11	0	31.1	100	0	837	4.02	54.17
2010	218	12	0	32.2	100	0	493.5	7.6	51.61
2010	218	13	0	32.2	100	0	279.5	6.26	48.95
2010	218	14	0	31.7	100	0	248	7.6	46.31
2010	218	15	0	30.6	100	0	354.5	7.6	43.9
2010	218	16	0	31.1	100	0	532.5	6.71	44.66
2010	218	17	0	30	100	0	357	9.39	46.23
2010	218	18	0	28.9	100	0	174.5	9.39	49.91
2010	218	19	0	27.2	100	0	26	7.6	56
2010	218	20	0	26.1	100	0	0	9.83	58.09
2010	218	21	0	25	100	0	0	4.92	61.15
2010	218	22	0	23.9	100	0	0	3.58	65.1
2010	218	23	0	23.3	100	0	0	2.68	67.89
2010	219	0	0	21.7	100	0	0	0.01	66.87
2010	219	1	0	20	101	0	0	2.24	70.41
2010	219	2	0	20	101	0	0	0.01	70.02
2010	219	3	0	19.4	101	0	0	0.01	65.91
2010	219	4	0	18.9	101	0	0	0.01	66.93
2010	219	5	0	18.9	101	0	0	0.01	69.03
2010	219	6	0	20	101	0	44	0.01	57.7
2010	219	7	0	23.3	101	0	222.5	0.01	50.66
2010	219	8	0	24.4	101	0	457.5	1.34	47.4
2010	219	9	0	25.6	101	0	637	3.58	47.18
2010	219	10	0	26.7	101	0	783	3.13	46.69
2010	219	11	0	26.7	101	0	882.5	2.24	44.55
2010	219	12	0	27.8	101	0	924.5	5.81	45.29
2010	219	13	0	27.8	101	0	906.5	6.26	46.26
2010	219	14	0	27.2	101	0	830	6.26	47.47
2010	219	15	0	27.2	101	0	704	5.81	48.9
2010	219	16	0	27.2	101	0	541	5.81	53.96
2010	219	17	0	26.1	101	0	354.5	6.26	56.86
2010	219	18	0	25.6	101	0	166.5	6.26	68.34
2010	219	19	0	25	101	0	23	3.13	76.47
2010	219	20	0	24.4	101	0	0	4.47	80.16
2010	219	21	0	23.9	101	0	0	4.47	88.15
2010	219	22	0	23.9	101	0	0	2.24	95.45
2010	219	23	0	23.3	101	0	0	4.92	96.06
2010	220	0	0	23.3	101	0	0	6.26	96.01
2010	220	1	0	22.8	101	0	0	4.02	95.73
2010	220	2	0	22.2	101	0	0	3.13	100
2010	220	3	0	21.7	101	0	0	2.24	100
2010	220	4	0	22.2	101	0	0	3.13	100
2010	220	5	0	22.2	101	0	0	2.68	97.75
2010	220	6	0	22.8	101	0	26.5	3.13	92.25
2010	220	7	0	23.3	101	0	143	2.68	78.02
2010	220	8	0	24.4	101	0	252.5	3.13	69.73
2010	220	9	0	25.6	101	0	269.5	3.58	63.38
2010	220	10	0	27.8	101	0	750	4.02	58.59
2010	220	11	0	27.2	101	0	855	4.47	54.39
2010	220	12	0	28.9	101	0	898.5	6.26	53.71
2010	220	13	0	29.4	101	0	880	5.81	53.51
2010	220	14	0	28.9	101	0	805.5	7.15	53.69
2010	220	15	0	28.3	101	0	684.5	6.26	54.53
2010	220	16	0	27.8	101	0	525	8.05	59.38
2010	220	17	0	26.7	101	0	342	5.81	66.38
2010	220	18	0	26.1	101	0	157.5	4.92	75.33
2010	220	19	0	25	101	0	20.5	4.47	85.57
2010	220	20	0	25	101	0	0	4.92	95.42
2010	220	21	0	25	101	0	0	4.47	98.28
2010	220	22	0	24.4	101	0	0	3.13	99.35
2010	220	23	0	24.4	101	0	0	3.58	100
2010	221	0	0	23.3	101	0	0	3.13	100
2010	221	1	0	22.8	101	0	0	2.24	100
2010	221	2	0	23.3	101	0	0	3.13	100
2010	221	3	0	22.8	101	0	0	2.68	100
2010	221	4	0	22.8	101	0	0	2.68	100
2010	221	5	0	22.2	101	0	0	3.58	100
2010	221	6	0	22.8	101	0	66	4.02	94.77
2010	221	7	0	23.3	101	0	228.5	3.58	80.91
2010	221	8	0	24.4	101	0	411	3.58	66.12
2010	221	9	0	26.1	101	0	583.5	3.58	58.8
2010	221	10	0	26.7	101	0	721	4.02	54.36
2010	221	11	0	28.3	101	0	813.5	4.92	51.14
2010	221	12	0	29.4	101	0	856	4.47	51.73
2010	221	13	0	29.4	101	0	720.5	5.81	52.35
2010	221	14	0	29.4	101	0	629	6.26	55.9
2010	221	15	0	28.3	101	0	560	7.6	56.97
2010	221	16	0	27.8	101	0	475	9.83	61.56
2010	221	17	0	27.8	101	0	312.5	9.39	66.98
2010	221	18	0	26.7	101	0	105	10.28	72.63
2010	221	19	0	26.1	101	0	14.5	8.94	78.59
2010	221	20	0	25.6	101	0	0	7.6	79.31
2010	221	21	0	25.6	101	0	0	6.26	84.02
2010	221	22	0	26.7	101	0	0	6.71	83.89
2010	221	23	0	26.1	101	0	0	6.71	84.35
2010	222	0	0	25.6	101	0	0	4.47	90.51
2010	222	1	0	25	101	0	0	3.58	91.54
2010	222	2	0	23.9	101	0	0	2.68	91.99
2010	222	3	0	25.6	101	0	0	3.13	92.26
2010	222	4	0	25	101	0	0	3.13	92.35
2010	222	5	0	25	101	0	0	2.24	92.86
2010	222	6	0	25.6	101	0	5.5	2.24	88.04
2010	222	7	0	26.7	101	0	138.5	2.68	82.57
2010	222	8	0	27.8	101	0	282.5	2.68	71.62
2010	222	9	0	28.3	101	0	234.5	2.24	65.58
2010	222	10	0	28.9	101	0	304	3.13	61.52
2010	222	11	0	30.6	101	0	767	3.58	58.1
2010	222	12	0	31.1	101	0	658.5	4.02	58.2
2010	222	13	0	30	100	0	629.5	4.47	58.52
2010	222	14	0	29.4	100	0	519.5	3.58	58.96
2010	222	15	0	28.9	100	0	430	3.58	59.44
2010	222	16	0	29.4	100	0	271	3.58	63.09
2010	222	17	0	28.3	100	0	249	3.58	63.46
2010	222	18	0	26.7	100	0	89	4.02	69.82
2010	222	19	0	25.6	100	0	8.5	4.47	73.7
2010	222	20	0	25.6	101	0	0	4.02	79.03
2010	222	21	0	25	101	0	0	1.34	80.41
2010	222	22	0	25	101	0	0	2.24	86.45
2010	222	23	0	24.4	100	0	0	1.34	87.1
2010	223	0	0	25	100	0	0	0.01	92.15
2010	223	1	0	24.4	100	0	0	1.34	90.93
2010	223	2	0	25	100	0	0	1.34	89
2010	223	3	0	25.6	100	0	0	2.24	86.89
2010	223	4	0	26.1	100	0	0	3.58	90.51
2010	223	5	0	26.7	100	0	0	3.13	89.4
2010	223	6	0	25.6	100	0	23.5	2.68	83.81
2010	223	7	0	26.7	100	0	159	4.47	79.27
2010	223	8	0	27.8	100	0	339.5	5.81	74.62
2010	223	9	0	28.3	100	0	575.5	4.02	69.6
2010	223	10	0	30.6	100	0	735.5	4.92	60.61
2010	223	11	0	31.1	100	0	561.5	4.02	55
2010	223	12	0	32.2	100	0	311.5	1.34	52.35
2010	223	13	0	32.8	100	0	305.5	3.58	48.32
2010	223	14	0	31.1	100	0	529.5	4.92	48.05
2010	223	15	0	29.4	100	0	673.5	6.26	50.4
2010	223	16	0	28.3	100	0	460.5	5.81	54.43
2010	223	17	0	26.7	100	0	287	5.81	60.58
2010	223	18	0	26.1	100	0	104.5	4.47	72.28
2010	223	19	0	25	100	0	11.5	3.58	79.33
2010	223	20	0	24.4	101	0	0	2.68	86.54
2010	223	21	0	24.4	101	0	0	2.68	93.77
2010	223	22	0	24.4	101	0	0	3.13	94.67
2010	223	23	0	24.4	101	0	0	2.68	94.69
2010	224	0	0	23.9	101	0	0	3.13	94.34
2010	224	1	0	23.3	101	0	0	2.24	93.98
2010	224	2	0	23.3	101	0	0	2.68	93.56
2010	224	3	0	22.8	101	0	0	2.24	93.08
2010	224	4	0	22.8	101	0	0	2.68	92.74
2010	224	5	0	22.8	101	0	0	1.34	98.25
2010	224	6	0	22.8	101	0	6.5	3.13	90.46
2010	224	7	0	22.8	101	0	23.5	3.58	82.66
2010	224	8	0	23.3	101	0	101	4.02	79.62
2010	224	9	0	23.9	101	0	225	3.58	71.79
2010	224	10	0	23.3	101	0	282.5	3.58	70.03
2010	224	11	0	23.9	101	0	306.5	6.26	69.48
2010	224	12	0	23.9	101	0	239	4.47	69.76
2010	224	13	0	23.9	101	0	72	4.47	74.87
2010	224	14	0	23.9	101	0	69.5	3.58	75.18
2010	224	15	0	23.9	101	0	144.5	3.58	79.83
2010	224	16	0	23.3	101	0	182.5	4.47	79.07
2010	224	17	0	23.3	101	0	148.5	3.58	77.73
2010	224	18	0	22.8	101	0	46	4.02	76.88
2010	224	19	0	22.2	101	0	5	3.58	81.87
2010	224	20	0	22.2	101	0	0	3.13	82.26
2010	224	21	0	21.7	101	0	0	2.68	82.65
2010	224	22	0	21.7	101	0	0	3.13	87.65
2010	224	23	0	21.1	101	0.25	0	3.13	87.3
2010	225	0	0	21.1	101	0	0	2.24	86.57
2010	225	1	0	21.1	101	0	0	2.68	86.04
2010	225	2	0	20.6	101	0	0	3.58	86.13
2010	225	3	0	21.1	101	0	0	3.58	86.6
2010	225	4	0	21.1	101	0	0	4.92	92.34
2010	225	5	0	21.1	101	0	0	4.92	92.32
2010	225	6	0	20.6	101	0	23.5	4.92	85.31
2010	225	7	0	21.1	101	0	52.5	4.92	75.46
2010	225	8	0	21.7	101	0	181.5	4.47	66.44
2010	225	9	0	24.4	101	0	495.5	4.47	60.06
2010	225	10	0	25	101	0	748.5	7.15	55.46
2010	225	11	0	25	101	0	844	7.6	54.58
2010	225	12	0	25.6	101	0	888	7.15	50.62
2010	225	13	0	26.1	101	0	874	7.6	49.89
2010	225	14	0	25	101	0	803	6.26	52.36
2010	225	15	0	25.6	101	0	681.5	5.81	51.96
2010	225	16	0	25	101	0	522.5	7.15	54.93
2010	225	17	0	24.4	101	0	339	4.47	55.19
2010	225	18	0	23.3	101	0	152	4.47	63.49
2010	225	19	0	22.2	101	0	17.5	4.47	68.78
2010	225	20	0	21.7	101	0	0	3.58	69.62
2010	225	21	0	21.1	101	0	0	3.58	74.3
2010	225	22	0	21.1	101	0	0	3.58	73.56
2010	225	23	0	20.6	101	0	0	2.68	72.05
2010	226	0	0	20	101	0	0	1.34	75.14
2010	226	1	0	19.4	101	0	0	1.34	73.89
2010	226	2	0	18.9	101	0	0	2.68	73.03
2010	226	3	0	18.3	101	0	0	2.24	72.53
2010	226	4	0	17.2	101	0	0	2.24	77.38
2010	226	5	0	16.7	101	0	0	2.68	73.82
2010	226	6	0	17.8	101	0	73	3.58	67.98
2010	226	7	0	20.6	102	0	251	3.13	56.87
2010	226	8	0	22.8	101	0	372.5	2.24	51.69
2010	226	9	0	23.9	101	0	590.5	4.47	47.97
2010	226	10	0	23.9	101	0	767	6.26	48.01
2010	226	11	0	25	101	0	787.5	6.71	45.52
2010	226	12	0	25	101	0	770.5	4.47	45.99
2010	226	13	0	25	101	0	775	4.92	46.63
2010	226	14	0	25	101	0	701.5	6.71	47.38
2010	226	15	0	24.4	101	0	693.5	4.92	51.14
2010	226	16	0	24.4	101	0	530	4.92	51.97
2010	226	17	0	23.9	101	0	303.5	4.92	56.29
2010	226	18	0	22.8	101	0	152	3.58	61.85
2010	226	19	0	22.2	101	0	16.5	4.02	68.85
2010	226	20	0	21.7	101	0	0	3.13	71.25
2010	226	21	0	21.1	101	0	0	2.68	77.69
2010	226	22	0	21.7	101	0	0	3.13	78.93
2010	226	23	0	21.1	101	0	0	3.13	80.1
2010	227	0	0	21.7	101	0	0	3.13	81.44
2010	227	1	0	21.7	101	0	0	3.13	82.48
2010	227	2	0	21.1	101	0	0	2.68	83.45
2010	227	3	0	21.1	101	0	0	2.24	84.35
2010	227	4	0	21.1	101	0	0	0.01	85.61
2010	227	5	0	21.1	101	0	0	2.24	87.39
2010	227	6	0	21.1	101	0	62.5	2.24	77.34
2010	227	7	0	23.3	101	0	207.5	3.58	72.04
2010	227	8	0	23.9	101	0	360.5	6.26	68.27
2010	227	9	0	25	101	0	461.5	4.47	65.04
2010	227	10	0	25	101	0	252	5.81	65.96
2010	227	11	0	24.4	101	0	183	6.26	66.91
2010	227	12	0	25	101	0	426	6.26	67.79
2010	227	13	0	25.6	101	0	218.5	5.81	68.65
2010	227	14	0	25.6	101	0	220	6.26	69.44
2010	227	15	0	25	101	0	125	6.71	70.11
2010	227	16	0	24.4	101	0	112	6.26	75.44
2010	227	17	0	24.4	101	0	52.5	6.26	82.43
2010	227	18	0	23.9	101	0	61	4.92	85.14
2010	227	19	0	23.3	101	0	12	5.81	93.11
2010	227	20	0	21.7	101	0.51	0	2.68	95.45
2010	227	21	0	23.3	101	0	0	4.02	97.11
2010	227	22	0	23.3	101	0	0	4.92	97.68
2010	227	23	0	22.2	101	0	0	7.15	97.33
2010	228	0	0	22.2	101	0	0	4.92	96.96
2010	228	1	0	21.7	101	0.76	0	3.13	96.87
2010	228	2	0	22.2	101	0	0	3.58	97.23
2010	228	3	0	23.3	101	0	0	4.47	97.43
2010	228	4	0	23.3	101	0	0	4.47	97.66
2010	228	5	0	23.3	101	0	0	3.58	98.55
2010	228	6	0	23.3	101	0	53.5	4.02	100
2010	228	7	0	23.9	101	0	129	3.58	97.67
2010	228	8	0	24.4	101	0	159	3.58	87.6
2010	228	9	0	25	101	0	205.5	4.47	82.64
2010	228	10	0	26.1	101	0	279.5	5.81	73.43
2010	228	11	0	26.7	101	0	308.5	4.92	73.22
2010	228	12	0	26.1	101	0	424	6.71	73.26
2010	228	13	0	28.3	101	0	477.5	6.26	73.52
2010	228	14	0	28.3	101	0	303.5	6.26	78.62
2010	228	15	0	26.7	101	0	292.5	4.92	79.23
2010	228	16	0	25.6	101	0	19	9.39	79.62
2010	228	17	0	25	101	2.03	212.5	4.47	80.19
2010	228	18	0	26.1	101	0	49	5.81	91.12
2010	228	19	0	25	101	0	3.5	6.71	91.68
2010	228	20	0	24.4	101	0	0	6.26	97.77
2010	228	21	0	24.4	101	0	0	4.47	97.97
2010	228	22	0	24.4	101	0	0	4.47	97.69
2010	228	23	0	24.4	101	0	0	4.02	97.13
2010	229	0	0	23.9	101	0	0	3.13	96.93
2010	229	1	0	24.4	101	0	0	4.92	100
2010	229	2	0	23.3	101	0	0	3.13	100
2010	229	3	0	23.9	101	0	0	3.13	100
2010	229	4	0	23.3	101	0	0	2.24	99.72
2010	229	5	0	22.8	101	0	0	2.24	98.5
2010	229	6	0	23.3	101	0	43.5	3.13	96.99
2010	229	7	0	25.6	101	0	184.5	1.34	82.01
2010	229	8	0	27.2	101	0	391.5	0.01	70.43
2010	229	9	0	28.3	101	0	567.5	0.01	57.12
2010	229	10	0	30.6	101	0	585.5	2.68	54.89
2010	229	11	0	30.6	101	0	651.5	4.02	51.45
2010	229	12	0	31.1	101	0	674.5	4.47	51.4
2010	229	13	0	31.1	101	0	630.5	3.13	51.15
2010	229	14	0	31.7	101	0	678	4.02	50.7
2010	229	15	0	31.7	101	0	568.5	4.02	50.17
2010	229	16	0	28.9	101	0	391.5	6.71	53.01
2010	229	17	0	29.4	101	0	202.5	4.92	53.9
2010	229	18	0	27.8	101	0	66	4.92	68.1
2010	229	19	0	26.1	101	0	5.5	4.47	72.07
2010	229	20	0	25	101	0	0	2.24	76.74
2010	229	21	0	25	101	0	0	0.01	76.83
2010	229	22	0	26.7	101	0	0	4.47	75.61
2010	229	23	0	26.7	101	0	0	4.47	77.55
2010	230	0	0	26.1	101	0	0	1.34	74.16
2010	230	1	0	25	101	0	0	2.68	71.43
2010	230	2	0	24.4	101	0	0	2.68	72.7
2010	230	3	0	23.3	101	0	0	3.58	71.12
2010	230	4	0	22.8	101	0	0	3.58	72.51
2010	230	5	0	22.2	101	0	0	2.24	75.05
2010	230	6	0	22.8	101	0	29.5	3.13	77.47
2010	230	7	0	23.3	101	0	63	0.01	75.95
2010	230	8	0	24.4	101	0	112	2.24	72.88
2010	230	9	0	25	101	0	178	2.68	68.82
2010	230	10	0	25	101	0	277	2.68	63.37
2010	230	11	0	26.1	101	0	523	3.58	57.01
2010	230	12	0	26.1	101	0	505	4.02	54.91
2010	230	13	0	25.6	101	0	616	3.13	53.76
2010	230	14	0	25.6	101	0	660	1.34	53.62
2010	230	15	0	25	101	0	391	1.34	57.27
2010	230	16	0	26.1	101	0	207	2.24	57.57
2010	230	17	0	25	101	0	92.5	3.58	64.74
2010	230	18	0	23.9	101	0	55.5	0.01	76.43
2010	230	19	0	23.3	101	0	3.5	1.34	80.33
2010	230	20	0	23.3	101	0	0	1.34	83.7
2010	230	21	0	22.8	101	0	0	1.34	85.82
2010	230	22	0	22.8	101	0	0	0.01	86.67
2010	230	23	0	22.8	101	0	0	0.01	86.87
2010	231	0	0	22.2	101	0	0	0.01	86.84
2010	231	1	0	21.7	101	0	0	2.24	92.16
2010	231	2	0	21.1	101	0	0	1.34	91.85
2010	231	3	0	21.1	101	0	0	1.34	97.05
2010	231	4	0	20.6	101	0	0	1.34	96.02
2010	231	5	0	20	101	0	0	2.24	95.08
2010	231	6	0	20.6	101	0	53	0.01	88.88
2010	231	7	0	22.8	101	0	221	0.01	69.28
2010	231	8	0	25.6	101	0	416	0.01	55.14
2010	231	9	0	27.8	101	0	598	2.24	50.32
2010	231	10	0	27.8	101	0	752.5	4.47	45.06
2010	231	11	0	27.8	101	0	858	4.02	41.35
2010	231	12	0	28.9	101	0	900	4.47	40.85
2010	231	13	0	28.9	101	0	882	5.81	40.79
2010	231	14	0	29.4	100	0	805	3.58	41.43
2010	231	15	0	28.9	100	0	675.5	4.92	42.51
2010	231	16	0	28.3	100	0	505.5	6.71	46.64
2010	231	17	0	27.2	100	0	312.5	7.15	52.33
2010	231	18	0	25.6	100	0	126	4.92	63.49
2010	231	19	0	24.4	100	0	8.5	4.92	70.68
2010	231	20	0	23.9	100	0	0	4.47	75.28
2010	231	21	0	23.9	100	0	0	4.47	83.35
2010	231	22	0	23.3	100	0	0	3.58	90.03
2010	231	23	0	22.8	100	0	0	3.13	89.63
2010	232	0	0	22.8	100	0	0	2.68	87.97
2010	232	1	0	22.8	100	0	0	3.58	85.72
2010	232	2	0	23.3	100	0	0	3.13	83.24
2010	232	3	0	22.8	100	0	0	1.34	86.04
2010	232	4	0	23.3	100	0	0	2.24	84.58
2010	232	5	0	22.8	101	0	0	0.01	84.4
2010	232	6	0	23.9	101	0	49	2.24	75.32
2010	232	7	0	26.7	101	0	207.5	0.01	68.26
2010	232	8	0	28.3	101	0	390	2.68	65.1
2010	232	9	0	28.9	101	0	564	3.58	61.14
2010	232	10	0	30	101	0	710	3.13	55.7
2010	232	11	0	31.1	101	0	813	3.13	50.06
2010	232	12	0	31.7	101	0	864	2.24	43.78
2010	232	13	0	32.2	101	0	852.5	4.47	39.26
2010	232	14	0	32.8	101	0	783	4.47	36.98
2010	232	15	0	33.3	101	0	663.5	4.02	37.55
2010	232	16	0	32.8	101	0	497.5	4.47	40.45
2010	232	17	0	31.7	101	0	307	1.34	45.2
2010	232	18	0	30.6	101	0	123.5	2.24	59.83
2010	232	19	0	26.7	101	0	8	2.68	64.93
2010	232	20	0	26.1	101	0	0	3.58	69.82
2010	232	21	0	25.6	101	0	0	3.13	74.53
2010	232	22	0	24.4	101	0	0	3.58	72.83
2010	232	23	0	23.3	101	0	0	4.02	72.59
2010	233	0	0	22.8	101	0	0	3.58	67.29
2010	233	1	0	21.1	101	0	0	3.13	68.08
2010	233	2	0	20.6	101	0	0	3.13	73.65
2010	233	3	0	20	101	0	0	3.13	76.96
2010	233	4	0	19.4	101	0	0	3.13	81.35
2010	233	5	0	19.4	101	0	0	2.68	85.78
2010	233	6	0	20	101	0	46.5	3.58	84.33
2010	233	7	0	21.7	101	0	159.5	3.58	77.59
2010	233	8	0	23.9	101	0	347.5	3.58	66.57
2010	233	9	0	25.6	101	0	518	2.68	61.8
2010	233	10	0	26.7	101	0	627.5	4.47	59.54
2010	233	11	0	27.8	101	0	640.5	4.47	60.66
2010	233	12	0	27.2	101	0	640.5	4.02	58.59
2010	233	13	0	26.7	101	0	519	4.47	63.95
2010	233	14	0	26.7	101	0	635	5.81	65.83
2010	233	15	0	26.1	101	0	441.5	4.92	67.58
2010	233	16	0	26.1	101	0	318	4.47	69.7
2010	233	17	0	25	101	0	177.5	4.02	77.11
2010	233	18	0	24.4	101	0	56	4.92	85.91
2010	233	19	0	24.4	101	0	2.5	3.58	95.45
2010	233	20	0	23.9	101	0	0	2.24	98.76
2010	233	21	0	24.4	101	0	0	3.58	100
2010	233	22	0	24.4	101	0	0	4.02	100
2010	233	23	0	24.4	101	0	0	4.02	100
2010	234	0	0	24.4	101	0	0	4.92	100
2010	234	1	0	24.4	101	0	0	4.02	100
2010	234	2	0	24.4	101	0	0	3.13	100
2010	234	3	0	24.4	101	0	0	3.58	100
2010	234	4	0	24.4	101	0	0	3.58	100
2010	234	5	0	24.4	101	0.25	0	3.58	100
2010	234	6	0	24.4	101	0	29	3.58	100
2010	234	7	0	24.4	101	0	56.5	4.47	96.47
2010	234	8	0	25	101	0.25	91.5	4.92	96.54
2010	234	9	0	25	101	0	49	4.92	89.79
2010	234	10	0	24.4	101	0.25	135	6.26	82.87
2010	234	11	0	25.6	101	0.25	236	6.26	81.76
2010	234	12	0	26.1	100	0	433.5	7.6	81.71
2010	234	13	0	26.1	100	0	100	7.6	86.65
2010	234	14	0	23.9	100	8.64	88	7.6	90.55
2010	234	15	0	24.4	100	0	213	8.94	91.34
2010	234	16	0	23.9	100	0	140	8.05	99.33
2010	234	17	0	23.3	100	0.25	97	8.94	100
2010	234	18	0	22.8	100	0	24.5	8.94	100
2010	234	19	0	22.2	100	3.56	1	8.05	100
2010	234	20	0	22.8	100	0.51	0	7.6	100
2010	234	21	0	22.2	100	1.78	0	2.24	100
2010	234	22	0	22.2	100	29.21	0	2.24	100
2010	234	23	0	21.7	100	0	0	6.71	100
2010	235	0	0	20.6	100	0	0	7.15	100
2010	235	1	0	20.6	100	0	0	4.92	100
2010	235	2	0	20.6	100	0	0	4.92	100
2010	235	3	0	20.6	100	0	0	1.34	99.98
2010	235	4	0	20	100	0.25	0	2.68	97.82
2010	235	5	0	21.1	100	2.03	0	0.01	97.8
2010	235	6	0	21.1	100	2.79	25	4.92	95.22
2010	235	7	0	21.1	100	0.25	27	5.81	93.47
2010	235	8	0	20.6	100	0	66.5	7.6	89.48
2010	235	9	0	20.6	100	0	158	8.05	86.61
2010	235	10	0	20	100	0.25	56.5	7.15	82.75
2010	235	11	0	20	100	0	115	7.15	86.89
2010	235	12	0	20	100	0	172.5	7.6	84.21
2010	235	13	0	21.1	101	0	178.5	5.81	81.1
2010	235	14	0	21.1	101	0	126.5	7.6	78.88
2010	235	15	0	21.7	101	0	125.5	9.39	77.25
2010	235	16	0	21.1	101	0	125	9.39	80.54
2010	235	17	0	20.6	101	0	53	8.94	78.69
2010	235	18	0	20.6	101	0	51	7.6	81.38
2010	235	19	0	20	101	0	4.5	7.6	84.76
2010	235	20	0	19.4	101	0	0	7.6	88.63
2010	235	21	0	19.4	101	0	0	7.6	93.6
2010	235	22	0	18.9	101	0	0	5.81	93.06
2010	235	23	0	18.3	101	0	0	6.26	92.68
2010	236	0	0	18.9	101	0	0	7.6	92.43
2010	236	1	0	18.9	101	0	0	4.92	98.24
2010	236	2	0	18.9	101	0	0	6.71	98.1
2010	236	3	0	18.9	101	0	0	7.15	98.09
2010	236	4	0	18.9	101	0	0	6.26	98.2
2010	236	5	0	18.3	101	0	0	6.71	98.52
2010	236	6	0	18.3	101	0	48	7.15	93.18
2010	236	7	0	18.9	101	0	79.5	6.26	87.55
2010	236	8	0	19.4	101	0	159	7.15	81.39
2010	236	9	0	17.8	101	2.03	112.5	7.15	75.91
2010	236	10	0	18.3	101	0.25	187.5	6.71	72.09
2010	236	11	0	18.9	101	0.25	260.5	6.71	73.07
2010	236	12	0	19.4	101	0	215	6.71	73.83
2010	236	13	0	20.6	101	0	160	8.05	74.52
2010	236	14	0	21.1	101	0	162	8.05	75.32
2010	236	15	0	21.1	101	0	196	7.6	76.16
2010	236	16	0	21.1	101	0	97	8.05	77.08
2010	236	17	0	20.6	101	0	106	8.94	83.36
2010	236	18	0	20	101	0	87.5	7.15	90.15
2010	236	19	0	19.4	101	0	3.5	4.92	96.54
2010	236	20	0	19.4	101	0	0	6.26	96.25
2010	236	21	0	19.4	101	0	0	6.71	95.28
2010	236	22	0	19.4	101	0	0	5.81	100
2010	236	23	0	18.9	101	0	0	4.92	99.8
2010	237	0	0	17.8	101	0.25	0	4.92	99.25
2010	237	1	0	17.8	101	0.25	0	4.92	98.94
2010	237	2	0	17.8	100	5.84	0	6.71	98.59
2010	237	3	0	17.8	100	4.83	0	6.71	98.19
2010	237	4	0	18.3	100	2.29	0	4.47	97.87
2010	237	5	0	18.3	100	4.83	0	3.58	97.74
2010	237	6	0	18.3	101	0.76	8	4.02	98.89
2010	237	7	0	18.3	100	1.78	60.5	4.47	94.45
2010	237	8	0	18.9	100	1.02	74	4.02	90.17
2010	237	9	0	18.9	100	0	77	1.34	85.82
2010	237	10	0	18.9	100	0	92	3.58	81.69
2010	237	11	0	19.4	100	0	180	3.13	77.85
2010	237	12	0	20	100	0.25	331.5	3.58	78.86
2010	237	13	0	20	100	0	286	3.58	75.61
2010	237	14	0	20	100	0.25	254.5	3.58	76.25
2010	237	15	0	20	100	0	181.5	3.13	81.2
2010	237	16	0	20.6	100	0	208.5	2.24	81.81
2010	237	17	0	20.6	100	0	97	3.13	83.03
2010	237	18	0	20.6	100	0	97	3.58	88.93
2010	237	19	0	20.6	101	0	0	4.02	93.97
2010	237	20	0	20.6	101	0	0	3.58	94.37
2010	237	21	0	20.6	101	0	0	2.68	100
2010	237	22	0	21.1	101	0	0	2.68	99.57
2010	237	23	0	21.1	101	0	0	2.68	98.26
2010	238	0	0	20.6	101	0	0	3.13	100
2010	238	1	0	21.1	101	0	0	4.02	100
2010	238	2	0	21.1	101	0	0	4.02	99.43
2010	238	3	0	20.6	101	0	0	4.47	100
2010	238	4	0	20	101	0	0	4.47	100
2010	238	5	0	19.4	101	0	0	4.47	100
2010	238	6	0	20	101	0	45	3.58	96.94
2010	238	7	0	21.7	101	0	207.5	2.68	93.73
2010	238	8	0	22.8	101	0	394	4.02	76.98
2010	238	9	0	25	101	0	568.5	4.92	70.78
2010	238	10	0	25.6	101	0	715	2.68	66.61
2010	238	11	0	26.7	101	0	815.5	5.81	62
2010	238	12	0	27.2	101	0	855.5	4.47	61.08
2010	238	13	0	27.8	101	0	838	6.26	60.25
2010	238	14	0	28.3	101	0	764	6.26	59.45
2010	238	15	0	27.8	101	0	640.5	4.92	61.6
2010	238	16	0	28.3	101	0	479	6.26	59.37
2010	238	17	0	27.8	101	0	292	8.05	60.88
2010	238	18	0	26.1	101	0	108	7.6	67.76
2010	238	19	0	24.4	101	0	0	7.6	69.21
2010	238	20	0	23.3	101	0	0	6.26	71.22
2010	238	21	0	22.2	101	0	0	5.81	75.46
2010	238	22	0	21.1	101	0	0	6.26	75.27
2010	238	23	0	20.6	101	0	0	6.71	79.31
2010	239	0	0	19.4	101	0	0	4.47	77.87
2010	239	1	0	18.9	101	0	0	4.92	82.06
2010	239	2	0	17.8	101	0	0	4.02	86.89
2010	239	3	0	17.2	101	0	0	3.58	86.15
2010	239	4	0	16.7	101	0	0	3.58	85.72
2010	239	5	0	17.2	101	0	0	3.58	91.49
2010	239	6	0	17.2	101	0	48.5	4.02	80.69
2010	239	7	0	18.9	101	0	224	3.13	68.52
2010	239	8	0	21.1	101	0	424.5	3.58	61.89
2010	239	9	0	22.2	101	0	607	2.68	53.48
2010	239	10	0	22.8	101	0	753.5	3.13	49.32
2010	239	11	0	23.9	101	0	850.5	4.92	48.04
2010	239	12	0	24.4	101	0	891.5	2.68	45.33
2010	239	13	0	25.6	101	0	872.5	4.02	45.88
2010	239	14	0	26.1	101	0	794.5	3.58	42.61
2010	239	15	0	26.1	101	0	665	3.58	42.2
2010	239	16	0	26.1	101	0	495	5.81	45.55
2010	239	17	0	26.1	101	0	301.5	4.92	52.81
2010	239	18	0	24.4	101	0	109	4.47	64.26
2010	239	19	0	23.3	101	0	0	4.47	69.7
2010	239	20	0	22.8	101	0	0	3.58	69.65
2010	239	21	0	21.7	101	0	0	2.68	74.09
2010	239	22	0	21.1	101	0	0	2.24	80.76
2010	239	23	0	20.6	101	0	0	2.68	82
2010	240	0	0	19.4	101	0	0	2.68	88.16
2010	240	1	0	19.4	101	0	0	0.01	88.63
2010	240	2	0	18.3	101	0	0	0.01	93.5
2010	240	3	0	17.2	101	0	0	0.01	92.01
2010	240	4	0	17.2	102	0	0	1.34	96.89
2010	240	5	0	17.2	102	0	0	2.24	95.99
2010	240	6	0	17.8	102	0	45.5	0.01	84.02
2010	240	7	0	19.4	102	0	219	2.24	73.28
2010	240	8	0	21.7	102	0	417.5	4.47	58.91
2010	240	9	0	22.8	102	0	599	4.92	49.98
2010	240	10	0	24.4	102	0	743	4.47	46.49
2010	240	11	0	25	102	0	837	2.24	47.61
2010	240	12	0	26.1	102	0	876.5	4.47	45.31
2010	240	13	0	27.2	102	0	852	4.02	43.9
2010	240	14	0	27.2	101	0	768	4.02	47.24
2010	240	15	0	28.3	101	0	637.5	2.24	48.14
2010	240	16	0	27.8	101	0	453	3.13	47.88
2010	240	17	0	27.8	101	0	262.5	2.68	50.3
2010	240	18	0	25	101	0	99	3.58	59.32
2010	240	19	0	23.3	102	0	0	2.24	63.57
2010	240	20	0	22.2	102	0	0	2.68	67.71
2010	240	21	0	21.7	102	0	0	3.58	73.42
2010	240	22	0	21.7	102	0	0	3.58	75.43
2010	240	23	0	20.6	102	0	0	2.68	81.89
2010	241	0	0	21.1	102	0	0	4.02	82.36
2010	241	1	0	20.6	102	0	0	4.02	87.34
2010	241	2	0	19.4	102	0	0	2.68	86.78
2010	241	3	0	19.4	102	0	0	3.13	91.61
2010	241	4	0	19.4	102	0	0	3.13	90.86
2010	241	5	0	18.3	102	0	0	2.24	90.61
2010	241	6	0	18.3	102	0	41.5	2.24	85.28
2010	241	7	0	21.7	102	0	210	2.68	76.53
2010	241	8	0	24.4	102	0	405	2.68	66.39
2010	241	9	0	27.8	102	0	584	3.13	57.04
2010	241	10	0	28.9	102	0	730	3.58	51.45
2010	241	11	0	30.6	102	0	828.5	3.58	46.63
2010	241	12	0	31.7	102	0	871.5	2.68	41.6
2010	241	13	0	32.8	101	0	853.5	3.13	37.5
2010	241	14	0	33.3	101	0	777	4.47	36.55
2010	241	15	0	32.2	101	0	649	4.47	36.83
2010	241	16	0	32.8	101	0	481	4.47	40.27
2010	241	17	0	29.4	101	0	288.5	4.47	48.2
2010	241	18	0	26.7	101	0	99	6.26	57.5
2010	241	19	0	25	101	0	0	1.34	61.19
2010	241	20	0	24.4	101	0	0	1.34	65.7
2010	241	21	0	25.6	101	0	0	0.01	70.43
2010	241	22	0	24.4	101	0	0	0.01	75.85
2010	241	23	0	26.7	101	0	0	3.58	76.68
2010	242	0	0	26.7	102	0	0	0.01	81.77
2010	242	1	0	23.3	102	0	0	0.01	85.97
2010	242	2	0	24.4	102	0	0	4.02	84.26
2010	242	3	0	23.9	102	0	0	3.13	88.82
2010	242	4	0	22.8	102	0	0	2.68	88.02
2010	242	5	0	22.2	102	0	0	1.34	92.25
2010	242	6	0	21.1	102	0	37	2.24	80.06
2010	242	7	0	24.4	102	0	213.5	2.24	70.63
2010	242	8	0	26.7	102	0	414	3.58	59.09
2010	242	9	0	28.3	102	0	597	4.47	52.28
2010	242	10	0	29.4	102	0	744.5	7.6	48.94
2010	242	11	0	30.6	102	0	842.5	7.15	45.07
2010	242	12	0	31.1	102	0	882	4.02	40.91
2010	242	13	0	32.2	101	0	861.5	2.68	39.17
2010	242	14	0	32.2	101	0	782	4.47	35.72
2010	242	15	0	33.3	101	0	650.5	3.58	35.12
2010	242	16	0	31.7	101	0	478.5	3.13	37.74
2010	242	17	0	31.7	101	0	282.5	3.13	46.25
2010	242	18	0	31.1	101	0	93.5	2.24	53.56
2010	242	19	0	28.9	101	0	0	0.01	62.81
2010	242	20	0	29.4	101	0	0	1.34	65.18
2010	242	21	0	26.1	101	0	0	0.01	71.54
2010	242	22	0	25	101	0	0	1.34	73.84
2010	242	23	0	24.4	101	0	0	0.01	80.75
2010	243	0	0	23.3	101	0	0	2.24	82.48
2010	243	1	0	26.1	101	0	0	1.34	83.12
2010	243	2	0	23.9	101	0	0	0.01	88.14
2010	243	3	0	23.3	101	0	0	1.34	88.58
2010	243	4	0	22.8	101	0	0	2.24	89.45
2010	243	5	0	23.3	101	0	0	2.68	90.57
2010	243	6	0	23.9	101	0	28	0.01	86.91
2010	243	7	0	27.2	101	0	180.5	3.13	80.58
2010	243	8	0	29.4	101	0	365	3.58	67.84
2010	243	9	0	31.1	101	0	538.5	3.13	58.26
2010	243	10	0	32.2	101	0	686.5	4.02	49.92
2010	243	11	0	33.3	101	0	789.5	4.47	45.33
2010	243	12	0	34.4	101	0	831.5	4.92	43.9
2010	243	13	0	35.6	101	0	809	7.15	40.51
2010	243	14	0	35.6	101	0	727.5	4.47	39.66
2010	243	15	0	35.6	101	0	601	5.81	39.11
2010	243	16	0	34.4	101	0	434.5	2.24	41.92
2010	243	17	0	31.7	101	0	249	3.13	47.34
2010	243	18	0	28.9	101	0	76.5	4.02	58.14
2010	243	19	0	27.2	101	0	0	1.34	61.58
2010	243	20	0	27.2	101	0	0	0.01	65.65
2010	243	21	0	26.1	101	0	0	2.24	69.81
2010	243	22	0	26.7	101	0	0	2.24	70.3
2010	243	23	0	27.2	101	0	0	3.13	75.68
2010	244	0	0	26.7	101	0	0	0.01	76.95
2010	244	1	0	27.8	101	0	0	2.68	82.98
2010	244	2	0	26.7	101	0	0	2.24	83.81
2010	244	3	0	26.1	101	0	0	0.01	89.49
2010	244	4	0	23.9	101	0	0	1.34	89.73
2010	244	5	0	24.4	101	0	0	0.01	90.18
2010	244	6	0	24.4	101	0	27	2.24	87.14
2010	244	7	0	28.3	101	0	177	0.01	76.44
2010	244	8	0	30	101	0	359.5	0.01	58.66
2010	244	9	0	31.1	101	0	532	1.34	49.04
2010	244	10	0	31.7	101	0	669.5	3.13	47.92
2010	244	11	0	32.2	101	0	761.5	4.02	44.79
2010	244	12	0	32.2	101	0	802	4.47	44.42
2010	244	13	0	32.8	101	0	781	3.58	44.19
2010	244	14	0	32.8	101	0	701	4.02	44.33
2010	244	15	0	31.7	101	0	573.5	5.81	44.97
2010	244	16	0	30	101	0	410.5	6.71	48.73
2010	244	17	0	28.9	101	0	230	7.15	58.92
2010	244	18	0	28.9	101	0	63	6.26	69.69
2010	244	19	0	27.2	101	0	0	6.26	77.29
2010	244	20	0	26.7	101	0	0	4.02	79.91
2010	244	21	0	25.6	101	0	0	2.68	86.6
2010	244	22	0	26.1	101	0	0	3.13	86.69
2010	244	23	0	26.1	101	0	0	3.13	92.14
2010	245	0	0	26.1	101	0	0	3.58	91.7
2010	245	1	0	25	101	0	0	2.68	90.25
2010	245	2	0	24.4	101	0	0	2.68	93.86
2010	245	3	0	24.4	101	0	0	3.13	91.88
2010	245	4	0	23.9	101	0	0	3.13	90.56
2010	245	5	0	23.3	101	0	0	3.13	95.93
2010	245	6	0	23.3	101	0	26.5	2.24	86.15
2010	245	7	0	25	101	0	176	3.58	83.6
2010	245	8	0	26.1	101	0	358.5	4.02	75.95
2010	245	9	0	27.2	101	0	534	3.58	65.68
2010	245	10	0	28.3	101	0	682.5	4.02	59.92
2010	245	11	0	28.9	101	0	784.5	3.58	55.75
2010	245	12	0	29.4	101	0	824.5	5.81	55.48
2010	245	13	0	29.4	101	0	767	5.81	52.29
2010	245	14	0	29.4	101	0	656	7.6	55.41
2010	245	15	0	29.4	101	0	523.5	9.39	55.63
2010	245	16	0	28.9	101	0	422	9.39	59.52
2010	245	17	0	27.8	101	0	193.5	9.83	64.48
2010	245	18	0	26.7	101	0	67	8.94	73.43
2010	245	19	0	26.1	101	0	0	7.6	79.18
2010	245	20	0	25	101	0	0	8.05	85.05
2010	245	21	0	25	101	0	0	8.05	85.74
2010	245	22	0	24.4	101	0	0	4.02	92.1
2010	245	23	0	23.9	101	0	0	4.02	93.43
2010	246	0	0	23.3	101	0	0	2.68	94.27
2010	246	1	0	23.3	101	0	0	3.13	100
2010	246	2	0	23.3	101	0	0	2.24	100
2010	246	3	0	22.8	101	0	0	1.34	100
2010	246	4	0	22.8	101	0	0	0.01	100
2010	246	5	0	22.8	100	0	0	1.34	100
2010	246	6	0	23.3	100	0	21	2.68	100
2010	246	7	0	23.9	100	0	143	1.34	96.24
2010	246	8	0	26.1	100	0	261.5	3.58	80.39
2010	246	9	0	27.2	100	0	192.5	3.58	71.45
2010	246	10	0	28.9	100	0	347.5	4.02	66.71
2010	246	11	0	29.4	100	0	523.5	4.92	64.36
2010	246	12	0	29.4	100	0	556.5	7.15	65.17
2010	246	13	0	28.9	100	0	445	6.26	65.43
2010	246	14	0	28.3	100	0	440.5	7.15	65.69
2010	246	15	0	26.7	99	0	277.5	8.05	70.75
2010	246	16	0	26.7	99	0	195.5	6.71	72.32
2010	246	17	0	26.7	99	0	123.5	9.39	78.88
2010	246	18	0	27.2	99	0	31.5	6.26	84.73
2010	246	19	0	27.8	99	0	0	7.6	89.44
2010	246	20	0	26.7	99	0	0	8.05	88.12
2010	246	21	0	27.2	99	0	0	4.47	86.57
2010	246	22	0	26.7	99	0	0	4.47	84.66
2010	246	23	0	26.1	99	0	0	4.47	87.19
2010	247	0	0	25.6	99	0	0	4.02	83.81
2010	247	1	0	24.4	99	0	0	4.47	79.77
2010	247	2	0	25.6	99	0	0	4.02	81.03
2010	247	3	0	25	99	0	0	5.81	78.47
2010	247	4	0	23.9	100	0	0	5.81	81.26
2010	247	5	0	23.3	100	0	0	8.94	84.18
2010	247	6	0	22.8	100	0	31	8.94	76.38
2010	247	7	0	23.3	100	0	201.5	7.15	64.03
2010	247	8	0	23.9	100	0	402	9.39	51.88
2010	247	9	0	24.4	100	0	585	8.94	45.86
2010	247	10	0	25	100	0	732.5	8.94	42.42
2010	247	11	0	26.7	100	0	829.5	9.39	42.36
2010	247	12	0	27.8	100	0	867	10.28	42.8
2010	247	13	0	26.7	100	0	841.5	9.39	41.11
2010	247	14	0	27.8	100	0	754.5	10.28	44.38
2010	247	15	0	27.2	100	0	414.5	10.28	44.97
2010	247	16	0	26.7	100	0	445	10.73	44.72
2010	247	17	0	25.6	100	0	252.5	10.73	46.34
2010	247	18	0	24.4	100	0	71.5	10.28	48.83
2010	247	19	0	23.9	100	0	0	10.28	55.03
2010	247	20	0	22.8	100	0	0	9.39	57.56
2010	247	21	0	21.1	100	0	0	8.94	61.5
2010	247	22	0	20	100	0	0	11.18	61.07
2010	247	23	0	18.9	100	0	0	8.05	64.16
2010	248	0	0	18.3	100	0	0	7.15	67.26
2010	248	1	0	17.2	100	0	0	4.02	71.14
2010	248	2	0	17.8	101	0	0	4.47	70.61
2010	248	3	0	17.2	101	0	0	4.02	74.89
2010	248	4	0	16.7	101	0	0	4.02	75.13
2010	248	5	0	16.7	101	0	0	4.92	75.8
2010	248	6	0	17.2	101	0	29	6.71	71.59
2010	248	7	0	18.3	101	0	196	7.15	58.79
2010	248	8	0	19.4	101	0	397.5	6.26	51.86
2010	248	9	0	20.6	101	0	582.5	6.26	47.1
2010	248	10	0	21.7	101	0	732	6.71	43.18
2010	248	11	0	22.8	101	0	831	6.26	39.65
2010	248	12	0	23.3	101	0	871.5	6.26	36.64
2010	248	13	0	24.4	101	0	849	8.05	34.25
2010	248	14	0	25	101	0	766	8.05	34.41
2010	248	15	0	25.6	101	0	630.5	6.71	34.79
2010	248	16	0	25	101	0	455.5	4.92	35.2
2010	248	17	0	24.4	101	0	258.5	6.71	39.99
2010	248	18	0	22.8	101	0	71.5	4.47	51.77
2010	248	19	0	22.2	101	0	0	5.81	56.17
2010	248	20	0	21.7	101	0	0	3.58	60.61
2010	248	21	0	20.6	101	0	0	3.58	60.77
2010	248	22	0	20	101	0	0	3.58	64.04
2010	248	23	0	18.9	101	0	0	2.24	67.47
2010	249	0	0	18.3	101	0	0	0.01	67.51
2010	249	1	0	17.8	101	0	0	0.01	66.07
2010	249	2	0	17.2	101	0	0	0.01	70.8
2010	249	3	0	16.1	101	0	0	0.01	71.74
2010	249	4	0	16.7	102	0	0	1.34	77.52
2010	249	5	0	16.1	102	0	0	0.01	78.26
2010	249	6	0	15	102	0	27.5	1.34	70.01
2010	249	7	0	19.4	102	0	192	0.01	60.1
2010	249	8	0	21.1	102	0	391.5	1.34	43.57
2010	249	9	0	22.2	102	0	573.5	0.01	41.02
2010	249	10	0	23.3	102	0	719.5	2.68	39.76
2010	249	11	0	23.9	102	0	815	4.02	38.1
2010	249	12	0	23.9	102	0	851	5.81	39.74
2010	249	13	0	24.4	102	0	826.5	4.47	39.02
2010	249	14	0	24.4	102	0	742	5.81	40.02
2010	249	15	0	23.9	102	0	604.5	4.92	40.96
2010	249	16	0	23.9	102	0	430	6.71	45.31
2010	249	17	0	23.3	102	0	237	5.81	52.75
2010	249	18	0	22.2	102	0	60.5	4.92	63.81
2010	249	19	0	22.2	102	0	0	4.92	72.96
2010	249	20	0	21.7	102	0	0	4.92	78
2010	249	21	0	21.7	102	0	0	6.71	82.01
2010	249	22	0	21.1	102	0	0	6.26	84.42
2010	249	23	0	21.1	102	0	0	6.26	91.01
2010	250	0	0	20.6	102	0	0	4.47	92.16
2010	250	1	0	20	102	0	0	4.02	92.74
2010	250	2	0	20.6	102	0	0	4.02	93.13
2010	250	3	0	19.4	102	0	0	3.58	99.51
2010	250	4	0	19.4	102	0	0	3.58	99.89
2010	250	5	0	19.4	102	0	0	4.02	100
2010	250	6	0	20	102	0	24.5	3.58	95.41
2010	250	7	0	21.1	102	0	176	3.58	83.59
2010	250	8	0	22.8	102	0	367	4.47	72.13
2010	250	9	0	23.9	102	0	545	4.02	62.73
2010	250	10	0	25	101	0	688.5	4.92	58.62
2010	250	11	0	26.1	101	0	784	4.47	55.09
2010	250	12	0	27.2	101	0	727	5.81	51.77
2010	250	13	0	27.2	101	0	701	6.71	51.89
2010	250	14	0	26.1	101	0	678	9.39	52.51
2010	250	15	0	26.1	101	0	583.5	9.83	56.44
2010	250	16	0	25.6	101	0	413	10.73	57.32
2010	250	17	0	24.4	101	0	225	11.62	62.59
2010	250	18	0	23.3	101	0	55.5	10.73	73.05
2010	250	19	0	23.3	101	0	0	11.18	79.83
2010	250	20	0	22.8	101	0	0	9.83	86.36
2010	250	21	0	22.8	101	0	0	9.39	87.21
2010	250	22	0	22.8	101	0	0	6.71	87.5
2010	250	23	0	22.8	101	0	0	5.81	87.6
2010	251	0	0	21.7	101	0	0	4.92	88.33
2010	251	1	0	22.2	101	0	0	5.81	95.39
2010	251	2	0	22.2	100	0	0	5.81	96.84
2010	251	3	0	22.2	100	0	0	4.92	97.8
2010	251	4	0	22.2	100	0	0	4.47	98.19
2010	251	5	0	22.2	100	0	0	4.02	98.3
2010	251	6	0	22.2	100	0	2	4.02	92.43
2010	251	7	0	23.3	100	0	53	4.02	86.01
2010	251	8	0	24.4	100	0	13	4.47	72.52
2010	251	9	0	26.7	100	0	540	5.81	60.75
2010	251	10	0	28.3	100	0	696	6.71	49.29
2010	251	11	0	30	100	0	800	7.6	46.22
2010	251	12	0	31.7	100	0	843.5	7.15	40.87
2010	251	13	0	32.8	100	0	822.5	8.05	38.43
2010	251	14	0	32.8	100	0	742.5	9.39	36.4
2010	251	15	0	32.8	100	0	609.5	9.83	34.96
2010	251	16	0	31.7	100	0	435	11.18	36.55
2010	251	17	0	30	100	0	238	9.39	41.56
2010	251	18	0	26.1	100	0	57.5	10.73	48.44
2010	251	19	0	23.9	100	0	0	9.39	52.14
2010	251	20	0	21.7	100	0	0	9.83	59.55
2010	251	21	0	20.6	100	0	0	8.94	62.61
2010	251	22	0	20	100	0	0	8.94	65.04
2010	251	23	0	19.4	100	0	0	7.6	68.27
2010	252	0	0	18.9	100	0	0	8.05	67.61
2010	252	1	0	18.9	100	0	0	7.15	71.88
2010	252	2	0	18.3	100	0	0	4.47	71.93
2010	252	3	0	17.8	100	0	0	6.71	76.78
2010	252	4	0	17.2	100	0	0	6.71	77.22
2010	252	5	0	17.8	100	0	0	5.81	77.83
2010	252	6	0	17.2	100	0	24.5	6.26	78.1
2010	252	7	0	18.3	100	0	149.5	6.71	72.8
2010	252	8	0	19.4	100	0	380	6.26	63.36
2010	252	9	0	20.6	100	0	317	9.83	58.97
2010	252	10	0	20.6	100	0	230	9.39	55.02
2010	252	11	0	20	100	0	192	7.6	51.23
2010	252	12	0	21.1	100	0	340.5	9.39	50.88
2010	252	13	0	21.1	100	0	262.5	8.05	50.61
2010	252	14	0	21.7	100	0	274.5	7.15	50.52
2010	252	15	0	21.1	100	0	213.5	8.05	50.64
2010	252	16	0	21.1	100	0	175	8.94	54.35
2010	252	17	0	20.6	100	0	135	8.05	55.28
2010	252	18	0	20	100	0	53.5	7.6	60.27
2010	252	19	0	19.4	100	0	0	8.94	65.94
2010	252	20	0	18.9	100	0	0	10.28	71.85
2010	252	21	0	18.3	100	0	0	7.6	72.92
2010	252	22	0	17.8	100	0	0	9.83	76.94
2010	252	23	0	17.8	100	0	0	8.05	75.91
2010	253	0	0	17.2	100	0	0	9.39	80.38
2010	253	1	0	17.2	100	0	0	7.6	80.34
2010	253	2	0	17.2	100	0	0	6.26	80.51
2010	253	3	0	16.7	100	0	0	6.26	86.04
2010	253	4	0	16.7	100	0	0	7.6	86.48
2010	253	5	0	16.1	100	0	0	4.02	86.99
2010	253	6	0	16.1	100	0	23.5	4.47	81.76
2010	253	7	0	17.8	100	0	178	4.92	75.48
2010	253	8	0	19.4	100	0	373.5	6.26	65.16
2010	253	9	0	20.6	100	0	387	5.81	59.86
2010	253	10	0	21.1	100	0	336	6.26	55.15
2010	253	11	0	22.2	100	0	411	4.02	51.01
2010	253	12	0	22.8	100	0	235	4.02	47.49
2010	253	13	0	21.7	100	0	342	6.26	50.26
2010	253	14	0	21.7	100	0	367.5	4.47	50.59
2010	253	15	0	21.7	100	0	236	6.71	50.86
2010	253	16	0	21.1	100	0	139	5.81	54.23
2010	253	17	0	20.6	101	0	84	6.26	54.32
2010	253	18	0	20	101	0	21	7.15	58.31
2010	253	19	0	20	101	0	0	6.71	63.01
2010	253	20	0	19.4	101	0	0	4.92	67.71
2010	253	21	0	18.9	101	0	0	4.02	72.46
2010	253	22	0	17.8	101	0	0	3.58	72.96
2010	253	23	0	17.2	101	0	0	4.02	78.1
2010	254	0	0	16.7	101	0	0	3.58	78.36
2010	254	1	0	16.7	101	0	0	4.02	78.4
2010	254	2	0	16.1	101	0	0	3.13	83.56
2010	254	3	0	16.1	101	0	0	3.13	83.61
2010	254	4	0	15	101	0	0	2.68	83.91
2010	254	5	0	14.4	101	0	0	2.68	89.77
2010	254	6	0	14.4	101	0	23	2.24	84.36
2010	254	7	0	17.8	101	0	180	3.13	73.96
2010	254	8	0	19.4	101	0	379	4.02	58.42
2010	254	9	0	21.1	101	0	562	4.92	51.3
2010	254	10	0	22.8	101	0	708	4.47	46.1
2010	254	11	0	24.4	101	0	802.5	4.92	42.22
2010	254	12	0	25.6	101	0	838	4.47	40.33
2010	254	13	0	25.6	101	0	813.5	3.58	42.13
2010	254	14	0	25.6	101	0	730	3.13	40.38
2010	254	15	0	25.6	101	0	594	1.34	44.24
2010	254	16	0	23.9	101	0	419	4.92	45.69
2010	254	17	0	22.2	101	0	194	4.47	54.34
2010	254	18	0	20.6	101	0	45.5	3.13	63.97
2010	254	19	0	19.4	101	0	0	3.13	71.26
2010	254	20	0	19.4	101	0	0	3.13	73.38
2010	254	21	0	19.4	101	0	0	4.47	79.75
2010	254	22	0	19.4	101	0	0	3.58	80.88
2010	254	23	0	18.9	101	0	0	4.47	81.64
2010	255	0	0	18.9	101	0	0	4.02	82.03
2010	255	1	0	18.3	101	0	0	4.02	81.87
2010	255	2	0	18.3	101	0	0	3.13	81.78
2010	255	3	0	17.2	101	0	0	2.24	81.76
2010	255	4	0	16.7	101	0	0	2.24	81.27
2010	255	5	0	16.1	101	0	0	0.01	80.89
2010	255	6	0	16.1	101	0	5	2.24	81
2010	255	7	0	16.7	101	0	36	3.13	80.59
2010	255	8	0	17.8	101	0	60.5	4.02	74.74
2010	255	9	0	18.3	101	0	110	3.58	74.98
2010	255	10	0	18.9	101	0	287	8.05	71.28
2010	255	11	0	19.4	101	0	80.5	7.6	77.16
2010	255	12	0	18.9	101	0	125.5	6.71	78.31
2010	255	13	0	18.9	101	0	110	7.15	79.05
2010	255	14	0	18.9	101	0	108	4.47	79.52
2010	255	15	0	16.7	101	2.79	82.5	3.13	80.01
2010	255	16	0	16.1	101	2.29	96.5	0.01	85.74
2010	255	17	0	16.7	101	2.03	71.5	1.34	86.5
2010	255	18	0	16.1	101	2.03	14	3.58	92.92
2010	255	19	0	14.4	101	2.29	0	5.81	93.28
2010	255	20	0	13.9	101	1.27	0	3.58	93.44
2010	255	21	0	13.9	101	0.25	0	3.58	93.43
2010	255	22	0	13.3	101	0	0	4.02	99.44
2010	255	23	0	13.9	101	0	0	2.68	99.41
2010	256	0	0	13.3	101	0	0	3.13	99.41
2010	256	1	0	13.3	101	0	0	3.13	99.36
2010	256	2	0	12.8	101	0	0	2.24	99.41
2010	256	3	0	13.3	101	0	0	2.24	99.09
2010	256	4	0	13.3	101	0	0	4.02	98.51
2010	256	5	0	13.3	101	0	0	3.58	97.6
2010	256	6	0	15	101	0	18.5	3.58	99.94
2010	256	7	0	16.7	101	0	55.5	2.68	95.69
2010	256	8	0	17.8	101	0	346.5	4.02	88.32
2010	256	9	0	19.4	101	0	342	3.13	79.87
2010	256	10	0	20.6	101	0	530	3.13	71.9
2010	256	11	0	21.1	101	0	692.5	2.24	65.62
2010	256	12	0	21.7	101	0	811	3.58	59.98
2010	256	13	0	22.8	101	0	785	3.13	59
2010	256	14	0	22.2	101	0	698	3.58	55.48
2010	256	15	0	22.2	100	0	560	3.58	55.12
2010	256	16	0	22.2	100	0	363.5	4.02	59.82
2010	256	17	0	20.6	100	0	37.5	4.92	70.77
2010	256	18	0	19.4	101	1.78	6	3.13	79.88
2010	256	19	0	18.9	101	2.79	0	2.68	82.04
2010	256	20	0	18.3	101	0	0	3.13	91.25
2010	256	21	0	18.9	101	0	0	2.24	94.68
2010	256	22	0	18.9	101	0	0	3.58	96.36
2010	256	23	0	17.8	101	0	0	1.34	100
2010	257	0	0	17.2	101	0	0	2.68	100
2010	257	1	0	16.7	101	0	0	2.68	100
2010	257	2	0	16.1	101	0	0	2.68	100
2010	257	3	0	16.1	101	0	0	2.68	98.55
2010	257	4	0	15.6	101	0	0	3.13	95.22
2010	257	5	0	16.1	101	0	0	2.24	93.12
2010	257	6	0	16.1	101	0	17	1.34	86.94
2010	257	7	0	18.9	101	0	158	0.01	81.68
2010	257	8	0	20	101	0	350	1.34	68.99
2010	257	9	0	21.7	101	0	531.5	2.68	53.54
2010	257	10	0	23.3	101	0	679.5	3.13	50
2010	257	11	0	24.4	101	0	777.5	3.58	46.91
2010	257	12	0	26.1	100	0	816.5	7.15	46.63
2010	257	13	0	25.6	100	0	794.5	6.26	44.95
2010	257	14	0	26.1	100	0	713.5	7.6	45.36
2010	257	15	0	25	100	0	580.5	9.39	42.55
2010	257	16	0	24.4	101	0	407	7.6	41.96
2010	257	17	0	23.3	101	0	212.5	9.83	43.42
2010	257	18	0	22.2	101	0	35.5	8.94	54.2
2010	257	19	0	21.1	101	0	0	5.81	59.17
2010	257	20	0	20	101	0	0	4.92	63.23
2010	257	21	0	18.9	101	0	0	3.58	62.6
2010	257	22	0	17.8	101	0	0	2.68	66.88
2010	257	23	0	17.2	101	0	0	2.24	67.01
2010	258	0	0	17.2	101	0	0	0.01	71.74
2010	258	1	0	15.6	101	0	0	0.01	72.07
2010	258	2	0	15.6	101	0	0	4.02	72.29
2010	258	3	0	17.2	101	0	0	4.47	77.11
2010	258	4	0	16.7	101	0	0	7.15	77.82
2010	258	5	0	15.6	101	0	0	6.26	78.83
2010	258	6	0	15.6	101	0	19.5	5.81	78.96
2010	258	7	0	16.7	101	0	174	4.92	64.17
2010	258	8	0	17.8	101	0	374	5.81	55.28
2010	258	9	0	18.3	101	0	556.5	7.15	50.18
2010	258	10	0	19.4	101	0	701.5	7.6	46.48
2010	258	11	0	20	101	0	796	9.39	43.43
2010	258	12	0	21.1	101	0	831.5	8.94	40.82
2010	258	13	0	21.7	101	0	806	7.15	38.42
2010	258	14	0	22.8	101	0	719.5	6.26	38.59
2010	258	15	0	22.8	101	0	580.5	7.15	39.19
2010	258	16	0	22.2	101	0	403	7.15	39.4
2010	258	17	0	21.7	101	0	206	7.15	44.09
2010	258	18	0	20.6	101	0	33	5.81	55.82
2010	258	19	0	19.4	101	0	0	5.81	61.19
2010	258	20	0	18.3	101	0	0	4.02	63.05
2010	258	21	0	17.8	101	0	0	4.02	69.15
2010	258	22	0	16.7	101	0	0	4.02	74.61
2010	258	23	0	15.6	101	0	0	3.13	79.66
2010	259	0	0	14.4	102	0	0	0.01	77.99
2010	259	1	0	14.4	102	0	0	0.01	76.54
2010	259	2	0	12.2	102	0	0	0.01	75.83
2010	259	3	0	12.8	102	0	0	1.34	75.09
2010	259	4	0	12.2	101	0	0	2.24	80.93
2010	259	5	0	13.3	101	0	0	2.24	83.02
2010	259	6	0	12.8	101	0	15.5	2.68	75.6
2010	259	7	0	14.4	101	0	151	3.13	68.19
2010	259	8	0	17.8	101	0	335	4.02	63.59
2010	259	9	0	19.4	101	0	455	4.47	64.98
2010	259	10	0	20.6	101	0	470.5	6.26	66.04
2010	259	11	0	21.1	101	0	374.5	8.94	65.86
2010	259	12	0	21.1	101	0	443	7.6	64.97
2010	259	13	0	21.1	101	0	118	8.94	68.24
2010	259	14	0	21.7	101	0	118	6.71	77.02
2010	259	15	0	22.2	101	0	201	6.71	82.26
2010	259	16	0	22.8	100	0	137.5	8.05	92.14
2010	259	17	0	22.2	100	8.89	66.5	16.09	94.42
2010	259	18	0	20	100	9.91	5.5	4.02	94.93
2010	259	19	0	20.6	100	0.25	0	4.02	100
2010	259	20	0	20.6	100	0.25	0	5.81	100
2010	259	21	0	20	100	1.02	0	6.71	100
2010	259	22	0	20	100	0.51	0	4.92	100
2010	259	23	0	20	100	0	0	4.47	100
2010	260	0	0	20	100	0	0	4.92	100
2010	260	1	0	20	100	0	0	2.68	100
2010	260	2	0	19.4	100	2.79	0	4.47	100
2010	260	3	0	19.4	100	3.56	0	4.47	99.9
2010	260	4	0	19.4	100	0	0	2.24	100
2010	260	5	0	19.4	100	0	0	3.58	100
2010	260	6	0	19.4	100	0	1	4.02	99.41
2010	260	7	0	20	100	0	75.5	4.02	96.18
2010	260	8	0	21.1	101	0	336.5	4.02	82.32
2010	260	9	0	22.8	101	0	515.5	7.15	70.86
2010	260	10	0	22.8	101	0	662.5	8.05	64.52
2010	260	11	0	21.7	101	0	760.5	6.71	64.43
2010	260	12	0	22.2	101	0	797.5	4.47	60.61
2010	260	13	0	21.1	101	0	218	4.92	60.3
2010	260	14	0	21.1	101	0	219.5	7.15	59.97
2010	260	15	0	21.1	101	0	389	6.26	63.07
2010	260	16	0	22.8	101	0	376	4.92	60.87
2010	260	17	0	21.1	101	0	129.5	6.26	62.33
2010	260	18	0	20	101	0	26	6.71	69.42
2010	260	19	0	18.3	101	0	0	5.81	72.42
2010	260	20	0	17.2	101	0	0	5.81	75.73
2010	260	21	0	17.2	101	0	0	6.71	79.7
2010	260	22	0	16.7	101	0	0	3.58	84.77
2010	260	23	0	16.7	101	0	0	4.02	85.82
2010	261	0	0	16.1	101	0	0	2.68	86.48
2010	261	1	0	16.1	101	0	0	2.68	93.57
2010	261	2	0	16.7	101	0	0	2.68	95.09
2010	261	3	0	16.1	101	0	0	1.34	96.31
2010	261	4	0	16.7	102	0	0	3.13	96.92
2010	261	5	0	16.7	102	0	0	3.13	91.47
2010	261	6	0	16.7	102	0	13.5	2.68	92.09
2010	261	7	0	17.2	102	0	80.5	2.68	86.81
2010	261	8	0	18.3	102	0	276	3.58	77.18
2010	261	9	0	19.4	102	0	509.5	2.24	72.35
2010	261	10	0	21.7	102	0	295	4.92	67.33
2010	261	11	0	20.6	102	0	195.5	3.13	67.09
2010	261	12	0	21.7	102	0	342	4.47	62.56
2010	261	13	0	22.2	102	0	543	4.92	62
2010	261	14	0	21.1	101	0	676	4.02	61.86
2010	261	15	0	21.1	101	0	537.5	4.02	62.08
2010	261	16	0	20.6	101	0	362	4.02	66.28
2010	261	17	0	19.4	101	0	171.5	3.13	72.24
2010	261	18	0	18.3	101	0	22.5	4.02	77.66
2010	261	19	0	17.8	101	0	0	2.68	84.29
2010	261	20	0	17.8	102	0	0	2.68	85.11
2010	261	21	0	17.8	102	0	0	2.68	85.03
2010	261	22	0	17.2	102	0	0	1.34	90.06
2010	261	23	0	17.2	101	0	0	1.34	89.54
2010	262	0	0	17.2	101	0	0	1.34	88.89
2010	262	1	0	17.2	101	0	0	2.24	88.28
2010	262	2	0	15.6	101	0	0	2.24	88.17
2010	262	3	0	16.7	101	0	0	3.13	94.16
2010	262	4	0	16.7	101	0	0	3.13	94.42
2010	262	5	0	16.1	101	0	0	2.68	94.36
2010	262	6	0	16.7	101	0	12	3.13	88.42
2010	262	7	0	17.8	101	0	142	3.13	81.23
2010	262	8	0	18.9	101	0	329	2.68	68.4
2010	262	9	0	20	101	0	505	3.13	59.24
2010	262	10	0	21.1	101	0	515	4.02	54.07
2010	262	11	0	21.7	101	0	738	4.02	51.7
2010	262	12	0	22.8	101	0	770	3.13	49.12
2010	262	13	0	23.9	101	0	740	1.34	49.52
2010	262	14	0	25	101	0	651.5	3.58	49.89
2010	262	15	0	24.4	101	0	512.5	4.92	50.26
2010	262	16	0	22.8	101	0	235.5	4.92	55.29
2010	262	17	0	21.7	101	0	45	5.81	63.08
2010	262	18	0	20.6	101	0	5.5	3.13	73.52
2010	262	19	0	20.6	101	0	0	3.58	79.75
2010	262	20	0	20.6	101	0	0	2.68	81.77
2010	262	21	0	20.6	101	0	0	2.68	89.22
2010	262	22	0	21.1	101	0	0	2.24	89.34
2010	262	23	0	20.6	101	0	0	0.01	94.89
2010	263	0	0	21.1	101	0	0	2.24	93.7
2010	263	1	0	21.1	101	0	0	6.26	95.73
2010	263	2	0	20	101	0	0	5.81	89.31
2010	263	3	0	19.4	101	0	0	8.05	89.01
2010	263	4	0	18.3	101	0	0	7.6	91.34
2010	263	5	0	17.2	101	0	0	8.05	90.62
2010	263	6	0	16.7	101	0	12.5	7.15	89.98
2010	263	7	0	17.2	101	0	148	7.6	79.88
2010	263	8	0	17.8	101	0	342.5	7.6	61.89
2010	263	9	0	19.4	101	0	527	8.05	52.32
2010	263	10	0	20.6	101	0	675.5	6.71	46.32
2010	263	11	0	21.7	101	0	774	8.05	41.97
2010	263	12	0	22.2	101	0	812	6.71	38.55
2010	263	13	0	22.8	101	0	787	7.6	38.07
2010	263	14	0	22.8	101	0	700	7.15	37.94
2010	263	15	0	22.8	101	0	559.5	8.05	37.9
2010	263	16	0	22.2	101	0	380	7.6	37.97
2010	263	17	0	21.7	101	0	182.5	8.05	44.1
2010	263	18	0	20	101	0	23	4.02	51.95
2010	263	19	0	18.9	101	0	0	4.02	55.92
2010	263	20	0	17.8	101	0	0	2.24	60.06
2010	263	21	0	16.7	101	0	0	3.13	60.94
2010	263	22	0	16.7	101	0	0	3.58	66.06
2010	263	23	0	16.1	101	0	0	4.47	71.22
2010	264	0	0	15	101	0	0	3.13	70.95
2010	264	1	0	15	101	0	0	3.58	75.35
2010	264	2	0	13.3	101	0	0	0.01	75.52
2010	264	3	0	12.8	101	0	0	3.13	80.81
2010	264	4	0	12.8	101	0	0	0.01	80.19
2010	264	5	0	12.2	102	0	0	2.24	85.32
2010	264	6	0	12.2	102	0	13	2.24	79.93
2010	264	7	0	15	102	0	152.5	1.34	62.76
2010	264	8	0	17.8	102	0	347	1.34	48.56
2010	264	9	0	18.3	102	0	528.5	1.34	42.31
2010	264	10	0	18.9	102	0	673	2.24	39.8
2010	264	11	0	20	102	0	766.5	4.47	39.3
2010	264	12	0	20	102	0	801	3.58	39.24
2010	264	13	0	20	102	0	772.5	4.47	42.02
2010	264	14	0	20.6	101	0	683	6.26	42.31
2010	264	15	0	20.6	101	0	542	5.81	44.25
2010	264	16	0	20.6	101	0	362.5	8.05	49.46
2010	264	17	0	20	101	0	168.5	8.05	57.63
2010	264	18	0	18.9	101	0	19	9.39	66.07
2010	264	19	0	18.9	101	0	0	11.18	74.59
2010	264	20	0	18.9	101	0	0	10.28	77.23
2010	264	21	0	18.3	101	0	0	7.15	86.48
2010	264	22	0	18.3	101	0	0	6.26	89.94
2010	264	23	0	18.3	101	0	0	7.6	92.68
2010	265	0	0	17.8	101	0	0	4.92	94.57
2010	265	1	0	17.8	101	0	0	4.92	95.19
2010	265	2	0	17.8	101	0	0	5.81	100
2010	265	3	0	17.8	101	0	0	4.92	96.51
2010	265	4	0	17.8	101	0	0	4.92	97.52
2010	265	5	0	17.8	101	0	0	3.58	98.03
2010	265	6	0	18.3	101	0	9.5	4.02	98.21
2010	265	7	0	19.4	101	0	130	4.02	86.36
2010	265	8	0	21.1	101	0	310.5	5.81	76.89
2010	265	9	0	21.7	101	0	483	6.26	70.24
2010	265	10	0	23.3	101	0	623.5	6.71	68.13
2010	265	11	0	25	101	0	714	6.26	61.52
2010	265	12	0	26.1	101	0	745	4.47	58.44
2010	265	13	0	26.1	101	0	714	3.58	55.42
2010	265	14	0	26.7	101	0	622	3.13	55.77
2010	265	15	0	26.7	101	0	482	4.02	56.18
2010	265	16	0	25	101	0	309.5	4.02	60.74
2010	265	17	0	23.9	101	0	131	1.34	70.58
2010	265	18	0	22.8	101	0	10	2.24	80.59
2010	265	19	0	22.2	101	0	0	0.01	88.02
2010	265	20	0	25	101	0	0	6.71	89.99
2010	265	21	0	20.6	101	8.89	0	3.13	96.77
2010	265	22	0	21.1	101	0.25	0	6.26	97.03
2010	265	23	0	20.6	101	0	0	6.26	100
2010	266	0	0	21.1	101	0	0	3.58	100
2010	266	1	0	21.1	101	0	0	2.68	100
2010	266	2	0	20	101	0	0	3.13	100
2010	266	3	0	19.4	101	0	0	1.34	100
2010	266	4	0	20.6	101	0	0	1.34	100
2010	266	5	0	20	101	0	0	2.24	100
2010	266	6	0	20	101	0	5.5	2.24	100
2010	266	7	0	21.1	102	0	83.5	2.68	97
2010	266	8	0	21.7	102	0	248	3.13	82.27
2010	266	9	0	22.8	102	0	482.5	3.58	69.99
2010	266	10	0	24.4	102	0	623.5	3.13	65.42
2010	266	11	0	25.6	102	0	715	3.13	60.89
2010	266	12	0	25.6	102	0	744	4.47	60.14
2010	266	13	0	25	102	0	707.5	7.15	59.39
2010	266	14	0	23.9	101	0	614.5	6.26	59.9
2010	266	15	0	23.9	101	0	479	4.92	64.3
2010	266	16	0	22.8	101	0	271	4.92	68.93
2010	266	17	0	21.1	101	0	106	6.26	73.74
2010	266	18	0	20.6	102	0	10.5	4.92	83.95
2010	266	19	0	20	102	0	0	3.58	84.43
2010	266	20	0	20	102	0	0	2.24	90.66
2010	266	21	0	19.4	102	0	0	2.24	91.82
2010	266	22	0	18.9	102	0	0	1.34	99.21
2010	266	23	0	18.9	102	0	0	1.34	100
2010	267	0	0	20	101	0	0	0.01	100
2010	267	1	0	20	101	0	0	1.34	100
2010	267	2	0	20	101	0	0	2.24	100
2010	267	3	0	20.6	101	0	0	2.24	100
2010	267	4	0	20.6	101	0	0	2.24	100
2010	267	5	0	20.6	101	0	0	3.13	100
2010	267	6	0	20	101	0	6	3.13	100
2010	267	7	0	20	101	0	65	4.02	94.06
2010	267	8	0	20	101	0	175	4.92	90.3
2010	267	9	0	21.1	101	0	201	5.81	81.24
2010	267	10	0	21.7	101	0	253.5	3.58	76.3
2010	267	11	0	21.7	101	0	600.5	2.68	70.44
2010	267	12	0	22.8	101	0	622	2.24	64.81
2010	267	13	0	24.4	101	0	679	2.68	59.87
2010	267	14	0	24.4	101	0	595	4.02	58.9
2010	267	15	0	23.9	101	0	464	4.02	58.34
2010	267	16	0	22.2	101	0	301	3.58	61.99
2010	267	17	0	22.2	101	0	128	3.13	71.49
2010	267	18	0	22.8	101	0	9.5	4.92	77.74
2010	267	19	0	22.8	101	0	0	5.81	83.85
2010	267	20	0	22.2	101	0	0	5.81	89.66
2010	267	21	0	22.2	101	0	0	4.02	89.96
2010	267	22	0	22.8	101	0	0	4.47	90.53
2010	267	23	0	22.8	100	0	0	6.26	91.42
2010	268	0	0	22.8	100	0	0	4.92	91.31
2010	268	1	0	23.3	100	0	0	5.81	96.32
2010	268	2	0	22.8	100	0	0	4.92	95.49
2010	268	3	0	22.8	100	0	0	4.02	94.75
2010	268	4	0	23.3	100	0	0	5.81	94.15
2010	268	5	0	23.3	100	0	0	4.92	99.66
2010	268	6	0	21.1	100	0	6.5	3.58	93.43
2010	268	7	0	23.3	100	0	119	4.92	87.06
2010	268	8	0	24.4	100	0	243.5	6.26	74.38
2010	268	9	0	25.6	100	0	339.5	8.05	62.9
2010	268	10	0	27.2	100	0	404	7.15	56.61
2010	268	11	0	28.9	100	0	708	6.26	54.12
2010	268	12	0	30	100	0	747.5	7.15	48.87
2010	268	13	0	30	100	0	722	8.05	46.95
2010	268	14	0	30.6	100	0	634.5	6.71	45.3
2010	268	15	0	30.6	100	0	498	5.81	46.75
2010	268	16	0	27.8	100	0	325.5	3.58	49.57
2010	268	17	0	29.4	100	0	140	5.81	58.91
2010	268	18	0	28.3	100	0	11	4.92	65.71
2010	268	19	0	26.1	100	0	0	4.02	69.33
2010	268	20	0	26.1	100	0	0	4.02	67.61
2010	268	21	0	25	101	0	0	3.13	70.35
2010	268	22	0	23.3	101	0	0	4.02	68.8
2010	268	23	0	21.1	101	0	0	7.6	70.85
2010	269	0	0	19.4	101	0	0	4.02	70.15
2010	269	1	0	18.9	101	0	0	4.02	73.95
2010	269	2	0	18.3	101	0	0	5.81	76.82
2010	269	3	0	18.3	101	0	0	3.58	75.49
2010	269	4	0	17.8	101	0	0	4.02	79.68
2010	269	5	0	17.8	101	0	0	4.02	78.95
2010	269	6	0	17.8	101	0	5	3.58	78.15
2010	269	7	0	17.8	101	0	79	3.58	66.83
2010	269	8	0	19.4	101	0	186	4.02	60.6
2010	269	9	0	20	101	0	368.5	4.02	53.35
2010	269	10	0	22.8	101	0	410.5	5.81	51.87
2010	269	11	0	23.3	101	0	277.5	4.47	51.32
2010	269	12	0	22.2	101	0	193.5	4.02	53.25
2010	269	13	0	22.2	101	0	367.5	3.58	55.04
2010	269	14	0	22.2	101	0	198.5	3.58	57.14
2010	269	15	0	22.2	101	0	212	3.58	59.45
2010	269	16	0	22.2	101	0	99	4.92	66.03
2010	269	17	0	22.2	101	0	73	4.92	74.33
2010	269	18	0	21.1	101	0	3	3.58	86.77
2010	269	19	0	21.1	101	0	0	6.71	88.32
2010	269	20	0	20.6	101	0	0	3.58	93.96
2010	269	21	0	19.4	101	0.76	0	7.6	93.38
2010	269	22	0	17.8	101	6.6	0	4.47	92.67
2010	269	23	0	17.2	101	0	0	4.47	97.99
2010	270	0	0	17.2	101	0	0	4.47	97.11
2010	270	1	0	17.2	101	0	0	5.81	96.29
2010	270	2	0	16.7	101	0	0	6.26	96.14
2010	270	3	0	17.2	101	0	0	5.81	97.25
2010	270	4	0	17.2	101	0	0	4.92	99.09
2010	270	5	0	17.2	101	2.29	0	6.26	100
2010	270	6	0	17.8	101	0	1	7.15	100
2010	270	7	0	17.8	101	1.27	33	6.71	100
2010	270	8	0	17.8	101	8.89	27.5	4.92	100
2010	270	9	0	18.3	101	2.03	29.5	4.92	100
2010	270	10	0	18.9	101	0.76	127	4.47	97.25
2010	270	11	0	20.6	101	0.25	96.5	7.15	99.67
2010	270	12	0	21.1	101	0.25	199.5	6.26	100
2010	270	13	0	20.6	101	1.27	200	6.26	96.53
2010	270	14	0	21.1	101	2.03	188	4.47	100
2010	270	15	0	22.2	101	0	243	4.92	100
2010	270	16	0	22.2	101	0	130.5	4.92	100
2010	270	17	0	22.2	101	1.52	23.5	6.71	100
2010	270	18	0	21.7	101	2.03	1.5	4.47	100
2010	270	19	0	22.2	101	0	0	6.71	100
2010	270	20	0	22.2	101	0.25	0	7.6	100
2010	270	21	0	22.2	101	0	0	7.6	100
2010	270	22	0	22.2	101	0.25	0	8.05	100
2010	270	23	0	22.2	100	0	0	8.05	100
2010	271	0	0	22.2	100	0	0	6.71	100
2010	271	1	0	22.2	100	0	0	4.92	100
2010	271	2	0	22.2	100	0	0	7.15	100
2010	271	3	0	22.2	100	0	0	6.26	100
2010	271	4	0	22.2	100	0	0	5.81	100
2010	271	5	0	22.2	100	0	0	6.26	100
2010	271	6	0	22.2	100	0	1	4.02	100
2010	271	7	0	22.2	100	0	41.5	4.92	100
2010	271	8	0	22.2	100	0	172	7.6	100
2010	271	9	0	21.7	100	0	97.5	4.47	99.28
2010	271	10	0	22.2	100	0	176	10.28	100
2010	271	11	0	22.2	100	0	247.5	6.71	100
2010	271	12	0	22.8	100	0	312	7.6	94.75
2010	271	13	0	22.8	100	0	194.5	7.6	94.15
2010	271	14	0	23.3	100	0	178.5	6.71	93.93
2010	271	15	0	22.8	100	0	249	8.94	100
2010	271	16	0	22.8	100	0	124	8.94	100
2010	271	17	0	22.8	100	0	61	10.73	100
2010	271	18	0	22.2	100	0	2.5	8.94	100
2010	271	19	0	21.7	100	0	0	7.6	100
2010	271	20	0	21.7	100	0	0	8.05	100
2010	271	21	0	21.7	100	0	0	8.05	100
2010	271	22	0	21.1	100	0	0	6.26	100
2010	271	23	0	21.1	100	0	0	4.47	100
2010	272	0	0	20.6	100	0	0	4.47	100
2010	272	1	0	20.6	100	0	0	3.58	100
2010	272	2	0	20	100	0	0	3.13	100
2010	272	3	0	19.4	100	0	0	2.68	100
2010	272	4	0	18.3	100	0	0	2.68	100
2010	272	5	0	18.3	101	0	0	2.24	100
2010	272	6	0	17.2	101	0	4	1.34	99.97
2010	272	7	0	18.9	101	0	94	2.68	92.39
2010	272	8	0	20	101	0	243	3.13	81.73
2010	272	9	0	22.2	101	0	364	3.58	72.46
2010	272	10	0	23.9	101	0	560.5	2.24	68.73
2010	272	11	0	23.9	101	0	635.5	2.68	64.34
2010	272	12	0	23.3	101	0	453.5	3.13	60.61
2010	272	13	0	23.9	101	0	323	4.02	60.52
2010	272	14	0	24.4	101	0	596.5	4.92	60.36
2010	272	15	0	23.9	101	0	322	3.58	60.67
2010	272	16	0	23.3	101	0	225	3.13	67.22
2010	272	17	0	22.2	101	0	48	4.47	73.86
2010	272	18	0	21.7	101	0	2	4.02	78.33
2010	272	19	0	21.1	101	0	0	3.13	80.93
2010	272	20	0	21.1	101	0	0	0.01	89.99
2010	272	21	0	20.6	101	0	0	2.24	94.59
2010	272	22	0	20.6	101	0	0	2.68	99.13
2010	272	23	0	20.6	101	0	0	1.34	100
2010	273	0	0	21.1	101	0	0	2.68	100
2010	273	1	0	21.1	101	0	0	4.02	100
2010	273	2	0	21.7	101	0	0	4.02	100
2010	273	3	0	21.7	101	0	0	3.13	100
2010	273	4	0	21.7	101	0.51	0	5.81	100
2010	273	5	0	21.1	100	17.02	0	4.02	100
2010	273	6	0	22.2	100	8.13	0	8.94	100
2010	273	7	0	22.8	100	0.25	32	10.28	100
2010	273	8	0	22.8	100	1.02	112.5	9.83	100
2010	273	9	0	23.3	100	0	113	9.39	100
2010	273	10	0	23.9	100	0	194	10.28	100
2010	273	11	0	23.9	100	0	316	9.39	97.59
2010	273	12	0	25	100	0	292	9.83	97.32
2010	273	13	0	24.4	100	0	234	9.83	96.86
2010	273	14	0	23.9	100	0	174.5	9.39	96.42
2010	273	15	0	23.9	100	0	142.5	10.73	100
2010	273	16	0	23.9	100	0	36	10.73	100
2010	273	17	0	23.9	100	0	36	9.83	100
2010	273	18	0	23.3	100	0	0	10.73	100
2010	273	19	0	23.3	100	0	0	10.73	100
2010	273	20	0	23.3	100	0	0	10.28	100
2010	273	21	0	23.3	100	0	0	10.73	100
2010	273	22	0	23.3	100	0	0	9.39	100
2010	273	23	0	23.3	100	0	0	12.52	100
2010	274	0	0	23.3	100	0	0	9.83	100
2010	274	1	0	22.8	100	0	0	9.83	100
2010	274	2	0	23.3	100	0	0	9.83	100
2010	274	3	0	23.3	100	0	0	11.62	100
2010	274	4	0	23.3	99	0	0	13.41	99.24
2010	274	5	0	23.3	99	2.54	0	11.62	100
2010	274	6	0	18.9	99	27.94	0	6.71	100
2010	274	7	0	18.9	99	12.95	7	8.94	100
2010	274	8	0	18.9	99	4.57	11.5	5.81	100
2010	274	9	0	18.3	99	1.02	54.5	9.83	98.61
2010	274	10	0	17.2	99	0.51	120.5	3.58	95.62
2010	274	11	0	17.2	99	0.76	178	7.15	83.5
2010	274	12	0	17.2	99	0	167.5	7.6	76.26
2010	274	13	0	17.2	100	0	98.5	9.83	72.89
2010	274	14	0	16.7	100	0.25	124.5	10.73	72.56
2010	274	15	0	16.7	100	0.76	130	8.94	76.89
2010	274	16	0	17.2	100	0	99.5	9.83	82.07
2010	274	17	0	17.2	100	0	73	7.6	82.79
2010	274	18	0	17.2	100	0	0	6.26	88.55
2010	274	19	0	17.2	100	0	0	5.81	88.22
2010	274	20	0	16.7	100	0	0	7.6	92.12
2010	274	21	0	16.1	100	0	0	6.71	89.27
2010	274	22	0	15.6	100	0	0	7.6	91.85
2010	274	23	0	14.4	100	0	0	5.81	88.61
2010	275	0	0	14.4	100	0	0	7.6	92.04
2010	275	1	0	13.9	100	0	0	4.92	90.13
2010	275	2	0	13.3	100	0	0	5.81	94.46
2010	275	3	0	12.8	100	0	0	6.71	92.8
2010	275	4	0	12.2	101	0	0	4.92	97.37
2010	275	5	0	12.2	101	0	0	4.02	95.29
2010	275	6	0	11.7	101	0	0	3.58	93.54
2010	275	7	0	12.8	101	0	121	3.58	81.14
2010	275	8	0	14.4	101	0	313.5	4.47	73.54
2010	275	9	0	15.6	101	0	494	3.58	66.89
2010	275	10	0	16.7	101	0	635.5	1.34	61.24
2010	275	11	0	17.8	101	0	726	3.58	56.3
2010	275	12	0	18.3	101	0	755	1.34	55.57
2010	275	13	0	18.3	101	0	722	2.68	51.7
2010	275	14	0	19.4	101	0	629	3.58	50.96
2010	275	15	0	19.4	101	0	485.5	3.58	50.04
2010	275	16	0	19.4	101	0	305.5	1.34	52.16
2010	275	17	0	18.3	101	0	116	3.13	59.92
2010	275	18	0	16.7	101	0	0	3.58	62.33
2010	275	19	0	15.6	101	0	0	2.68	64.89
2010	275	20	0	14.4	101	0	0	2.68	71.76
2010	275	21	0	13.3	101	0	0	2.24	73.71
2010	275	22	0	13.3	101	0	0	4.02	80.57
2010	275	23	0	12.8	101	0	0	3.13	81.41
2010	276	0	0	13.3	101	0	0	4.02	82.27
2010	276	1	0	12.8	101	0	0	4.47	88.65
2010	276	2	0	12.2	101	0	0	4.47	89.21
2010	276	3	0	12.2	101	0	0	4.92	95.89
2010	276	4	0	12.2	101	0	0	7.15	95.88
2010	276	5	0	11.7	101	0	0	6.71	95.59
2010	276	6	0	11.7	101	0	0	6.71	95.59
2010	276	7	0	11.7	101	0	109	6.71	90.24
2010	276	8	0	12.8	101	0	174	7.15	86.55
2010	276	9	0	13.3	101	0	311	10.28	77.99
2010	276	10	0	13.9	101	0	573.5	7.6	78.41
2010	276	11	0	16.1	101	0	687.5	9.39	73.06
2010	276	12	0	17.2	101	0	644	8.94	72.52
2010	276	13	0	16.1	101	0	465.5	8.05	71.73
2010	276	14	0	16.7	101	0	412	8.05	71.01
2010	276	15	0	17.2	101	0	275	9.83	71.24
2010	276	16	0	16.1	101	0	138	7.15	76.5
2010	276	17	0	16.1	101	0	10.5	6.71	77.91
2010	276	18	0	15.6	101	0	0	5.81	83.95
2010	276	19	0	15	101	0	0	6.71	87.81
2010	276	20	0	13.9	101	0.25	0	6.71	85.8
2010	276	21	0	12.8	101	1.02	0	4.92	90.4
2010	276	22	0	12.2	101	0	0	7.15	89.21
2010	276	23	0	12.8	101	0	0	6.26	87.97
2010	277	0	0	12.8	101	0	0	5.81	88.58
2010	277	1	0	12.8	101	0	0	7.15	90.59
2010	277	2	0	12.8	101	0	0	4.47	92.99
2010	277	3	0	12.8	101	0	0	8.05	94.95
2010	277	4	0	12.2	101	0	0	4.92	96.03
2010	277	5	0	11.7	101	0.76	0	4.47	96.57
2010	277	6	0	12.2	101	0	0	5.81	97.36
2010	277	7	0	12.8	101	0	7	4.92	92.49
2010	277	8	0	13.3	101	0	11	7.15	93.77
2010	277	9	0	12.8	101	0.25	61	6.71	88.77
2010	277	10	0	12.8	101	0.51	46	6.71	89.87
2010	277	11	0	12.8	101	0	105.5	5.81	91.59
2010	277	12	0	12.2	101	0.25	49	6.71	87.81
2010	277	13	0	12.8	101	2.29	123.5	4.92	89.33
2010	277	14	0	13.3	101	0.51	98	6.26	90.79
2010	277	15	0	13.9	101	0.25	132	6.26	91.84
2010	277	16	0	13.3	101	0	9.5	4.47	92.44
2010	277	17	0	12.8	101	1.02	84.5	4.02	98.34
2010	277	18	0	12.8	101	0.51	0	4.47	97.63
2010	277	19	0	13.3	101	0.51	0	6.26	96.79
2010	277	20	0	13.3	101	0.76	0	4.47	100
2010	277	21	0	13.9	101	0.25	0	6.26	100
2010	277	22	0	13.3	101	0.51	0	4.92	99.56
2010	277	23	0	13.3	101	0.25	0	7.15	98.8
2010	278	0	0	13.3	101	0.25	0	6.71	98.56
2010	278	1	0	13.3	101	0	0	5.81	98.43
2010	278	2	0	13.3	101	0.25	0	4.92	98.3
2010	278	3	0	13.3	101	0	0	5.81	98.39
2010	278	4	0	13.3	101	0	0	6.71	99.03
2010	278	5	0	13.3	101	0	0	4.92	99.64
2010	278	6	0	13.3	101	0	0	5.81	100
2010	278	7	0	13.3	101	0	66	7.15	100
2010	278	8	0	13.9	101	0	19	8.94	98.46
2010	278	9	0	14.4	101	0	76	5.81	95.42
2010	278	10	0	15.6	101	0	153	7.6	92.64
2010	278	11	0	16.1	101	0	121	7.6	89.75
2010	278	12	0	15.6	101	0	212.5	6.26	91.45
2010	278	13	0	16.1	101	0	203.5	6.26	86.01
2010	278	14	0	16.7	101	0	87	5.81	90.59
2010	278	15	0	16.7	101	0	146.5	6.26	89.7
2010	278	16	0	17.2	101	0	259	3.58	95.39
2010	278	17	0	17.2	101	0	86	2.24	93.93
2010	278	18	0	16.7	101	0	0	1.34	97.12
2010	278	19	0	16.1	101	0	0	4.02	94.58
2010	278	20	0	16.1	101	0	0	3.58	98.28
2010	278	21	0	16.1	101	0	0	2.24	96.11
2010	278	22	0	14.4	101	0	0	4.92	100
2010	278	23	0	13.9	101	0	0	6.26	98.66
2010	279	0	0	13.9	101	0	0	4.92	96.87
2010	279	1	0	13.9	101	0	0	2.68	95.31
2010	279	2	0	13.9	101	0	0	0.01	93.9
2010	279	3	0	13.3	101	0.25	0	2.68	92.8
2010	279	4	0	13.3	101	0	0	2.24	90.58
2010	279	5	0	13.9	101	0	0	3.58	94.78
2010	279	6	0	13.9	101	0	0	4.47	93.88
2010	279	7	0	14.4	101	0	102	5.81	89.36
2010	279	8	0	15	101	0	288	6.26	83.04
2010	279	9	0	15.6	101	0	463.5	4.92	74.61
2010	279	10	0	16.7	101	0	602.5	5.81	72.13
2010	279	11	0	16.7	101	0	691	4.92	66.11
2010	279	12	0	17.2	100	0	466	6.26	64.51
2010	279	13	0	17.8	100	0	201.5	6.71	59.21
2010	279	14	0	17.8	100	0	295.5	4.92	58.84
2010	279	15	0	17.8	100	0	451.5	5.81	63.39
2010	279	16	0	16.1	100	0	176	6.71	66.05
2010	279	17	0	15.6	100	0	47	6.26	78.52
2010	279	18	0	15.6	100	0	0	6.26	84.5
2010	279	19	0	15.6	100	0	0	7.15	85.48
2010	279	20	0	15	100	0	0	6.26	91.9
2010	279	21	0	14.4	100	0	0	6.71	91.85
2010	279	22	0	13.3	100	0	0	7.15	91.93
2010	279	23	0	12.8	100	0	0	8.94	92.51
2010	280	0	0	12.8	100	0	0	8.05	99.1
2010	280	1	0	12.8	100	0	0	6.71	98.93
2010	280	2	0	12.2	100	0	0	4.92	99.01
2010	280	3	0	11.7	100	0	0	4.02	99.55
2010	280	4	0	12.2	100	0	0	5.81	100
2010	280	5	0	12.8	100	0	0	7.6	100
2010	280	6	0	12.2	100	0	0	7.6	99.19
2010	280	7	0	13.3	100	0	9.5	6.71	93.16
2010	280	8	0	13.3	100	0	73	8.05	88.85
2010	280	9	0	14.4	100	0	349	8.94	79.76
2010	280	10	0	17.2	100	0	582	6.71	75.1
2010	280	11	0	19.4	100	0	674.5	8.05	65.97
2010	280	12	0	20.6	100	0	704	8.94	62.09
2010	280	13	0	21.7	100	0	671.5	7.15	62.81
2010	280	14	0	22.8	100	0	581.5	8.05	60.25
2010	280	15	0	22.8	100	0	441	11.18	65.38
2010	280	16	0	21.7	100	0	266	10.28	66.39
2010	280	17	0	21.1	100	0	87.5	7.6	74.71
2010	280	18	0	20	100	0	0	5.81	77.35
2010	280	19	0	18.9	100	0	0	4.02	80.16
2010	280	20	0	18.3	100	0	0	3.13	82.69
2010	280	21	0	18.3	100	0	0	4.02	86.41
2010	280	22	0	17.8	100	0	0	4.92	86.34
2010	280	23	0	17.8	101	0	0	6.26	85.24
2010	281	0	0	16.7	101	0	0	6.26	87.69
2010	281	1	0	15	101	0	0	3.58	85.25
2010	281	2	0	13.9	101	0	0	4.02	90.07
2010	281	3	0	13.9	101	0	0	3.58	89.38
2010	281	4	0	13.3	101	0	0	4.02	89.41
2010	281	5	0	13.3	101	0	0	3.58	96.25
2010	281	6	0	12.2	101	0	0	3.13	97.19
2010	281	7	0	13.9	101	0	101	3.58	87.05
2010	281	8	0	16.1	101	0	287	4.02	78.84
2010	281	9	0	17.2	101	0	461.5	3.13	69.2
2010	281	10	0	18.9	101	0	598.5	4.02	60.32
2010	281	11	0	19.4	101	0	684	6.71	56.41
2010	281	12	0	20	101	0	711	5.81	53.7
2010	281	13	0	21.1	101	0	677.5	6.71	55.15
2010	281	14	0	21.7	100	0	587	7.15	56.96
2010	281	15	0	22.2	100	0	445	9.39	59.04
2010	281	16	0	22.8	100	0	269.5	6.26	65.49
2010	281	17	0	22.8	100	0	88	7.15	74.05
2010	281	18	0	21.1	100	0	0	6.71	78.4
2010	281	19	0	20	100	0	0	4.92	78.89
2010	281	20	0	19.4	101	0	0	4.92	84.82
2010	281	21	0	18.3	101	0	0	4.02	91.1
2010	281	22	0	17.8	100	0	0	3.58	91.38
2010	281	23	0	18.3	100	0	0	4.47	97.04
2010	282	0	0	17.8	100	0	0	4.47	95.86
2010	282	1	0	16.7	100	0	0	4.02	94.53
2010	282	2	0	16.7	100	0	0	5.81	93.27
2010	282	3	0	15.6	100	0	0	4.02	98.32
2010	282	4	0	15	100	0	0	3.58	97.07
2010	282	5	0	14.4	101	0	0	3.58	95.93
2010	282	6	0	15	101	0	0	3.58	95.42
2010	282	7	0	16.7	101	0	88.5	3.13	85.01
2010	282	8	0	18.9	101	0	266.5	2.24	75.54
2010	282	9	0	20.6	101	0	437.5	5.81	64.49
2010	282	10	0	21.1	101	0	577.5	5.81	58.32
2010	282	11	0	22.2	101	0	671	3.58	58.03
2010	282	12	0	22.8	101	0	704.5	7.15	54.89
2010	282	13	0	23.3	101	0	677.5	6.26	54.31
2010	282	14	0	22.8	101	0	590	7.15	52.67
2010	282	15	0	22.8	101	0	449.5	6.71	54.27
2010	282	16	0	22.2	101	0	272.5	7.15	57.59
2010	282	17	0	20.6	101	0	87	6.71	64.04
2010	282	18	0	18.9	101	0	0	4.92	69.88
2010	282	19	0	17.8	101	0	0	3.58	72.66
2010	282	20	0	16.7	101	0	0	4.47	76.15
2010	282	21	0	15.6	101	0	0	4.47	80.13
2010	282	22	0	13.9	101	0	0	4.02	84.01
2010	282	23	0	13.9	101	0	0	4.92	77.94
2010	283	0	0	11.1	101	0	0	2.68	81.16
2010	283	1	0	11.1	101	0	0	2.68	85.3
2010	283	2	0	9.4	101	0	0	2.24	84.49
2010	283	3	0	8.3	101	0	0	0.01	84.29
2010	283	4	0	8.3	101	0	0	0.01	89.27
2010	283	5	0	8.3	101	0	0	0.01	87.18
2010	283	6	0	6.7	101	0	0	0.01	85.52
2010	283	7	0	9.4	101	0	96.5	0.01	73.2
2010	283	8	0	12.8	101	0	284.5	2.68	61.99
2010	283	9	0	14.4	101	0	462.5	2.68	49.44
2010	283	10	0	15.6	101	0	602	2.24	46.62
2010	283	11	0	16.1	101	0	689.5	5.81	47.05
2010	283	12	0	17.2	101	0	714.5	4.47	47.45
2010	283	13	0	18.9	100	0	675	8.94	48.66
2010	283	14	0	18.9	100	0	576	4.92	50.93
2010	283	15	0	20	100	0	428.5	4.92	57.18
2010	283	16	0	20	100	0	251	4.47	68.3
2010	283	17	0	18.9	100	0	74	3.58	79.05
2010	283	18	0	18.3	100	0	0	4.47	84.92
2010	283	19	0	18.3	100	0	0	5.81	86.76
2010	283	20	0	16.7	100	0	0	4.02	88.97
2010	283	21	0	17.8	100	0	0	4.47	96.95
2010	283	22	0	17.2	100	0	0	4.02	98.52
2010	283	23	0	16.1	100	0	0	3.13	99.08
2010	284	0	0	16.7	100	0	0	1.34	100
2010	284	1	0	16.1	100	0	0	2.24	100
2010	284	2	0	14.4	100	0	0	2.68	100
2010	284	3	0	13.9	100	0	0	2.24	100
2010	284	4	0	13.3	100	0	0	1.34	100
2010	284	5	0	14.4	100	0	0	1.34	100
2010	284	6	0	13.9	100	0	0	2.68	100
2010	284	7	0	15.6	100	0	59.5	3.13	91.98
2010	284	8	0	17.2	100	0	186	3.13	87.23
2010	284	9	0	18.9	100	0	392.5	4.02	70.06
2010	284	10	0	20	100	0	559.5	4.47	65.14
2010	284	11	0	21.7	100	0	643.5	4.02	62.22
2010	284	12	0	21.7	100	0	669.5	3.58	61.91
2010	284	13	0	22.8	100	0	634	4.02	63.38
2010	284	14	0	22.2	100	0	406	4.92	64.6
2010	284	15	0	22.8	100	0	316	4.47	67.4
2010	284	16	0	21.1	100	0	227.5	4.47	77.7
2010	284	17	0	20	100	0	61.5	4.92	84.43
2010	284	18	0	18.9	100	0	0	4.47	90.82
2010	284	19	0	19.4	100	0	0	4.92	94.22
2010	284	20	0	18.9	100	1.52	0	4.92	96.98
2010	284	21	0	16.1	100	9.14	0	2.68	100
2010	284	22	0	17.2	100	0.51	0	0.01	100
2010	284	23	0	17.2	100	5.59	0	2.68	100
2010	285	0	0	16.7	100	0.76	0	0.01	100
2010	285	1	0	16.7	100	0	0	3.13	100
2010	285	2	0	16.1	100	0	0	3.13	100
2010	285	3	0	17.2	100	0.25	0	6.71	100
2010	285	4	0	15.6	100	0	0	2.24	100
2010	285	5	0	16.1	100	0	0	4.92	100
2010	285	6	0	16.1	100	0	0	3.58	100
2010	285	7	0	16.1	100	0	61	2.24	100
2010	285	8	0	17.8	100	0	95	3.58	96.5
2010	285	9	0	18.9	100	0	380	4.02	88.43
2010	285	10	0	20.6	100	0	261.5	4.92	80.19
2010	285	11	0	20	100	0	203	4.47	79
2010	285	12	0	20	100	0	234	4.92	78.89
2010	285	13	0	19.4	100	0	357.5	4.92	78.98
2010	285	14	0	18.9	100	0	241.5	4.47	78.02
2010	285	15	0	20	100	0	305	3.13	76.14
2010	285	16	0	19.4	100	0	215.5	2.24	80.21
2010	285	17	0	18.9	100	0	61	4.47	82.31
2010	285	18	0	18.3	100	0	0	3.13	83.1
2010	285	19	0	18.3	100	0	0	3.58	85.41
2010	285	20	0	17.2	101	0	0	6.26	89.24
2010	285	21	0	15.6	101	0	0	4.02	86.16
2010	285	22	0	14.4	101	0	0	5.81	86.68
2010	285	23	0	13.3	101	0	0	4.92	88.67
2010	286	0	0	12.2	101	0	0	4.02	85.58
2010	286	1	0	11.7	101	0	0	3.58	88.95
2010	286	2	0	11.1	101	0	0	4.92	86.95
2010	286	3	0	10	101	0	0	4.47	90.8
2010	286	4	0	10	101	0	0	4.02	88.95
2010	286	5	0	9.4	101	0	0	3.58	93.4
2010	286	6	0	8.9	101	0	0	3.13	92.05
2010	286	7	0	10	101	0	87	4.02	79.31
2010	286	8	0	11.7	101	0	272	2.68	71.01
2010	286	9	0	13.3	101	0	448.5	3.58	64.19
2010	286	10	0	14.4	101	0	589	3.58	55.04
2010	286	11	0	16.1	101	0	677	3.58	50.21
2010	286	12	0	17.2	101	0	704.5	2.68	45.4
2010	286	13	0	17.8	101	0	669.5	3.13	43.99
2010	286	14	0	18.3	101	0	575	0.01	43.22
2010	286	15	0	18.3	101	0	429.5	1.34	43.83
2010	286	16	0	16.7	101	0	249.5	3.58	51.07
2010	286	17	0	15	101	0	68.5	2.68	54.22
2010	286	18	0	13.9	101	0	0	2.24	54.86
2010	286	19	0	13.9	101	0	0	1.34	60.36
2010	286	20	0	13.3	101	0	0	0.01	65.95
2010	286	21	0	12.8	101	0	0	1.34	71.55
2010	286	22	0	12.2	101	0	0	0.01	71.66
2010	286	23	0	11.1	101	0	0	0.01	71.01
2010	287	0	0	10.6	101	0	0	0.01	70.13
2010	287	1	0	9.4	101	0	0	0.01	69.34
2010	287	2	0	10	101	0	0	0.01	69.49
2010	287	3	0	8.9	101	0	0	1.34	70.69
2010	287	4	0	8.9	101	0	0	1.34	72.73
2010	287	5	0	8.9	101	0	0	0.01	75.6
2010	287	6	0	9.4	101	0	0	2.24	84.42
2010	287	7	0	10	101	0	79	3.13	80.84
2010	287	8	0	12.8	101	0	254.5	2.24	78.33
2010	287	9	0	16.1	101	0	424	4.02	73.68
2010	287	10	0	17.2	101	0	437	6.26	69.86
2010	287	11	0	17.8	101	0	502.5	7.15	66.52
2010	287	12	0	17.2	100	0	361.5	4.92	67.48
2010	287	13	0	16.7	100	0	260.5	4.92	68.65
2010	287	14	0	16.7	100	0	152.5	4.47	71
2010	287	15	0	16.7	100	0	60.5	4.02	79.46
2010	287	16	0	14.4	100	0.76	51.5	1.34	87.63
2010	287	17	0	12.8	100	3.3	8.5	2.24	93.97
2010	287	18	0	12.2	100	4.06	0	3.13	94.15
2010	287	19	0	12.8	100	3.56	0	3.13	100
2010	287	20	0	13.3	100	4.57	0	3.58	100
2010	287	21	0	13.3	100	4.57	0	4.02	99.46
2010	287	22	0	13.3	100	2.54	0	5.81	97.42
2010	287	23	0	12.8	99	0	0	4.02	100
2010	288	0	0	12.2	99	0.25	0	4.47	100
2010	288	1	0	11.7	99	0	0	5.81	97.95
2010	288	2	0	11.7	99	0	0	5.81	100
2010	288	3	0	11.7	99	0	0	7.15	99.55
2010	288	4	0	11.1	99	0	0	5.81	96.88
2010	288	5	0	11.1	99	0	0	6.26	100
2010	288	6	0	10.6	99	0	0	6.71	97.85
2010	288	7	0	10	99	0	71	6.71	96.72
2010	288	8	0	10.6	99	0	188	7.6	88.37
2010	288	9	0	12.2	99	0	348.5	8.94	78.29
2010	288	10	0	11.7	99	0	486.5	9.39	69.76
2010	288	11	0	13.3	99	0	286.5	10.73	63.82
2010	288	12	0	13.3	99	0	242	9.83	63.08
2010	288	13	0	14.4	99	0	300	12.96	58.88
2010	288	14	0	14.4	99	0	163	11.18	58.98
2010	288	15	0	14.4	99	0	147	11.18	59.39
2010	288	16	0	14.4	99	0	121.5	9.83	63.59
2010	288	17	0	14.4	99	0	45.5	11.18	68.47
2010	288	18	0	13.9	99	0	0	11.62	70.23
2010	288	19	0	12.8	99	0	0	11.62	77.59
2010	288	20	0	12.8	99	0	0	11.18	79.78
2010	288	21	0	11.1	99	0.25	0	9.83	86.06
2010	288	22	0	11.7	99	0	0	8.94	85.85
2010	288	23	0	11.7	99	0	0	10.73	85.96
2010	289	0	0	11.7	99	0	0	7.15	86.08
2010	289	1	0	11.1	100	0	0	6.26	85.01
2010	289	2	0	11.7	100	0	0	8.05	82.91
2010	289	3	0	11.1	100	0	0	6.71	81.72
2010	289	4	0	11.1	100	0	0	8.94	80.93
2010	289	5	0	11.1	100	0	0	5.81	86.09
2010	289	6	0	11.1	100	0	0	7.6	85.78
2010	289	7	0	11.1	100	0	44.5	9.39	79.87
2010	289	8	0	12.2	100	0	198	10.73	73.76
2010	289	9	0	12.8	100	0	425.5	9.83	68.23
2010	289	10	0	14.4	100	0	562	10.73	63.53
2010	289	11	0	13.9	100	0	581	11.18	63.67
2010	289	12	0	15	100	0	539	9.39	60.15
2010	289	13	0	14.4	100	0	480.5	10.28	60.65
2010	289	14	0	14.4	100	0	382.5	11.62	60.95
2010	289	15	0	15	100	0	407	11.62	60.96
2010	289	16	0	15.6	100	0	231	8.94	60.94
2010	289	17	0	15	101	0	56.5	10.73	70.16
2010	289	18	0	14.4	101	0	0	8.94	75.46
2010	289	19	0	13.9	101	0	0	9.83	75.15
2010	289	20	0	13.3	101	0	0	7.6	79.36
2010	289	21	0	12.2	101	0	0	7.15	83.89
2010	289	22	0	11.7	101	0	0	6.26	88.8
2010	289	23	0	11.7	101	0	0	4.02	88.02
2010	290	0	0	11.1	101	0	0	6.26	87.34
2010	290	1	0	10.6	101	0	0	4.02	93.12
2010	290	2	0	10	101	0	0	4.92	93.04
2010	290	3	0	9.4	101	0	0	4.47	93.25
2010	290	4	0	9.4	101	0	0	4.47	93.91
2010	290	5	0	10	101	0	0	4.92	95.02
2010	290	6	0	9.4	101	0	0	4.47	96.56
2010	290	7	0	10	101	0	67.5	4.02	93.35
2010	290	8	0	12.2	101	0	240	4.47	80.94
2010	290	9	0	13.9	101	0	410	6.71	75.25
2010	290	10	0	16.1	101	0	545.5	6.71	62.98
2010	290	11	0	17.8	100	0	629.5	6.26	59.3
2010	290	12	0	18.9	100	0	655	6.26	57.03
2010	290	13	0	19.4	100	0	620.5	5.81	59.79
2010	290	14	0	20.6	100	0	528.5	6.26	62.48
2010	290	15	0	21.1	100	0	385.5	9.39	64.77
2010	290	16	0	20.6	100	0	150.5	7.15	70.9
2010	290	17	0	20	100	0	47.5	6.71	73.46
2010	290	18	0	18.9	100	0	0	4.92	76.53
2010	290	19	0	18.9	100	0	0	6.26	79.56
2010	290	20	0	17.2	101	0	0	7.6	82.05
2010	290	21	0	16.1	101	0	0	6.71	82.91
2010	290	22	0	14.4	101	0	0	3.13	82.18
2010	290	23	0	13.9	101	0	0	3.13	83.71
2010	291	0	0	12.2	101	0	0	1.34	82.21
2010	291	1	0	10	101	0	0	2.68	82.79
2010	291	2	0	10.6	101	0	0	3.13	89.53
2010	291	3	0	12.2	101	0	0	6.71	89.54
2010	291	4	0	11.7	101	0	0	6.26	95.19
2010	291	5	0	11.1	101	0	0	3.58	94.08
2010	291	6	0	11.1	101	0	0	4.47	93.15
2010	291	7	0	11.7	101	0	39.5	4.47	87.69
2010	291	8	0	12.8	101	0	208.5	6.26	74.39
2010	291	9	0	13.9	101	0	348.5	5.81	64.99
2010	291	10	0	14.4	101	0	363	4.47	59.09
2010	291	11	0	15.6	101	0	467.5	5.81	55.05
2010	291	12	0	16.1	101	0	439.5	6.26	55.49
2010	291	13	0	16.1	101	0	415	6.26	56.67
2010	291	14	0	15.6	101	0	203.5	5.81	58.22
2010	291	15	0	15	101	0	179.5	6.71	60.48
2010	291	16	0	14.4	101	0	113	8.05	68.49
2010	291	17	0	13.9	101	0	36.5	7.15	76.14
2010	291	18	0	13.3	101	0	0	5.81	82.64
2010	291	19	0	13.3	101	0	0	4.02	83.75
2010	291	20	0	12.8	101	0	0	4.02	89.97
2010	291	21	0	12.2	101	0	0	4.47	89.63
2010	291	22	0	11.7	101	0	0	2.68	88.46
2010	291	23	0	12.2	101	0	0	3.13	93.49
2010	292	0	0	11.7	101	0	0	2.24	86.3
2010	292	1	0	12.2	101	0	0	0.01	90.47
2010	292	2	0	11.7	101	0.25	0	0.01	89.62
2010	292	3	0	10.6	101	0.25	0	1.34	89.43
2010	292	4	0	10	101	1.52	0	3.58	95.83
2010	292	5	0	9.4	101	0.25	0	2.24	95.63
2010	292	6	0	9.4	101	0	0	2.68	95.12
2010	292	7	0	9.4	101	0	29	0.01	92.5
2010	292	8	0	9.4	101	0	60	0.01	87.73
2010	292	9	0	10.6	101	0	166.5	0.01	77.94
2010	292	10	0	11.1	101	0	389	2.24	73.07
2010	292	11	0	12.8	101	0	330	0.01	69.69
2010	292	12	0	12.8	101	0	484	3.58	70.46
2010	292	13	0	13.9	101	0	596	3.58	66.1
2010	292	14	0	13.3	101	0	512.5	2.24	65.44
2010	292	15	0	14.4	101	0	373.5	3.58	65.21
2010	292	16	0	14.4	101	0	202.5	4.02	75.3
2010	292	17	0	12.8	101	0	36.5	3.58	78
2010	292	18	0	12.8	101	0	0	3.58	83.06
2010	292	19	0	12.2	101	0	0	3.58	84.04
2010	292	20	0	11.7	101	0	0	3.13	91.3
2010	292	21	0	11.7	101	0	0	4.02	92.25
2010	292	22	0	11.1	101	0	0	3.13	98.08
2010	292	23	0	11.1	101	0	0	3.58	96.15
2010	293	0	0	10.6	101	0	0	3.58	93.76
2010	293	1	0	10	101	0	0	3.13	97.95
2010	293	2	0	9.4	101	0	0	2.68	96.07
2010	293	3	0	9.4	101	0	0	2.68	100
2010	293	4	0	8.3	101	0	0	2.24	99.77
2010	293	5	0	9.4	101	0	0	0.01	98.13
2010	293	6	0	9.4	101	0	0	0.01	96.61
2010	293	7	0	8.3	101	0	34	0.01	91.36
2010	293	8	0	11.7	101	0	207	0.01	80.03
2010	293	9	0	13.3	101	0	320.5	0.01	75.61
2010	293	10	0	15	101	0	349.5	2.24	72.69
2010	293	11	0	15	101	0	329	3.58	69.04
2010	293	12	0	14.4	101	0	385.5	3.58	68.05
2010	293	13	0	14.4	101	0	309.5	3.58	61.72
2010	293	14	0	13.9	100	0	258	3.58	60.75
2010	293	15	0	14.4	100	0	225	2.68	62.54
2010	293	16	0	13.9	100	0	91.5	3.58	72.16
2010	293	17	0	13.9	100	0	17	3.13	81.03
2010	293	18	0	13.3	100	0	0	4.02	83.18
2010	293	19	0	12.8	100	0	0	3.58	92.07
2010	293	20	0	12.2	100	0	0	4.47	95.22
2010	293	21	0	11.7	100	0	0	6.26	97.6
2010	293	22	0	11.1	100	0	0	4.47	98.43
2010	293	23	0	10.6	100	0	0	4.02	100
2010	294	0	0	10.6	100	0	0	4.02	100
2010	294	1	0	10	100	0	0	4.47	100
2010	294	2	0	10	100	0	0	4.02	100
2010	294	3	0	10.6	100	0	0	5.81	100
2010	294	4	0	10.6	100	0	0	6.71	100
2010	294	5	0	10	100	0	0	8.94	100
2010	294	6	0	10	100	0	0	5.81	100
2010	294	7	0	10.6	100	0	6	5.81	96.93
2010	294	8	0	11.1	100	0	86	6.71	93.78
2010	294	9	0	11.7	100	0	137.5	4.92	89.5
2010	294	10	0	12.2	100	0	226.5	5.81	80.86
2010	294	11	0	13.9	100	0	364.5	6.71	69.29
2010	294	12	0	15.6	100	0	583	6.71	61.94
2010	294	13	0	17.2	100	0	612.5	6.71	54.74
2010	294	14	0	17.8	100	0	523.5	9.83	50.51
2010	294	15	0	17.8	100	0	381	7.15	49.85
2010	294	16	0	17.2	100	0	114.5	8.05	54.88
2010	294	17	0	15.6	100	0	36	8.94	65.23
2010	294	18	0	13.9	100	0	0	7.6	71.5
2010	294	19	0	13.3	100	0	0	4.92	77.48
2010	294	20	0	12.8	100	0	0	4.92	77.94
2010	294	21	0	11.7	100	0	0	3.58	83.14
2010	294	22	0	11.1	100	0	0	5.81	82.82
2010	294	23	0	11.7	100	0	0	6.71	88.67
2010	295	0	0	10.6	100	0	0	4.92	88.66
2010	295	1	0	10	100	0	0	5.81	88.89
2010	295	2	0	10	100	0	0	5.81	89.33
2010	295	3	0	9.4	100	0	0	7.15	95.7
2010	295	4	0	9.4	101	0	0	6.26	95.64
2010	295	5	0	9.4	101	0	0	7.15	93.55
2010	295	6	0	8.9	101	0	0	7.15	89.56
2010	295	7	0	8.9	101	0	31.5	5.81	86.09
2010	295	8	0	8.9	101	0	232.5	7.6	73.22
2010	295	9	0	10	101	0	406	7.6	62.37
2010	295	10	0	11.1	101	0	543	6.71	60.61
2010	295	11	0	11.1	101	0	499	7.15	56.64
2010	295	12	0	11.7	101	0	235	8.94	56.4
2010	295	13	0	12.8	101	0	287.5	9.39	52.45
2010	295	14	0	12.8	101	0	522.5	10.73	52.14
2010	295	15	0	12.2	101	0	377	10.28	51.94
2010	295	16	0	11.1	101	0	201	11.18	56.07
2010	295	17	0	10.6	101	0	34	7.6	62.01
2010	295	18	0	10	101	0	0	5.81	67.67
2010	295	19	0	10	101	0	0	5.81	73.12
2010	295	20	0	9.4	101	0	0	3.58	73.38
2010	295	21	0	9.4	101	0	0	3.13	78.84
2010	295	22	0	9.4	101	0	0	4.92	79.36
2010	295	23	0	8.3	101	0	0	4.47	80.4
2010	296	0	0	8.3	101	0	0	5.81	82.11
2010	296	1	0	8.3	101	0	0	4.92	84.28
2010	296	2	0	7.8	101	0	0	4.92	86.49
2010	296	3	0	7.8	101	0	0	6.71	87.45
2010	296	4	0	8.3	101	0	0	5.81	88.21
2010	296	5	0	7.8	102	0	0	4.92	95.13
2010	296	6	0	7.2	102	0	0	4.92	95.79
2010	296	7	0	7.8	102	0	51.5	4.02	91.12
2010	296	8	0	10	102	0	214.5	6.26	81.9
2010	296	9	0	11.7	102	0	381	5.81	69.16
2010	296	10	0	13.3	102	0	515	5.81	61.58
2010	296	11	0	14.4	101	0	596.5	4.47	54.3
2010	296	12	0	15	101	0	617.5	3.13	52.1
2010	296	13	0	16.7	101	0	575.5	4.92	54.28
2010	296	14	0	16.7	101	0	475.5	4.47	57.02
2010	296	15	0	17.8	101	0	303	4.92	60.54
2010	296	16	0	17.2	101	0	169.5	6.26	69.42
2010	296	17	0	16.7	101	0	26	4.47	78.03
2010	296	18	0	17.2	101	0	0	4.92	83.68
2010	296	19	0	17.2	101	0	0	4.47	84.61
2010	296	20	0	16.1	101	0	0	3.13	86.38
2010	296	21	0	15	101	0	0	3.13	88.38
2010	296	22	0	14.4	101	0	0	2.24	89.56
2010	296	23	0	14.4	101	0	0	0.01	96.37
2010	297	0	0	13.3	101	0	0	1.34	97.52
2010	297	1	0	13.3	102	0	0	2.68	98.04
2010	297	2	0	12.8	102	0	0	0.01	97.71
2010	297	3	0	13.3	102	0	0	1.34	96.03
2010	297	4	0	12.2	102	0	0	3.13	94.48
2010	297	5	0	11.7	102	0	0	1.34	94.14
2010	297	6	0	11.1	101	0	0	0.01	95.59
2010	297	7	0	11.1	102	0	24	2.24	94.52
2010	297	8	0	13.3	102	0	170	2.68	92.63
2010	297	9	0	16.1	101	0	349	1.34	84.5
2010	297	10	0	17.2	101	0	480	2.68	81.94
2010	297	11	0	17.2	101	0	563.5	2.68	84.24
2010	297	12	0	18.9	101	0	584.5	2.24	80.1
2010	297	13	0	18.3	101	0	434.5	3.13	80.6
2010	297	14	0	17.8	101	0	306.5	2.24	83.81
2010	297	15	0	17.8	101	0	183.5	2.24	89.36
2010	297	16	0	17.2	101	0	149.5	2.68	94.13
2010	297	17	0	16.7	101	0	22	2.68	99.57
2010	297	18	0	16.1	101	0	0	2.24	100
2010	297	19	0	15.6	101	0	0	3.58	100
2010	297	20	0	15	101	0	0	1.34	100
2010	297	21	0	15	101	0	0	2.24	100
2010	297	22	0	13.9	101	0	0	0.01	100
2010	297	23	0	13.3	101	0	0	2.68	100
2010	298	0	0	13.3	101	0	0	0.01	100
2010	298	1	0	12.8	101	0	0	2.24	100
2010	298	2	0	12.2	101	0	0	2.24	100
2010	298	3	0	11.7	101	0	0	3.13	100
2010	298	4	0	12.2	101	0	0	2.68	100
2010	298	5	0	12.8	101	0	0	3.13	100
2010	298	6	0	12.8	101	0	0	2.24	100
2010	298	7	0	12.8	101	0	32	2.68	100
2010	298	8	0	15.6	101	0	162	2.24	96.07
2010	298	9	0	16.7	101	0	293	3.58	93.89
2010	298	10	0	16.7	101	0	372	3.58	85.31
2010	298	11	0	18.9	101	0	430.5	4.02	82.78
2010	298	12	0	20	101	0	395.5	4.47	79.9
2010	298	13	0	20	101	0	314.5	4.92	86.26
2010	298	14	0	18.9	101	0	361.5	8.94	87.35
2010	298	15	0	19.4	101	0	228	9.83	93.17
2010	298	16	0	18.9	101	0	130	8.94	98.6
2010	298	17	0	17.8	100	0	18	8.05	97.63
2010	298	18	0	18.3	100	0	0	7.6	100
2010	298	19	0	17.8	100	0	0	7.15	100
2010	298	20	0	17.8	100	0	0	9.39	100
2010	298	21	0	18.3	100	0	0	8.94	99.06
2010	298	22	0	17.8	100	0	0	9.83	99.98
2010	298	23	0	17.2	100	0	0	8.05	100
2010	299	0	0	17.2	100	0	0	7.15	100
2010	299	1	0	17.2	100	0	0	5.81	100
2010	299	2	0	17.2	100	0	0	3.58	100
2010	299	3	0	17.2	100	0	0	4.02	100
2010	299	4	0	16.7	101	0	0	3.58	100
2010	299	5	0	15.6	101	0	0	2.68	100
2010	299	6	0	15.6	101	0	0	4.02	100
2010	299	7	0	15.6	101	0	41	3.13	100
2010	299	8	0	17.2	101	0	190.5	3.13	99.14
2010	299	9	0	18.3	101	0	350	2.68	92.98
2010	299	10	0	18.3	101	0	476.5	2.24	86.26
2010	299	11	0	20	101	0	554.5	4.02	81.66
2010	299	12	0	20	101	0	501	6.26	82.98
2010	299	13	0	20	101	0	350.5	8.05	84.53
2010	299	14	0	19.4	101	0	248.5	8.94	85.98
2010	299	15	0	18.9	101	0	137	8.94	92.61
2010	299	16	0	18.3	101	0	117	6.26	98.76
2010	299	17	0	17.8	101	0	15.5	7.15	100
2010	299	18	0	18.3	101	0	0	6.26	100
2010	299	19	0	18.3	101	0	0	7.15	100
2010	299	20	0	17.8	101	0	0	6.71	100
2010	299	21	0	17.8	101	0	0	9.39	100
2010	299	22	0	17.8	100	0	0	7.6	100
2010	299	23	0	18.3	100	0	0	5.81	100
2010	300	0	0	18.3	101	0	0	6.71	100
2010	300	1	0	18.3	101	0	0	8.94	100
2010	300	2	0	18.3	101	0	0	8.05	100
2010	300	3	0	18.3	100	0	0	9.39	100
2010	300	4	0	18.3	100	0	0	8.94	100
2010	300	5	0	18.3	100	0.25	0	8.05	100
2010	300	6	0	18.9	101	0.25	0	8.94	100
2010	300	7	0	18.3	101	0.25	1	6.71	100
2010	300	8	0	18.3	101	0	71.5	9.39	100
2010	300	9	0	19.4	101	0.51	169.5	7.6	100
2010	300	10	0	18.9	101	0	88.5	9.39	100
2010	300	11	0	18.9	101	0	139	8.94	91.43
2010	300	12	0	19.4	101	0.25	190.5	7.15	87.95
2010	300	13	0	18.9	101	0	86.5	7.6	85.74
2010	300	14	0	18.9	101	0	83	6.71	84.97
2010	300	15	0	18.9	101	0	54	4.92	90.99
2010	300	16	0	18.9	101	0.25	88.5	4.92	92.3
2010	300	17	0	18.9	101	0.76	19.5	5.81	100
2010	300	18	0	18.3	101	0	0	4.47	100
2010	300	19	0	18.9	101	0	0	4.47	99.83
2010	300	20	0	18.3	101	0	0	3.58	100
2010	300	21	0	18.3	101	0	0	3.13	100
2010	300	22	0	17.2	101	0	0	3.13	100
2010	300	23	0	18.3	100	0	0	3.58	100
2010	301	0	0	18.3	100	0	0	3.13	100
2010	301	1	0	17.8	100	0	0	3.13	100
2010	301	2	0	17.2	100	0	0	0.01	100
2010	301	3	0	18.3	100	0	0	1.34	100
2010	301	4	0	16.7	100	0	0	0.01	100
2010	301	5	0	17.2	100	0	0	3.58	100
2010	301	6	0	16.7	100	0	0	3.13	100
2010	301	7	0	16.7	101	0	34	2.68	100
2010	301	8	0	17.2	101	0	190.5	2.24	100
2010	301	9	0	18.3	101	0	311.5	3.58	98.75
2010	301	10	0	19.4	100	0	365.5	3.58	83.62
2010	301	11	0	21.7	100	0	433	4.92	71.09
2010	301	12	0	22.2	100	0	588	6.26	63.83
2010	301	13	0	23.9	100	0	554.5	7.6	59.9
2010	301	14	0	24.4	100	0	437.5	8.94	57.92
2010	301	15	0	23.9	100	0	307	9.39	61.56
2010	301	16	0	22.8	100	0	166.5	8.94	65.45
2010	301	17	0	21.1	100	0	22	7.15	71.43
2010	301	18	0	21.1	101	0	0	5.81	73.18
2010	301	19	0	20	101	0	0	4.47	75.52
2010	301	20	0	18.9	101	0	0	4.47	79.09
2010	301	21	0	18.3	101	0	0	4.92	78.39
2010	301	22	0	17.2	101	0	0	9.39	83.18
2010	301	23	0	13.9	101	0	0	4.47	86.98
2010	302	0	0	12.8	101	0	0	2.68	88.67
2010	302	1	0	11.7	101	0	0	3.58	85.48
2010	302	2	0	12.2	101	0	0	4.47	89.63
2010	302	3	0	11.1	101	0	0	4.02	88.63
2010	302	4	0	11.7	101	0	0	6.26	94.63
2010	302	5	0	11.1	101	0	0	6.26	94.94
2010	302	6	0	10.6	101	0	0	4.02	95.28
2010	302	7	0	11.7	101	0	2.5	6.71	89.82
2010	302	8	0	11.7	101	0	22	5.81	83.13
2010	302	9	0	12.2	101	0	90	6.71	75.46
2010	302	10	0	12.2	101	0	293	6.26	68.76
2010	302	11	0	13.9	101	0	426	8.05	66.98
2010	302	12	0	15	101	0	129	10.28	60.9
2010	302	13	0	13.3	101	0	168	9.83	59.46
2010	302	14	0	12.8	101	0	201	10.28	61.66
2010	302	15	0	12.2	101	0	238	8.05	59.22
2010	302	16	0	13.3	101	0	165	10.28	60.79
2010	302	17	0	12.2	101	0	21	9.39	63.92
2010	302	18	0	11.1	101	0	0	9.83	68.17
2010	302	19	0	10.6	101	0	0	10.73	67.31
2010	302	20	0	10	101	0	0	8.94	70.78
2010	302	21	0	9.4	101	0	0	6.71	74.46
2010	302	22	0	8.9	101	0	0	8.05	74.87
2010	302	23	0	8.9	101	0	0	7.15	81.29
2010	303	0	0	8.9	101	0	0	7.6	82.79
2010	303	1	0	8.3	101	0	0	6.71	84.17
2010	303	2	0	7.8	101	0	0	4.47	85.06
2010	303	3	0	7.8	101	0	0	4.47	85.89
2010	303	4	0	7.2	101	0	0	5.81	92.96
2010	303	5	0	6.7	101	0	0	5.81	92.94
2010	303	6	0	6.7	101	0	0	4.92	92.46
2010	303	7	0	6.7	101	0	32	6.71	86.53
2010	303	8	0	7.8	101	0	188	8.05	80.53
2010	303	9	0	9.4	101	0	275	6.26	69.8
2010	303	10	0	10.6	101	0	475	6.26	60.42
2010	303	11	0	11.7	101	0	502.5	8.05	55.75
2010	303	12	0	12.2	101	0	518	9.83	55.42
2010	303	13	0	13.3	101	0	443.5	7.15	56.15
2010	303	14	0	13.9	101	0	351	9.39	57.8
2010	303	15	0	13.9	101	0	245.5	8.05	60.4
2010	303	16	0	13.3	101	0	92	9.39	67.62
2010	303	17	0	12.8	101	0	10.5	7.15	69.04
2010	303	18	0	12.2	101	0	0	7.6	70.88
2010	303	19	0	11.7	100	0	0	8.05	77.72
2010	303	20	0	11.7	100	0	0	7.6	78.91
2010	303	21	0	11.1	100	0	0	8.94	79.87
2010	303	22	0	10.6	100	0	0	8.05	80.71
2010	303	23	0	10.6	100	0	0	7.15	86.81
2010	304	0	0	11.1	100	0	0	8.94	88.26
2010	304	1	0	10.6	100	0	0	8.05	90.09
2010	304	2	0	10.6	100	0	0	6.26	97.3
2010	304	3	0	10	100	0	0	6.26	96.63
2010	304	4	0	9.4	100	0	0	4.92	94.81
2010	304	5	0	9.4	100	0	0	6.71	99.2
2010	304	6	0	9.4	100	0	0	5.81	97.51
2010	304	7	0	9.4	100	0	28.5	4.92	89.07
2010	304	8	0	11.1	100	0	160.5	3.58	81.87
2010	304	9	0	13.3	100	0	341	3.13	70.9
2010	304	10	0	15	100	0	475.5	7.15	64.34
2010	304	11	0	13.9	100	0	562.5	8.94	57.54
2010	304	12	0	15.6	100	0	592	9.83	55.2
2010	304	13	0	14.4	100	0	560	8.94	52.82
2010	304	14	0	13.9	101	0	469	9.39	53.61
2010	304	15	0	12.2	101	0	329.5	11.62	54.91
2010	304	16	0	12.2	101	0	114.5	8.94	57.74
2010	304	17	0	10.6	101	0	19	8.94	62.72
2010	304	18	0	9.4	101	0	0	9.39	67.53
2010	304	19	0	8.9	101	0	0	7.15	71.96
2010	304	20	0	8.3	101	0	0	9.83	76.02
2010	304	21	0	7.8	101	0	0	8.94	75.17
2010	304	22	0	6.7	101	0	0	5.81	79.76
2010	304	23	0	6.7	101	0	0	7.15	85.32
2010	305	0	0	5.6	102	0	0	7.6	84.96
2010	305	1	0	5	102	0	0	5.81	84.16
2010	305	2	0	5	102	0	0	5.81	88.7
2010	305	3	0	3.9	102	0	0	5.81	86.8
2010	305	4	0	3.3	102	0	0	4.02	91.22
2010	305	5	0	3.3	102	0	0	5.81	89.8
2010	305	6	0	3.3	102	0	0	6.71	88.94
2010	305	7	0	3.3	102	0	32.5	6.71	83.08
2010	305	8	0	3.9	102	0	195	6.26	75.04
2010	305	9	0	4.4	102	0	362.5	5.81	67.86
2010	305	10	0	6.1	102	0	496.5	6.26	62.7
2010	305	11	0	7.2	102	0	579	4.47	58.59
2010	305	12	0	7.8	102	0	602.5	4.47	55.06
2010	305	13	0	8.9	102	0	565.5	4.92	51.93
2010	305	14	0	9.4	102	0	471	4.02	52.58
2010	305	15	0	9.4	102	0	329.5	6.26	53.8
2010	305	16	0	9.4	102	0	158	4.02	63.11
2010	305	17	0	8.3	102	0	17.5	3.58	73.22
2010	305	18	0	7.2	102	0	0	3.13	74.1
2010	305	19	0	7.2	102	0	0	6.26	80.36
2010	305	20	0	6.1	102	0	0	6.71	80.74
2010	305	21	0	5.6	102	0	0	5.81	86.17
2010	305	22	0	5	102	0	0	4.92	86.01
2010	305	23	0	4.4	102	0	0	4.47	92.66
2010	306	0	0	3.9	102	0	0	4.92	92.77
2010	306	1	0	4.4	102	0	0	4.92	92.76
2010	306	2	0	4.4	102	0	0	5.81	92.47
2010	306	3	0	3.9	102	0	0	5.81	91.87
2010	306	4	0	3.3	102	0	0	3.58	97.59
2010	306	5	0	3.3	102	0	0	4.02	96.43
2010	306	6	0	2.8	102	0	0	3.13	95.04
2010	306	7	0	3.3	103	0	31	3.13	89.02
2010	306	8	0	5.6	103	0	190.5	4.92	76.6
2010	306	9	0	7.2	103	0	358.5	5.81	63.23
2010	306	10	0	8.3	102	0	493	4.47	57.14
2010	306	11	0	8.9	102	0	577	3.13	56.58
2010	306	12	0	10	102	0	601.5	2.68	52.29
2010	306	13	0	10	102	0	564.5	4.92	51.92
2010	306	14	0	10.6	102	0	469.5	4.02	48.34
2010	306	15	0	10.6	102	0	326.5	2.68	48.45
2010	306	16	0	10	102	0	155	3.13	60.35
2010	306	17	0	8.9	102	0	16	2.24	52.95
2010	306	18	0	7.2	102	0	0	2.24	51.94
2010	306	19	0	6.1	102	0	0	2.24	54.84
2010	306	20	0	5	102	0	0	2.68	54.08
2010	306	21	0	6.7	102	0	0	0.01	53.34
2010	306	22	0	5.6	102	0	0	0.01	57.26
2010	306	23	0	2.8	102	0	0	1.34	57.82
2010	307	0	0	2.8	102	0	0	0.01	58.54
2010	307	1	0	4.4	102	0	0	2.24	63.3
2010	307	2	0	5.6	102	0	0	1.34	63.25
2010	307	3	0	3.3	102	0	0	1.34	63.97
2010	307	4	0	2.2	102	0	0	1.34	65.2
2010	307	5	0	3.3	102	0	0	0.01	66.02
2010	307	6	0	5	102	0	0	0.01	66.54
2010	307	7	0	2.8	102	0	27.5	1.34	69.07
2010	307	8	0	5.6	102	0	179.5	0.01	63.78
2010	307	9	0	9.4	102	0	345.5	0.01	60.26
2010	307	10	0	10	102	0	478	1.34	53.43
2010	307	11	0	10.6	102	0	560.5	1.34	54.44
2010	307	12	0	11.1	101	0	583.5	3.58	52.07
2010	307	13	0	11.1	101	0	545.5	4.02	53.51
2010	307	14	0	11.1	101	0	450.5	4.02	55.31
2010	307	15	0	10.6	101	0	310	4.47	61.93
2010	307	16	0	10.6	101	0	142.5	4.92	72.08
2010	307	17	0	10	101	0	13.5	4.92	82.53
2010	307	18	0	10	101	0	0	4.47	84.35
2010	307	19	0	9.4	101	0	0	3.58	85.94
2010	307	20	0	9.4	101	0	0	3.58	87.51
2010	307	21	0	10	101	0	0	4.02	83.49
2010	307	22	0	10	101	0	0	4.47	84.81
2010	307	23	0	10	101	0	0	4.02	86.3
2010	308	0	0	10.6	101	0	0	3.13	88.58
2010	308	1	0	10	101	0	0	3.13	91.65
2010	308	2	0	10	101	0	0	2.68	95.24
2010	308	3	0	9.4	100	0	0	1.34	99.7
2010	308	4	0	8.9	100	0	0	2.24	97.36
2010	308	5	0	8.9	100	2.79	0	3.58	100
2010	308	6	0	8.9	100	1.78	0	5.81	100
2010	308	7	0	8.9	100	1.78	2.5	5.81	100
2010	308	8	0	8.3	100	3.05	37	6.26	100
2010	308	9	0	8.9	100	1.02	31	6.71	97.38
2010	308	10	0	9.4	100	1.78	37	7.6	98.26
2010	308	11	0	9.4	99	3.05	88.5	8.94	99.08
2010	308	12	0	9.4	99	2.29	108.5	6.71	100
2010	308	13	0	10	99	2.03	152.5	7.15	100
2010	308	14	0	10	99	0.51	153.5	8.05	100
2010	308	15	0	10	99	0	61	7.15	100
2010	308	16	0	10	99	0	23	4.92	100
2010	308	17	0	10	99	0.25	2	5.81	100
2010	308	18	0	10	99	0	0	4.92	99.83
2010	308	19	0	10	99	1.02	0	4.02	99.26
2010	308	20	0	10.6	99	0.25	0	2.68	99.39
2010	308	21	0	10.6	99	0	0	4.47	98.78
2010	308	22	0	10.6	99	0.25	0	4.47	97.19
2010	308	23	0	10	99	0	0	4.47	100
2010	309	0	0	10	99	0	0	4.47	100
2010	309	1	0	9.4	99	0	0	3.58	99.82
2010	309	2	0	8.9	99	0.25	0	5.81	98.26
2010	309	3	0	8.9	99	0	0	5.81	97.85
2010	309	4	0	8.3	99	0.51	0	4.47	97.83
2010	309	5	0	8.3	99	0.76	0	5.81	98.95
2010	309	6	0	8.3	99	0.25	0	6.26	97.81
2010	309	7	0	8.3	99	0.25	1.5	3.13	95.84
2010	309	8	0	8.9	99	0	22	3.58	95.47
2010	309	9	0	9.4	99	0	85.5	4.92	90.57
2010	309	10	0	9.4	99	0	238.5	6.26	85.87
2010	309	11	0	10.6	99	0	116	4.47	79.36
2010	309	12	0	11.1	99	0	122	7.6	77.82
2010	309	13	0	11.1	99	0	314	6.71	71.81
2010	309	14	0	11.1	100	0	434	7.6	70.94
2010	309	15	0	11.1	100	0	246	7.15	70.8
2010	309	16	0	11.1	100	0	32.5	8.94	77.24
2010	309	17	0	10.6	100	0	11	6.26	87.58
2010	309	18	0	10	100	0	0	4.47	87.78
2010	309	19	0	10	100	0	0	4.92	88.39
2010	309	20	0	9.4	100	0	0	4.02	95.45
2010	309	21	0	8.9	100	0	0	4.47	95.83
2010	309	22	0	8.9	100	0	0	2.68	100
2010	309	23	0	8.3	101	0	0	3.58	100
2010	310	0	0	7.8	101	0	0	4.92	97.22
2010	310	1	0	7.2	101	0	0	4.92	99.25
2010	310	2	0	6.7	101	0	0	3.13	96.07
2010	310	3	0	6.7	101	0	0	3.58	100
2010	310	4	0	6.1	101	0	0	3.13	98.47
2010	310	5	0	5.6	101	0	0	2.24	96.87
2010	310	6	0	5	101	0	0	3.58	95.47
2010	310	7	0	4.4	101	0	23	4.02	95.54
2010	310	8	0	6.7	101	0	166.5	4.47	83.14
2010	310	9	0	7.8	101	0	329.5	7.6	76.32
2010	310	10	0	8.9	101	0	461	6.26	70.33
2010	310	11	0	8.9	101	0	543.5	6.26	65.25
2010	310	12	0	10	101	0	450.5	4.02	60.63
2010	310	13	0	11.1	101	0	403	4.47	60.17
2010	310	14	0	10.6	101	0	214	4.92	59.9
2010	310	15	0	10	101	0	165	5.81	60.62
2010	310	16	0	10	102	0	79	4.92	68.83
2010	310	17	0	9.4	102	0	6	6.26	79.22
2010	310	18	0	8.9	102	0	0	5.81	79.01
2010	310	19	0	7.8	102	0	0	8.05	84.59
2010	310	20	0	7.2	102	0	0	7.6	90.22
2010	310	21	0	7.2	102	0	0	7.15	89.53
2010	310	22	0	6.7	102	0	0	6.71	95.19
2010	310	23	0	6.7	102	0	0	8.05	94.65
2010	311	0	0	6.7	102	0	0	6.26	94.29
2010	311	1	0	6.7	102	0	0	7.15	93.77
2010	311	2	0	6.1	102	0	0	5.81	99.67
2010	311	3	0	5	102	0	0	4.92	98.52
2010	311	4	0	4.4	102	0	0	6.26	97.06
2010	311	5	0	3.9	102	0	0	4.92	95.13
2010	311	6	0	3.9	102	0	0	6.26	100
2010	311	7	0	3.9	102	0	21.5	7.15	91.65
2010	311	8	0	3.9	102	0	161.5	6.26	83.58
2010	311	9	0	5.6	102	0	325.5	7.6	76.17
2010	311	10	0	7.2	102	0	458	7.15	70.34
2010	311	11	0	8.9	102	0	542	7.15	65.22
2010	311	12	0	9.4	102	0	568	7.15	60.41
2010	311	13	0	10.6	101	0	533	7.6	56.01
2010	311	14	0	10.6	101	0	440.5	8.05	55.56
2010	311	15	0	10.6	101	0	300.5	8.05	55.35
2010	311	16	0	10	101	0	133.5	7.15	60.96
2010	311	17	0	8.9	101	0	10	5.81	71.02
2010	311	18	0	8.3	101	0	0	7.15	71.58
2010	311	19	0	7.2	101	0	0	5.81	77.21
2010	311	20	0	7.2	101	0	0	7.6	77.17
2010	311	21	0	6.1	101	0	0	7.15	82.79
2010	311	22	0	6.1	101	0	0	4.92	83.49
2010	311	23	0	6.1	101	0	0	7.15	84.45
2010	312	0	0	5.6	101	0	0	9.39	84.85
2010	312	1	0	5.6	101	0	0	6.26	84.7
2010	312	2	0	5	100	0	0	10.28	83.96
2010	312	3	0	5	100	0	0	8.05	88.49
2010	312	4	0	5.6	100	0	0	10.73	86.67
2010	312	5	0	5.6	100	0	0	10.73	85.7
2010	312	6	0	6.1	100	0	0	9.39	80.2
2010	312	7	0	6.7	100	0	2.5	10.28	75.7
2010	312	8	0	6.7	100	0	28	9.39	77.55
2010	312	9	0	7.2	100	0	111	11.18	81.21
2010	312	10	0	5.6	100	0	76	10.73	84.12
2010	312	11	0	5.6	100	0	108.5	10.73	85.81
2010	312	12	0	5.6	100	0.25	244.5	9.83	80.77
2010	312	13	0	6.7	100	0.51	198	13.86	74.68
2010	312	14	0	6.7	100	0	153	12.96	74.42
2010	312	15	0	7.2	100	0	70	10.73	74.81
2010	312	16	0	6.7	100	0	31	8.05	74.5
2010	312	17	0	6.7	100	0	2	7.6	79.1
2010	312	18	0	6.1	100	0	0	10.28	84
2010	312	19	0	6.1	100	0	0	7.6	83.32
2010	312	20	0	5.6	100	0	0	8.94	89.11
2010	312	21	0	5.6	100	0	0	8.05	89.33
2010	312	22	0	5.6	100	0	0	11.18	89.63
2010	312	23	0	5	100	0	0	9.39	90.42
2010	313	0	0	5.6	100	0	0	9.83	91.35
2010	313	1	0	5	100	0	0	7.6	92.28
2010	313	2	0	5	100	0	0	8.94	93.04
2010	313	3	0	5.6	100	0	0	6.26	93.62
2010	313	4	0	5	100	0	0	8.94	94.17
2010	313	5	0	5.6	100	0	0	6.26	94.6
2010	313	6	0	5.6	100	0	0	8.05	95.11
2010	313	7	0	5.6	100	0	19	8.94	96.02
2010	313	8	0	7.2	101	0	154.5	9.39	85.39
2010	313	9	0	8.9	101	0	314.5	11.18	82.55
2010	313	10	0	10	101	0	445.5	9.83	75.31
2010	313	11	0	11.1	101	0	527.5	11.62	73.38
2010	313	12	0	11.1	100	0	551	12.52	71.32
2010	313	13	0	12.2	100	0	513.5	10.73	73.82
2010	313	14	0	12.2	100	0	420.5	10.73	75.69
2010	313	15	0	11.7	101	0	283	10.28	76.7
2010	313	16	0	11.1	101	0	121.5	8.94	82.49
2010	313	17	0	10.6	101	0	8	9.83	88.65
2010	313	18	0	10	101	0	0	6.71	89.62
2010	313	19	0	10	101	0	0	9.39	90.6
2010	313	20	0	9.4	101	0	0	7.15	91
2010	313	21	0	10	101	0	0	7.6	90.23
2010	313	22	0	10	101	0	0	8.05	88.43
2010	313	23	0	10	101	0	0	7.15	92.52
2010	314	0	0	10	101	0	0	6.71	90.72
2010	314	1	0	9.4	101	0	0	6.26	89.61
2010	314	2	0	9.4	101	0	0	7.15	88.61
2010	314	3	0	8.9	101	0	0	6.71	93.7
2010	314	4	0	9.4	101	0	0	7.15	92.9
2010	314	5	0	9.4	101	0	0	6.71	92.61
2010	314	6	0	9.4	101	0	0	6.26	92.18
2010	314	7	0	9.4	101	0	17	5.81	92.22
2010	314	8	0	10.6	101	0	81.5	8.05	85.92
2010	314	9	0	11.1	101	0	117	7.6	74.37
2010	314	10	0	10.6	101	0	150.5	6.71	74.14
2010	314	11	0	11.1	101	0	346	5.81	68.94
2010	314	12	0	12.2	101	0	431.5	7.6	69.1
2010	314	13	0	12.8	101	0	325	7.15	65.51
2010	314	14	0	13.3	101	0	311	6.26	66.47
2010	314	15	0	14.4	101	0	270.5	6.26	67.49
2010	314	16	0	13.9	101	0	97.5	4.92	73.33
2010	314	17	0	11.7	101	0	7	7.6	80.82
2010	314	18	0	10.6	101	0	0	6.26	83.68
2010	314	19	0	10	102	0	0	5.81	81.65
2010	314	20	0	8.9	102	0	0	4.02	85.8
2010	314	21	0	8.3	102	0	0	4.47	90.15
2010	314	22	0	8.3	102	0	0	6.71	88.63
2010	314	23	0	7.8	102	0	0	6.26	93.47
2010	315	0	0	7.8	102	0	0	7.6	92.94
2010	315	1	0	7.2	102	0	0	6.26	92.48
2010	315	2	0	6.1	102	0	0	5.81	98.24
2010	315	3	0	6.1	102	0	0	4.92	97.25
2010	315	4	0	5.6	102	0	0	4.47	95.74
2010	315	5	0	5.6	102	0	0	4.92	94.86
2010	315	6	0	5	102	0	0	3.58	100
2010	315	7	0	5.6	102	0	17	4.47	93.13
2010	315	8	0	7.2	102	0	152.5	6.26	84.96
2010	315	9	0	7.8	102	0	317.5	8.94	70.7
2010	315	10	0	8.9	102	0	451.5	7.6	64.36
2010	315	11	0	10	102	0	536	4.92	59.14
2010	315	12	0	10.6	102	0	561.5	3.58	54.49
2010	315	13	0	12.2	102	0	526.5	4.47	50.56
2010	315	14	0	13.3	102	0	433.5	3.58	48
2010	315	15	0	13.3	102	0	293	4.02	56.51
2010	315	16	0	13.3	102	0	125.5	4.02	69.09
2010	315	17	0	11.7	102	0	7	3.13	70.33
2010	315	18	0	10.6	102	0	0	3.58	77.68
2010	315	19	0	8.3	102	0	0	3.13	79.29
2010	315	20	0	8.9	102	0	0	3.13	85.76
2010	315	21	0	7.8	102	0	0	3.58	85.6
2010	315	22	0	7.8	102	0	0	3.58	90.65
2010	315	23	0	7.2	102	0	0	2.68	88.98
2010	316	0	0	6.7	102	0	0	2.68	94.12
2010	316	1	0	6.1	102	0	0	3.58	93.08
2010	316	2	0	5.6	102	0	0	3.13	91.74
2010	316	3	0	5	102	0	0	3.13	96.73
2010	316	4	0	5.6	102	0	0	3.58	94.86
2010	316	5	0	6.1	102	0	0	4.02	92.92
2010	316	6	0	6.1	102	0	0	3.58	91.35
2010	316	7	0	6.1	102	0	16.5	3.13	85.27
2010	316	8	0	8.3	102	0	153	4.47	75.49
2010	316	9	0	10.6	102	0	317	6.71	66.36
2010	316	10	0	12.8	102	0	449.5	6.71	57.76
2010	316	11	0	14.4	102	0	531.5	5.81	50.89
2010	316	12	0	15.6	102	0	555	6.26	48.01
2010	316	13	0	17.2	102	0	517	5.81	45.19
2010	316	14	0	17.8	102	0	423	4.02	47.25
2010	316	15	0	17.8	102	0	283	2.68	62.05
2010	316	16	0	16.1	102	0	118.5	3.13	69.25
2010	316	17	0	13.9	102	0	0	3.58	72.69
2010	316	18	0	12.8	102	0	0	4.02	71.91
2010	316	19	0	12.2	102	0	0	4.47	75.93
2010	316	20	0	11.1	102	0	0	2.68	75.3
2010	316	21	0	10	102	0	0	4.02	80.48
2010	316	22	0	8.9	102	0	0	2.68	80.53
2010	316	23	0	8.3	102	0	0	2.24	85.66
2010	317	0	0	9.4	102	0	0	4.02	84.53
2010	317	1	0	9.4	102	0	0	4.02	89.47
2010	317	2	0	8.3	102	0	0	3.13	88.57
2010	317	3	0	7.2	102	0	0	3.13	87.08
2010	317	4	0	7.8	102	0	0	3.13	91.07
2010	317	5	0	6.7	102	0	0	2.68	88
2010	317	6	0	7.2	102	0	0	3.13	84.78
2010	317	7	0	7.2	102	0	15	3.58	78.72
2010	317	8	0	10	102	0	147	2.24	69
2010	317	9	0	12.8	102	0	309	4.92	61.87
2010	317	10	0	15	102	0	441	4.47	58.56
2010	317	11	0	16.7	102	0	523.5	3.58	55.56
2010	317	12	0	17.2	102	0	547.5	4.47	55.57
2010	317	13	0	18.3	101	0	511.5	4.02	54.29
2010	317	14	0	18.3	101	0	419.5	2.68	55.46
2010	317	15	0	18.9	101	0	281.5	2.24	60.34
2010	317	16	0	15	101	0	117.5	2.24	57.95
2010	317	17	0	12.8	101	0	0	2.24	57.28
2010	317	18	0	10.6	101	0	0	1.34	55.75
2010	317	19	0	11.7	101	0	0	1.34	58.62
2010	317	20	0	11.1	101	0	0	2.24	58.22
2010	317	21	0	9.4	101	0	0	0.01	62.32
2010	317	22	0	7.8	101	0	0	0.01	68.91
2010	317	23	0	7.2	101	0	0	0.01	71.11
2010	318	0	0	6.1	101	0	0	0.01	72.65
2010	318	1	0	6.1	101	0	0	0.01	79.7
2010	318	2	0	6.1	101	0	0	0.01	87.78
2010	318	3	0	4.4	101	0	0	1.34	97.03
2010	318	4	0	5	101	0	0	1.34	100
2010	318	5	0	4.4	101	0	0	0.01	100
2010	318	6	0	5	101	0	0	0.01	100
2010	318	7	0	4.4	101	0	12	0.01	100
2010	318	8	0	8.3	101	0	134.5	0.01	92.66
2010	318	9	0	11.7	101	0	211.5	0.01	89.24
2010	318	10	0	13.3	101	0	337.5	2.24	81.37
2010	318	11	0	15	101	0	425.5	2.68	72.26
2010	318	12	0	15.6	101	0	454.5	4.92	72.96
2010	318	13	0	15.6	101	0	425.5	4.47	73.41
2010	318	14	0	14.4	101	0	348.5	4.92	73.94
2010	318	15	0	14.4	101	0	243.5	4.02	82.85
2010	318	16	0	12.8	101	0	105.5	3.58	93.55
2010	318	17	0	11.1	101	0	0	3.58	98.41
2010	318	18	0	10	101	0	0	3.13	100
2010	318	19	0	10	101	0	0	2.68	100
2010	318	20	0	8.9	101	0	0	2.24	100
2010	318	21	0	9.4	101	0	0	2.68	100
2010	318	22	0	9.4	101	0	0	2.68	100
2010	318	23	0	10	101	0	0	3.58	100
2010	319	0	0	10	101	0	0	2.24	100
2010	319	1	0	10	101	0	0	2.24	100
2010	319	2	0	10	101	0	0	2.68	100
2010	319	3	0	10	101	0	0	2.24	100
2010	319	4	0	10	101	0	0	2.24	100
2010	319	5	0	8.9	101	0	0	2.24	100
2010	319	6	0	9.4	101	0	0	2.24	100
2010	319	7	0	9.4	101	0	0	2.68	100
2010	319	8	0	10.6	101	0	16.5	2.24	100
2010	319	9	0	11.7	101	0	138	3.13	96.81
2010	319	10	0	12.8	101	0	229.5	3.58	90.85
2010	319	11	0	12.8	101	0	306	3.13	89.88
2010	319	12	0	14.4	101	0	299	2.24	82.51
2010	319	13	0	13.9	101	0	230.5	2.24	80.32
2010	319	14	0	15	101	0	169	3.58	79.25
2010	319	15	0	13.9	101	0	151	4.47	81.85
2010	319	16	0	12.8	101	0	71	2.24	83.55
2010	319	17	0	11.7	101	0	0	2.24	88.14
2010	319	18	0	11.1	101	0	0	2.24	94.16
2010	319	19	0	11.1	101	0	0	1.34	100
2010	319	20	0	10.6	101	0	0	1.34	100
2010	319	21	0	11.1	101	0	0	1.34	100
2010	319	22	0	11.7	101	0	0	0.01	100
2010	319	23	0	11.1	101	0	0	2.24	100
2010	320	0	0	10.6	101	0	0	2.24	100
2010	320	1	0	11.1	101	0	0	0.01	98.51
2010	320	2	0	11.1	101	0	0	1.34	98.49
2010	320	3	0	11.1	101	0	0	1.34	98.35
2010	320	4	0	11.1	101	0.25	0	1.34	100
2010	320	5	0	11.1	101	0.51	0	2.68	100
2010	320	6	0	11.1	101	0.51	0	2.68	100
2010	320	7	0	11.1	101	0	1.5	3.13	100
2010	320	8	0	11.1	101	0	13	3.13	100
2010	320	9	0	11.1	101	0	151.5	3.13	99.97
2010	320	10	0	12.2	101	0	212	3.58	100
2010	320	11	0	12.8	101	0	207	4.02	95.01
2010	320	12	0	12.8	101	0	183	4.02	94.74
2010	320	13	0	12.8	101	0	126	4.02	95.09
2010	320	14	0	13.3	101	0	124	4.92	95.74
2010	320	15	0	12.8	101	0	76	4.47	100
2010	320	16	0	12.8	101	0	4	4.47	100
2010	320	17	0	12.8	101	0	0	6.26	100
2010	320	18	0	12.8	101	0	0	6.71	100
2010	320	19	0	12.8	101	0	0	6.71	100
2010	320	20	0	13.3	100	0	0	8.05	100
2010	320	21	0	12.8	100	1.52	0	8.05	98.05
2010	320	22	0	13.3	100	2.29	0	4.92	100
2010	320	23	0	14.4	100	2.79	0	7.15	100
2010	321	0	0	15	100	0.76	0	9.39	100
2010	321	1	0	15	100	6.6	0	5.81	100
2010	321	2	0	15.6	100	1.02	0	9.83	99.63
2010	321	3	0	15.6	100	0.25	0	9.83	100
2010	321	4	0	15	100	0.76	0	9.83	100
2010	321	5	0	15	99	1.78	0	11.18	99
2010	321	6	0	14.4	99	0.51	0	5.81	97.08
2010	321	7	0	13.9	99	0	8.5	8.05	100
2010	321	8	0	13.9	99	0	118	7.15	93.93
2010	321	9	0	15	99	0	270.5	9.83	81.72
2010	321	10	0	16.1	100	0	397.5	10.28	69.07
2010	321	11	0	16.1	100	0	478	11.62	63.86
2010	321	12	0	15.6	100	0	502.5	11.62	64.15
2010	321	13	0	15.6	100	0	471	11.62	59.43
2010	321	14	0	16.1	100	0	385	11.18	62.01
2010	321	15	0	15.6	100	0	221.5	15.2	61.06
2010	321	16	0	14.4	100	0	99.5	16.09	64.56
2010	321	17	0	13.3	100	0	0	11.18	68.83
2010	321	18	0	12.8	100	0	0	11.18	68.5
2010	321	19	0	11.7	100	0	0	9.83	72.3
2010	321	20	0	12.2	101	0	0	13.41	76.63
2010	321	21	0	11.7	101	0	0	9.39	76.44
2010	321	22	0	11.7	101	0	0	8.94	81.29
2010	321	23	0	11.1	101	0	0	7.15	81.33
2010	322	0	0	11.1	101	0	0	5.81	81.5
2010	322	1	0	10.6	101	0	0	6.26	87.51
2010	322	2	0	10	101	0	0	7.6	88.31
2010	322	3	0	8.9	101	0	0	4.92	95.35
2010	322	4	0	8.9	101	0	0	4.92	95.77
2010	322	5	0	8.3	101	0	0	4.92	100
2010	322	6	0	7.8	101	0	0	4.92	100
2010	322	7	0	7.8	101	0	8.5	5.81	95.66
2010	322	8	0	8.9	101	0	117.5	4.47	90.21
2010	322	9	0	10	101	0	219	6.26	78.39
2010	322	10	0	11.7	101	0	283	5.81	71.31
2010	322	11	0	11.7	101	0	404.5	6.71	65.62
2010	322	12	0	12.2	101	0	418	4.47	64.72
2010	322	13	0	12.8	101	0	363	4.92	64.44
2010	322	14	0	12.8	101	0	267	5.81	65.5
2010	322	15	0	11.7	101	0	102	7.15	70.33
2010	322	16	0	11.7	101	0	59.5	7.15	77.88
2010	322	17	0	11.7	101	0	0	6.71	83.62
2010	322	18	0	11.7	101	0	0	5.81	85.3
2010	322	19	0	11.1	101	0	0	6.71	92.46
2010	322	20	0	11.1	101	0	0	5.81	92.54
2010	322	21	0	9.4	101	0.25	0	8.05	91.43
2010	322	22	0	8.9	101	0	0	4.92	96.05
2010	322	23	0	8.3	101	0	0	7.6	93.38
2010	323	0	0	7.8	101	0	0	4.92	97.16
2010	323	1	0	7.2	101	0	0	4.92	100
2010	323	2	0	7.2	101	0	0	7.15	94.81
2010	323	3	0	6.1	101	0	0	5.81	98.4
2010	323	4	0	5.6	101	0	0	5.81	96.51
2010	323	5	0	5.6	102	0	0	5.81	95.24
2010	323	6	0	5.6	102	0	0	4.92	94.39
2010	323	7	0	5	102	0	8	4.92	93.62
2010	323	8	0	6.1	102	0	120.5	6.26	85.28
2010	323	9	0	7.2	102	0	234.5	7.6	73.26
2010	323	10	0	7.2	102	0	329.5	8.05	69.15
2010	323	11	0	8.9	102	0	366	5.81	63.09
2010	323	12	0	9.4	102	0	513	6.26	57.72
2010	323	13	0	8.9	102	0	478	4.02	56.35
2010	323	14	0	9.4	102	0	388	6.26	55.44
2010	323	15	0	8.9	102	0	253.5	3.58	56.17
2010	323	16	0	8.3	102	0	97.5	4.92	69.62
2010	323	17	0	7.2	102	0	0	4.02	71.43
2010	323	18	0	6.7	102	0	0	4.02	69.2
2010	323	19	0	6.1	102	0	0	2.68	66.45
2010	323	20	0	5	102	0	0	2.24	64.92
2010	323	21	0	5	102	0	0	0.01	69.7
2010	323	22	0	4.4	102	0	0	0.01	71.57
2010	323	23	0	4.4	102	0	0	3.13	79.44
2010	324	0	0	3.9	102	0	0	4.02	81.98
2010	324	1	0	5.6	102	0	0	4.92	85.16
2010	324	2	0	6.7	102	0	0	6.26	89.9
2010	324	3	0	6.7	102	0	0	7.15	88.89
2010	324	4	0	6.7	101	0	0	7.15	93.51
2010	324	5	0	6.7	101	0	0	7.15	97.26
2010	324	6	0	6.7	101	0	0	8.94	94.02
2010	324	7	0	6.7	101	0	5	7.6	96.09
2010	324	8	0	7.2	101	0	94	6.71	91.15
2010	324	9	0	8.3	101	0	211	8.05	86.07
2010	324	10	0	10	101	0	310.5	7.15	76.51
2010	324	11	0	10.6	101	0	310.5	8.05	72.3
2010	324	12	0	12.8	101	0	386	9.83	67.64
2010	324	13	0	13.3	101	0	386	9.39	66.95
2010	324	14	0	12.8	101	0	304	8.05	66.3
2010	324	15	0	12.2	101	0	159	8.05	66.39
2010	324	16	0	11.7	101	0	53	8.94	72.09
2010	324	17	0	11.1	102	0	0	6.71	78.24
2010	324	18	0	10.6	102	0	0	6.71	84.11
2010	324	19	0	11.1	102	0	0	6.71	83.68
2010	324	20	0	10.6	102	0	0	5.81	87.81
2010	324	21	0	10	102	0	0	4.02	88.67
2010	324	22	0	9.4	102	0	0	4.02	86.39
2010	324	23	0	8.3	102	0	0	5.81	85.95
2010	325	0	0	7.8	102	0	0	4.92	83.54
2010	325	1	0	6.1	102	0	0	3.58	82.31
2010	325	2	0	5	102	0	0	2.24	87.49
2010	325	3	0	3.3	102	0	0	2.68	86.81
2010	325	4	0	3.9	102	0	0	2.24	85.83
2010	325	5	0	2.8	102	0	0	2.68	83.8
2010	325	6	0	3.9	102	0	0	4.02	82.49
2010	325	7	0	3.9	103	0	0	3.58	81.74
2010	325	8	0	5	103	0	60	3.58	73.78
2010	325	9	0	6.1	103	0	237.5	4.02	64.27
2010	325	10	0	7.2	103	0	392	4.02	58.21
2010	325	11	0	7.8	103	0	472.5	2.68	53.49
2010	325	12	0	8.3	103	0	496.5	0.01	53.48
2010	325	13	0	8.9	103	0	462	4.47	50.7
2010	325	14	0	8.3	103	0	374	4.02	52.16
2010	325	15	0	8.3	103	0	243	2.24	60.37
2010	325	16	0	7.8	103	0	90.5	4.02	73.4
2010	325	17	0	6.7	103	0	0	3.58	74.46
2010	325	18	0	6.1	103	0	0	4.02	82.52
2010	325	19	0	6.1	102	0	0	2.24	85.86
2010	325	20	0	5.6	102	0	0	2.24	89.44
2010	325	21	0	7.8	102	0	0	3.13	87.76
2010	325	22	0	7.8	102	0	0	3.58	91.8
2010	325	23	0	7.8	102	0	0	3.13	95.37
2010	326	0	0	8.3	102	0	0	2.68	92.52
2010	326	1	0	9.4	102	0	0	3.58	96.33
2010	326	2	0	10	102	0	0	1.34	93.54
2010	326	3	0	7.8	102	0	0	2.68	97.14
2010	326	4	0	8.3	102	0	0	2.68	100
2010	326	5	0	8.3	102	0	0	3.13	98
2010	326	6	0	10.6	102	0	0	2.68	100
2010	326	7	0	11.7	102	0	0	4.02	100
2010	326	8	0	11.7	102	0	91	4.92	100
2010	326	9	0	12.8	102	0	233.5	6.71	91.31
2010	326	10	0	13.9	102	0	357.5	6.71	87.95
2010	326	11	0	14.4	102	0	438	6.71	83.54
2010	326	12	0	14.4	102	0	464	7.15	83.93
2010	326	13	0	15	102	0	432.5	8.94	78.58
2010	326	14	0	15	102	0	348	6.71	78.65
2010	326	15	0	14.4	102	0	223.5	6.26	85.06
2010	326	16	0	13.9	102	0	81	7.6	96.21
2010	326	17	0	12.8	102	0	0	7.15	95.09
2010	326	18	0	12.8	102	0	0	5.81	100
2010	326	19	0	12.2	102	0	0	5.81	100
2010	326	20	0	11.7	102	0	0	4.02	100
2010	326	21	0	10.6	101	0	0	2.68	100
2010	326	22	0	11.1	101	0	0	4.47	100
2010	326	23	0	10	101	0	0	2.68	100
2010	327	0	0	10.6	101	0	0	2.24	100
2010	327	1	0	10.6	101	0	0	3.58	100
2010	327	2	0	10.6	101	0	0	2.24	100
2010	327	3	0	11.1	101	0	0	4.02	100
2010	327	4	0	10	101	0	0	3.58	100
2010	327	5	0	10.6	101	0	0	3.13	100
2010	327	6	0	10.6	101	0	0	4.02	100
2010	327	7	0	10.6	101	0	0	4.47	100
2010	327	8	0	11.1	101	0	92	4.47	100
2010	327	9	0	12.2	101	0	214.5	5.81	94.48
2010	327	10	0	13.3	101	0	321	4.02	91.58
2010	327	11	0	13.9	101	0	313	4.47	86.99
2010	327	12	0	15.6	100	0	219.5	5.81	87.61
2010	327	13	0	14.4	100	0	219	5.81	88.85
2010	327	14	0	15	100	0	206.5	5.81	89.68
2010	327	15	0	15	100	0	102.5	5.81	95.92
2010	327	16	0	14.4	100	0	30	6.26	95.58
2010	327	17	0	15.6	100	0	0	4.92	100
2010	327	18	0	13.9	100	0	0	6.26	99.67
2010	327	19	0	13.3	100	0	0	4.92	100
2010	327	20	0	13.3	100	0	0	7.15	100
2010	327	21	0	13.3	101	0	0	4.47	96.9
2010	327	22	0	14.4	101	0	0	6.26	95.68
2010	327	23	0	13.9	101	0	0	9.83	88.72
2010	328	0	0	10	101	0	0	7.6	79.44
2010	328	1	0	9.4	101	0	0	5.81	73.9
2010	328	2	0	8.9	101	0	0	7.6	70.76
2010	328	3	0	8.3	101	0	0	10.28	70.44
2010	328	4	0	6.1	101	0	0	13.41	74.44
2010	328	5	0	5.6	101	0	0	9.83	74.64
2010	328	6	0	5.6	101	0	0	9.83	80.06
2010	328	7	0	5	101	0	0	9.39	74.57
2010	328	8	0	5.6	101	0	105.5	10.28	74.25
2010	328	9	0	6.7	101	0	260	10.73	67.8
2010	328	10	0	7.8	101	0	393	9.39	62
2010	328	11	0	8.3	101	0	480.5	10.28	55.67
2010	328	12	0	9.4	101	0	510	7.6	49.79
2010	328	13	0	10	101	0	480	7.6	48.15
2010	328	14	0	10.6	102	0	391	9.39	47.65
2010	328	15	0	10	102	0	147.5	9.39	49.3
2010	328	16	0	8.9	102	0	44	7.15	56.05
2010	328	17	0	8.9	102	0	0	7.6	61.39
2010	328	18	0	7.8	102	0	0	7.15	65.56
2010	328	19	0	7.8	102	0	0	5.81	64.57
2010	328	20	0	7.2	102	0	0	4.47	64.51
2010	328	21	0	6.7	102	0	0	4.92	68.63
2010	328	22	0	6.1	102	0	0	3.58	67.71
2010	328	23	0	6.1	102	0	0	4.47	71.18
2010	329	0	0	5.6	102	0	0	4.47	75.39
2010	329	1	0	5	102	0	0	4.02	74.13
2010	329	2	0	5	102	0	0	3.13	72.92
2010	329	3	0	5	102	0	0	3.58	72.2
2010	329	4	0	5	102	0	0	2.68	70.85
2010	329	5	0	4.4	102	0	0	4.02	70.36
2010	329	6	0	4.4	102	0	0	1.34	69.26
2010	329	7	0	3.9	102	0	0	3.13	68.87
2010	329	8	0	4.4	102	0	39	1.34	61.15
2010	329	9	0	5	102	0	106	2.68	50.48
2010	329	10	0	5	102	0	283	0.01	46.38
2010	329	11	0	6.1	102	0	159.5	0.01	46.49
2010	329	12	0	6.1	101	0	224	2.68	48.12
2010	329	13	0	6.1	101	0	269	5.81	56.95
2010	329	14	0	5	101	0	161.5	4.02	70.03
2010	329	15	0	4.4	101	0.51	48	2.68	83.68
2010	329	16	0	4.4	101	0	22	2.24	88.34
2010	329	17	0	3.9	101	1.02	0	1.34	91.55
2010	329	18	0	4.4	101	0	0	0.01	95.14
2010	329	19	0	4.4	101	0	0	1.34	91.65
2010	329	20	0	5	101	0	0	2.68	95.04
2010	329	21	0	6.7	101	0	0	4.92	92.92
2010	329	22	0	7.8	101	0	0	4.92	91.31
2010	329	23	0	8.9	100	0	0	4.02	90.89
2010	330	0	0	10	100	0	0	4.47	98.07
2010	330	1	0	8.9	100	0.51	0	4.47	99.24
2010	330	2	0	9.4	100	0.25	0	4.02	99.17
2010	330	3	0	11.7	100	0	0	4.47	100
2010	330	4	0	12.2	100	0.25	0	7.15	99.38
2010	330	5	0	12.2	100	0.51	0	4.92	100
2010	330	6	0	11.7	99	0.76	0	3.13	100
2010	330	7	0	11.7	99	0	0	4.47	100
2010	330	8	0	11.1	99	0	21.5	4.47	100
2010	330	9	0	11.1	100	0	69	4.47	100
2010	330	10	0	11.1	100	0	90.5	6.26	91.05
2010	330	11	0	11.1	100	0	94.5	4.92	81.62
2010	330	12	0	11.1	100	0	27	6.26	69.03
2010	330	13	0	11.1	100	0	111.5	8.94	65.14
2010	330	14	0	10	100	0	183	7.6	60.47
2010	330	15	0	10	100	0	137.5	6.26	62.95
2010	330	16	0	9.4	100	0	46	7.15	67.83
2010	330	17	0	8.9	100	0	0	6.26	73.21
2010	330	18	0	7.8	100	0	0	7.15	72.55
2010	330	19	0	7.2	100	0	0	6.26	76
2010	330	20	0	6.7	100	0	0	7.15	79.05
2010	330	21	0	6.1	100	0	0	6.26	82.78
2010	330	22	0	5.6	100	0	0	6.26	80.89
2010	330	23	0	5	100	0	0	5.81	83.59
2010	331	0	0	4.4	100	0	0	7.15	85.09
2010	331	1	0	3.9	100	0	0	6.26	81.04
2010	331	2	0	2.8	100	0	0	5.81	78.21
2010	331	3	0	2.8	100	0	0	7.15	76.44
2010	331	4	0	2.2	100	0	0	7.6	81.4
2010	331	5	0	2.2	100	0	0	7.6	80.83
2010	331	6	0	2.2	100	0	0	6.71	80.51
2010	331	7	0	1.7	100	0	0	7.6	80.76
2010	331	8	0	2.2	100	0	95.5	8.05	75.61
2010	331	9	0	2.8	100	0	247	9.39	64.98
2010	331	10	0	3.9	100	0	374.5	9.39	65.58
2010	331	11	0	5.6	100	0	311	9.83	62.05
2010	331	12	0	6.1	100	0	377	11.18	58.76
2010	331	13	0	5.6	100	0	364	10.73	59.37
2010	331	14	0	6.7	100	0	328	10.28	56.27
2010	331	15	0	6.7	100	0	182	10.28	62.2
2010	331	16	0	5.6	100	0	85.5	8.94	64.15
2010	331	17	0	5	101	0	0	8.05	70.29
2010	331	18	0	5	101	0	0	5.81	76.81
2010	331	19	0	5.6	101	0	0	7.15	78.41
2010	331	20	0	4.4	101	0	0	6.71	79.86
2010	331	21	0	4.4	101	0	0	8.05	80.67
2010	331	22	0	4.4	101	0	0	9.39	85.42
2010	331	23	0	3.9	101	0	0	7.15	79.76
2010	332	0	0	3.9	101	0	0	9.39	80.1
2010	332	1	0	3.3	101	0	0	7.15	82.33
2010	332	2	0	3.3	101	0	0	7.6	79.75
2010	332	3	0	2.8	102	0	0	6.26	78.16
2010	332	4	0	1.7	102	0	0	4.47	77.41
2010	332	5	0	1.7	102	0	0	4.02	77.29
2010	332	6	0	1.7	102	0	0	4.47	77.57
2010	332	7	0	1.7	102	0	0	3.58	79.05
2010	332	8	0	2.8	102	0	96.5	6.26	70.7
2010	332	9	0	4.4	102	0	251	2.24	64.33
2010	332	10	0	5	102	0	381.5	4.47	55.99
2010	332	11	0	6.1	102	0	464.5	2.68	53.07
2010	332	12	0	7.2	102	0	491	3.58	54.05
2010	332	13	0	8.3	102	0	457.5	4.02	51.54
2010	332	14	0	7.8	102	0	369	3.58	53.39
2010	332	15	0	7.2	102	0	236.5	4.02	64.27
2010	332	16	0	6.7	102	0	84	4.47	68.81
2010	332	17	0	4.4	102	0	0	2.68	71.18
2010	332	18	0	3.9	102	0	0	3.13	70.85
2010	332	19	0	5.6	102	0	0	3.58	70.27
2010	332	20	0	6.1	102	0	0	4.02	69.91
2010	332	21	0	5.6	102	0	0	2.68	74.69
2010	332	22	0	4.4	102	0	0	2.24	74.74
2010	332	23	0	4.4	102	0	0	2.24	75.4
2010	333	0	0	3.9	102	0	0	2.68	76.28
2010	333	1	0	3.3	102	0	0	0.01	82.66
2010	333	2	0	0.6	103	0	0	0.01	83.09
2010	333	3	0	2.2	103	0	0	0.01	83.23
2010	333	4	0	-0.6	103	0	0	0.01	83.22
2010	333	5	0	-0.6	103	0	0	1.34	83.26
2010	333	6	0	1.7	103	0	0	1.34	83.42
2010	333	7	0	1.7	103	0	0	0.01	83.95
2010	333	8	0	2.8	103	0	87	1.34	81.73
2010	333	9	0	5	103	0	236.5	2.24	70.52
2010	333	10	0	7.2	103	0	365	0.01	64.84
2010	333	11	0	7.8	103	0	448	2.24	60.75
2010	333	12	0	8.9	103	0	475.5	2.24	57.77
2010	333	13	0	8.3	103	0	443	2.68	59.22
2010	333	14	0	8.3	103	0	356.5	3.13	60.86
2010	333	15	0	8.3	103	0	189	4.02	70.9
2010	333	16	0	7.2	103	0	62.5	2.24	78.52
2010	333	17	0	6.7	103	0	0	2.24	83.04
2010	333	18	0	6.1	103	0	0	2.24	84.93
2010	333	19	0	5.6	103	0	0	1.34	86.67
2010	333	20	0	5.6	103	0	0	2.68	88.32
2010	333	21	0	3.9	103	0	0	2.24	90.24
2010	333	22	0	4.4	102	0	0	2.24	92.87
2010	333	23	0	5.6	102	0	0	1.34	96.65
2010	334	0	0	8.9	103	0	0	4.02	100
2010	334	1	0	8.3	102	0	0	3.58	97.6
2010	334	2	0	8.9	102	0	0	3.13	95.41
2010	334	3	0	9.4	102	0	0	4.02	93.02
2010	334	4	0	9.4	102	0	0	4.47	96.37
2010	334	5	0	10	102	0	0	4.02	99.79
2010	334	6	0	10	102	0	0	5.81	96.39
2010	334	7	0	10.6	102	0	0	4.92	99.23
2010	334	8	0	11.1	102	0	32.5	5.81	96.72
2010	334	9	0	11.7	102	0	56.5	7.15	93.94
2010	334	10	0	11.7	102	0	84	7.6	89.86
2010	334	11	0	12.2	102	0	123	8.94	90.53
2010	334	12	0	12.2	102	0	136	8.05	91.63
2010	334	13	0	12.2	102	0	123	8.05	93.02
2010	334	14	0	12.2	102	0	86	7.6	94.46
2010	334	15	0	11.7	102	0	80.5	7.15	95.48
2010	334	16	0	11.7	102	0.25	33.5	7.15	95.64
2010	334	17	0	11.7	102	0.25	0	7.6	96.65
2010	334	18	0	12.2	102	0	0	6.26	97.59
2010	334	19	0	12.2	102	0	0	7.15	98.52
2010	334	20	0	12.8	102	0	0	7.6	99.41
2010	334	21	0	12.8	102	0	0	8.05	100
2010	334	22	0	13.3	101	0	0	7.6	100
2010	334	23	0	13.3	101	0	0	8.94	100
2010	335	0	0	13.3	101	0	0	9.39	98.54
2010	335	1	0	13.3	101	0	0	9.39	99.7
2010	335	2	0	13.3	101	0	0	9.83	100
2010	335	3	0	13.3	101	0.25	0	11.18	100
2010	335	4	0	13.3	101	0.25	0	9.39	100
2010	335	5	0	13.3	101	1.27	0	8.94	100
2010	335	6	0	13.9	101	0.76	0	10.28	100
2010	335	7	0	13.9	101	1.78	0	11.18	96.94
2010	335	8	0	13.9	100	0.51	11.5	14.31	97.91
2010	335	9	0	13.9	100	1.02	75.5	13.41	99.12
2010	335	10	0	14.4	100	0	115.5	13.86	100
2010	335	11	0	14.4	100	1.02	85.5	14.31	97.68
2010	335	12	0	15	100	1.27	44.5	14.75	95.31
2010	335	13	0	15	100	0.51	32.5	15.2	97.14
2010	335	14	0	15	100	1.27	99	15.2	99.14
2010	335	15	0	12.2	100	13.21	22.5	8.94	96.21
2010	335	16	0	10	100	1.27	2	7.6	91.75
2010	335	17	0	9.4	100	0.25	0	7.6	89.52
2010	335	18	0	8.9	100	0	0	7.6	89.57
2010	335	19	0	7.8	100	0	0	8.94	85.09
2010	335	20	0	6.7	100	0	0	7.15	86.06
2010	335	21	0	6.1	101	0	0	7.6	88.03
2010	335	22	0	5.6	101	0	0	8.05	85.79
2010	335	23	0	5	101	0	0	7.6	84.3
2010	336	0	0	4.4	101	0	0	7.15	89.12
2010	336	1	0	4.4	101	0	0	8.94	87.36
2010	336	2	0	3.3	101	0	0	4.92	85.63
2010	336	3	0	2.8	101	0	0	8.05	89.59
2010	336	4	0	2.2	101	0	0	6.71	87.34
2010	336	5	0	1.7	101	0	0	6.71	91.64
2010	336	6	0	1.7	101	0	0	5.81	89.65
2010	336	7	0	1.1	101	0	0	5.81	88.41
2010	336	8	0	1.7	101	0	79.5	7.15	81.85
2010	336	9	0	2.8	101	0	228	6.71	73.54
2010	336	10	0	3.9	101	0	356.5	4.92	67.25
2010	336	11	0	4.4	101	0	440.5	5.81	61.97
2010	336	12	0	5.6	101	0	469	4.47	57.31
2010	336	13	0	6.1	101	0	439.5	7.6	57.1
2010	336	14	0	6.7	101	0	355.5	4.92	57.29
2010	336	15	0	6.7	101	0	226.5	4.47	63.98
2010	336	16	0	5	101	0	78.5	4.92	73.66
2010	336	17	0	3.9	101	0	0	4.47	78.43
2010	336	18	0	3.9	101	0	0	7.6	79.4
2010	336	19	0	3.3	101	0	0	4.47	79.77
2010	336	20	0	3.3	101	0	0	4.92	79.97
2010	336	21	0	3.3	101	0	0	6.71	80.04
2010	336	22	0	2.8	101	0	0	5.81	80.05
2010	336	23	0	2.2	101	0	0	4.47	86.05
2010	337	0	0	2.2	101	0	0	4.92	86.06
2010	337	1	0	2.2	101	0	0	3.13	86.19
2010	337	2	0	1.7	101	0	0	4.02	86.29
2010	337	3	0	1.7	101	0	0	4.47	86.41
2010	337	4	0	1.1	101	0	0	3.58	86.2
2010	337	5	0	1.1	101	0	0	4.02	85.54
2010	337	6	0	1.1	101	0	0	4.02	84.73
2010	337	7	0	1.1	101	0	0	2.68	84.36
2010	337	8	0	1.7	101	0	57.5	4.02	84.25
2010	337	9	0	2.8	101	0	177.5	3.58	75.83
2010	337	10	0	3.3	101	0	264.5	3.58	68.99
2010	337	11	0	3.9	101	0	316	3.58	67.91
2010	337	12	0	4.4	101	0	330	4.47	62.71
2010	337	13	0	5	101	0	232.5	3.58	62.61
2010	337	14	0	5	101	0	63	3.13	63.1
2010	337	15	0	4.4	101	0	16	3.58	66.15
2010	337	16	0	4.4	101	0	4	4.02	74.15
2010	337	17	0	3.9	101	0	0	4.47	77.78
2010	337	18	0	3.3	101	0	0	4.02	77.18
2010	337	19	0	3.3	101	0	0	5.81	76.93
2010	337	20	0	2.8	101	0	0	5.81	83.12
2010	337	21	0	2.2	101	0	0	4.02	84.23
2010	337	22	0	2.2	101	0	0	4.47	85.33
2010	337	23	0	1.7	101	0	0	6.71	85.79
2010	338	0	0	1.7	101	0	0	6.26	91.95
2010	338	1	0	1.1	101	0	0	4.92	91.58
2010	338	2	0	1.1	101	0	0	6.71	90.68
2010	338	3	0	0.6	101	0	0	6.71	90.04
2010	338	4	0	0.6	101	0	0	6.71	90.16
2010	338	5	0	0.6	101	0	0	6.26	90.3
2010	338	6	0	0.6	101	0	0	5.81	90.42
2010	338	7	0	0.6	101	0	0	5.81	90.71
2010	338	8	0	1.7	101	0	77	6.71	85.38
2010	338	9	0	2.8	101	0	226.5	6.71	78.17
2010	338	10	0	3.3	100	0	355.5	8.94	70.76
2010	338	11	0	4.4	100	0	296	7.6	69.43
2010	338	12	0	4.4	100	0	315.5	9.39	63.79
2010	338	13	0	4.4	100	0	295.5	9.83	63.17
2010	338	14	0	3.9	100	0	111.5	8.94	62.91
2010	338	15	0	3.3	100	0	84.5	9.83	68.12
2010	338	16	0	3.3	100	0	24	10.28	74.81
2010	338	17	0	2.8	100	0	0	9.39	80.91
2010	338	18	0	2.8	100	0	0	7.6	80.79
2010	338	19	0	2.2	100	0	0	7.6	86.22
2010	338	20	0	2.2	100	0	0	7.6	85.48
2010	338	21	0	1.7	100	0	0	8.05	84.82
2010	338	22	0	1.7	100	0	0	6.26	84.09
2010	338	23	0	1.1	100	0	0	5.81	83.13
2010	339	0	0	0.6	100	0	0	6.71	81.6
2010	339	1	0	0.6	100	0	0	4.92	80.96
2010	339	2	0	0.6	100	0	0	4.02	80.37
2010	339	3	0	0.6	100	0	0	4.92	79.63
2010	339	4	0	0.6	100	0	0	6.26	78.64
2010	339	5	0	0	100	0	0	4.92	77.24
2010	339	6	0	0	100	0	0	7.15	75.78
2010	339	7	0	0	100	0	0	7.15	74.51
2010	339	8	0	0	100	0	40	7.6	73.07
2010	339	9	0	0	100	0	162.5	8.05	71.43
2010	339	10	0	0.6	100	0	268.5	8.05	71.42
2010	339	11	0	0.6	100	0	347	9.83	66.97
2010	339	12	0	1.7	100	0	357	8.05	67.4
2010	339	13	0	2.8	100	0	382	9.83	67.86
2010	339	14	0	2.2	100	0	311.5	10.73	68.32
2010	339	15	0	1.7	100	0	192.5	10.28	69.15
2010	339	16	0	1.1	100	0	49.5	8.94	75.57
2010	339	17	0	1.1	100	0	0	8.94	76.25
2010	339	18	0	1.1	100	0	0	8.05	77.08
2010	339	19	0	1.7	100	0	0	7.15	78.17
2010	339	20	0	1.1	100	0	0	7.6	79.19
2010	339	21	0	1.7	100	0	0	6.71	79.74
2010	339	22	0	1.1	100	0	0	6.26	79.93
2010	339	23	0	0.6	100	0	0	6.71	80.03
2010	340	0	0	0.6	100	0	0	8.94	80.22
2010	340	1	0	0	100	0	0	7.6	80.59
2010	340	2	0	0	100	0	0	9.39	80.71
2010	340	3	0	0	100	0	0	9.39	80.55
2010	340	4	0	0	100	0	0	6.71	80.13
2010	340	5	0	-0.6	100	0	0	9.83	79.95
2010	340	6	0	-0.6	100	0	0	9.39	80.03
2010	340	7	0	-0.6	100	0	0	8.94	79.95
2010	340	8	0	0	100	0	24	8.94	78.7
2010	340	9	0	0	99	0	91.5	7.6	76.04
2010	340	10	0	0.6	99	0	187	11.62	73.78
2010	340	11	0	1.1	99	0	153	10.28	67.1
2010	340	12	0	1.1	99	0	197.5	9.39	66.22
2010	340	13	0	1.7	99	0	161.5	9.83	66.38
2010	340	14	0	1.7	99	0	112	12.52	67.46
2010	340	15	0	1.7	99	0	65.5	9.83	69.32
2010	340	16	0	1.7	99	0	23	11.62	71.65
2010	340	17	0	1.1	99	0	0	8.94	73.68
2010	340	18	0	1.1	99	0	0	10.28	79.44
2010	340	19	0	0.6	99	0	0	8.05	78.36
2010	340	20	0	0.6	99	0	0	7.6	76.41
2010	340	21	0	1.1	99	0	0	6.71	74.88
2010	340	22	0	0.6	99	0	0	8.05	74.33
2010	340	23	0	0	99	0	0	9.39	73.76
2010	341	0	0	0	99	0	0	9.83	72.97
2010	341	1	0	-0.6	99	0	0	10.73	72.44
2010	341	2	0	-0.6	99	0	0	9.39	72.24
2010	341	3	0	-0.6	99	0	0	9.39	72.63
2010	341	4	0	-0.6	99	0	0	8.05	73.2
2010	341	5	0	-0.6	99	0	0	7.15	73.45
2010	341	6	0	-0.6	99	0	0	7.15	73.31
2010	341	7	0	-0.6	99	0	0	8.05	72.91
2010	341	8	0	0	99	0	26	7.6	72.33
2010	341	9	0	0	99	0	142.5	8.94	71.11
2010	341	10	0	0.6	99	0	282.5	10.28	70.23
2010	341	11	0	1.7	99	0	323	9.39	64.84
2010	341	12	0	2.2	99	0	221.5	9.83	64.75
2010	341	13	0	2.8	99	0	313.5	9.83	65.03
2010	341	14	0	2.8	100	0	240	10.28	65.5
2010	341	15	0	3.3	100	0	163	8.94	66.35
2010	341	16	0	2.2	100	0	76	8.94	67.35
2010	341	17	0	2.2	100	0	0	9.83	73.01
2010	341	18	0	1.7	100	0	0	10.28	73.23
2010	341	19	0	1.7	100	0	0	7.6	73.16
2010	341	20	0	1.7	100	0	0	7.6	72.76
2010	341	21	0	1.1	100	0	0	9.39	72.21
2010	341	22	0	1.1	100	0	0	8.94	71.6
2010	341	23	0	0.6	100	0	0	4.47	71.35
2010	342	0	0	0	100	0	0	9.39	71.4
2010	342	1	0	0	100	0	0	8.05	71.48
2010	342	2	0	0	100	0	0	7.6	71.07
2010	342	3	0	-0.6	100	0	0	9.39	69.88
2010	342	4	0	-1.1	100	0	0	8.05	68.77
2010	342	5	0	-1.1	100	0	0	9.39	72.59
2010	342	6	0	-1.7	100	0	0	7.6	70.47
2010	342	7	0	-1.7	101	0	0	5.81	68.67
2010	342	8	0	-1.1	101	0	50	8.05	66.88
2010	342	9	0	-0.6	101	0	216	10.73	60.07
2010	342	10	0	0	101	0	322	8.05	58.44
2010	342	11	0	1.1	101	0	435.5	7.15	57.69
2010	342	12	0	1.7	101	0	468	8.94	57.38
2010	342	13	0	1.7	101	0	443	7.6	53.28
2010	342	14	0	1.7	101	0	361	7.6	53.35
2010	342	15	0	1.7	101	0	232	6.71	57.91
2010	342	16	0	1.1	101	0	81	7.15	59.46
2010	342	17	0	0	101	0	0	7.6	60.84
2010	342	18	0	0	101	0	0	8.05	61.7
2010	342	19	0	-0.6	101	0	0	4.92	67.05
2010	342	20	0	-1.7	101	0	0	3.58	67.98
2010	342	21	0	-1.7	101	0	0	4.47	74.09
2010	342	22	0	-1.7	101	0	0	5.81	70.33
2010	342	23	0	-1.7	101	0	0	4.02	72.43
2010	343	0	0	-2.2	101	0	0	4.02	73.61
2010	343	1	0	-2.8	101	0	0	4.02	79.48
2010	343	2	0	-2.8	101	0	0	4.92	79.04
2010	343	3	0	-2.8	101	0	0	5.81	78.69
2010	343	4	0	-2.2	101	0	0	5.81	78.22
2010	343	5	0	-2.8	101	0	0	6.71	77.28
2010	343	6	0	-3.3	102	0	0	6.71	75.34
2010	343	7	0	-3.9	102	0	0	10.28	77.46
2010	343	8	0	-3.9	102	0	49.5	7.6	71.49
2010	343	9	0	-2.8	102	0	187.5	6.71	62.57
2010	343	10	0	-2.2	102	0	351	6.26	60.62
2010	343	11	0	-1.7	102	0	438.5	8.94	56.14
2010	343	12	0	-1.1	102	0	470	6.26	56.36
2010	343	13	0	-0.6	102	0	443	8.94	52.3
2010	343	14	0	0	102	0	360.5	7.6	52.25
2010	343	15	0	-0.6	102	0	233	8.05	56.65
2010	343	16	0	-1.1	102	0	82.5	6.26	58.59
2010	343	17	0	-1.7	102	0	0	7.6	64.45
2010	343	18	0	-2.2	102	0	0	5.81	69.89
2010	343	19	0	-2.8	102	0	0	6.26	69.72
2010	343	20	0	-3.3	102	0	0	4.47	74.5
2010	343	21	0	-3.9	102	0	0	3.58	73.75
2010	343	22	0	-4.4	102	0	0	4.47	72.67
2010	343	23	0	-5	102	0	0	2.24	71.43
2010	344	0	0	-5	102	0	0	1.34	69.83
2010	344	1	0	-5.6	102	0	0	2.68	68.45
2010	344	2	0	-5.6	102	0	0	2.24	73.18
2010	344	3	0	-6.7	102	0	0	2.68	73.31
2010	344	4	0	-6.7	102	0	0	2.24	74.51
2010	344	5	0	-5.6	102	0	0	1.34	76.14
2010	344	6	0	-5.6	102	0	0	2.68	70.71
2010	344	7	0	-5.6	102	0	0	3.58	71.04
2010	344	8	0	-4.4	102	0	33	2.68	65.57
2010	344	9	0	-3.9	102	0	166.5	3.13	60.75
2010	344	10	0	-1.7	102	0	200.5	2.24	57.13
2010	344	11	0	-1.1	102	0	269	4.47	55.43
2010	344	12	0	-1.1	102	0	231.5	4.02	58.92
2010	344	13	0	-0.6	102	0	165	3.13	63.37
2010	344	14	0	0	102	0	94.5	2.68	69.97
2010	344	15	0	0.6	102	0	102.5	3.13	77.06
2010	344	16	0	0.6	102	0	22	2.68	80.75
2010	344	17	0	0.6	102	0	0	2.68	83.41
2010	344	18	0	1.1	102	0	0	2.24	87.01
2010	344	19	0	2.8	102	0	0	3.58	84.46
2010	344	20	0	3.3	102	0	0	4.02	86.99
2010	344	21	0	2.2	102	0	0	2.68	88.93
2010	344	22	0	2.8	102	0	0	2.24	96.41
2010	344	23	0	2.2	102	0	0	2.68	96.36
2010	345	0	0	1.7	102	0	0	1.34	94.99
2010	345	1	0	0.6	102	0	0	2.24	92.31
2010	345	2	0	0	102	0	0	0.01	89.46
2010	345	3	0	-0.6	102	0	0	0.01	87.54
2010	345	4	0	-2.2	102	0	0	0.01	86.33
2010	345	5	0	-1.7	102	0	0	0.01	84.92
2010	345	6	0	0	102	0	0	2.24	83.05
2010	345	7	0	-0.6	102	0	0	0.01	81.11
2010	345	8	0	1.7	102	0	24.5	2.68	81.96
2010	345	9	0	3.3	102	0	134.5	2.24	72.37
2010	345	10	0	4.4	102	0	258	2.68	67.66
2010	345	11	0	5	102	0	342.5	2.24	64.62
2010	345	12	0	5.6	102	0	356.5	1.34	60.92
2010	345	13	0	6.1	102	0	322.5	2.24	62.22
2010	345	14	0	6.1	102	0	252.5	3.58	66.23
2010	345	15	0	6.1	102	0	146.5	2.68	68.5
2010	345	16	0	5	102	0	52.5	0.01	71.12
2010	345	17	0	5	102	0	0	0.01	72.96
2010	345	18	0	3.9	102	0	0	2.24	76.4
2010	345	19	0	3.3	102	0	0	1.34	81.2
2010	345	20	0	2.8	102	0	0	2.24	87
2010	345	21	0	3.3	101	0	0	3.13	92.82
2010	345	22	0	2.8	101	0	0	3.58	99.46
2010	345	23	0	3.3	101	0	0	3.13	99.24
2010	346	0	0	5	101	0	0	4.02	100
2010	346	1	0	5.6	101	0.25	0	4.47	100
2010	346	2	0	6.1	101	0.51	0	6.26	100
2010	346	3	0	7.2	101	0.51	0	6.26	100
2010	346	4	0	7.8	101	1.02	0	8.05	100
2010	346	5	0	7.8	101	0.76	0	8.94	100
2010	346	6	0	8.3	100	1.52	0	9.83	100
2010	346	7	0	8.9	100	3.3	0	11.62	100
2010	346	8	0	8.9	100	3.3	9	12.96	100
2010	346	9	0	10.6	100	3.56	31	10.73	100
2010	346	10	0	12.2	100	2.29	23.5	12.52	99.09
2010	346	11	0	12.8	99	1.02	28	12.52	100
2010	346	12	0	12.8	99	2.03	63.5	12.96	100
2010	346	13	0	12.8	99	1.52	117	9.83	100
2010	346	14	0	12.2	99	0.25	75	10.73	100
2010	346	15	0	11.7	99	0	98.5	9.83	100
2010	346	16	0	11.1	99	0	28.5	8.94	100
2010	346	17	0	11.1	99	0.25	0	8.94	100
2010	346	18	0	10	99	0.76	0	6.26	100
2010	346	19	0	9.4	99	1.78	0	4.92	100
2010	346	20	0	8.9	98	1.27	0	2.24	100
2010	346	21	0	8.9	98	2.29	0	1.34	100
2010	346	22	0	8.3	98	0.51	0	1.34	100
2010	346	23	0	8.9	98	0.25	0	1.34	100
2010	347	0	0	8.9	98	0.25	0	3.58	99.7
2010	347	1	0	9.4	98	0.51	0	3.58	99.14
2010	347	2	0	10	98	0	0	4.92	100
2010	347	3	0	10	98	0	0	7.6	100
2010	347	4	0	8.3	98	0	0	3.58	99.75
2010	347	5	0	7.8	98	0	0	5.81	97.67
2010	347	6	0	7.2	98	0	0	4.92	99.82
2010	347	7	0	6.7	98	0	0	4.47	100
2010	347	8	0	6.1	98	0	11.5	3.58	96.85
2010	347	9	0	6.7	98	0	58	4.47	94.07
2010	347	10	0	5.6	98	0	137	6.26	85.06
2010	347	11	0	5.6	98	0	136.5	7.15	82.36
2010	347	12	0	5.6	98	0	251.5	6.71	79.97
2010	347	13	0	5.6	98	0	187.5	5.81	78.25
2010	347	14	0	6.1	98	0	31	7.15	82.93
2010	347	15	0	5	98	0	40	8.05	82.31
2010	347	16	0	3.9	98	0	25	6.71	85.9
2010	347	17	0	2.8	98	0	0	8.05	86.67
2010	347	18	0	1.7	99	0	0	7.6	84.47
2010	347	19	0	1.1	99	0	0	9.83	75.67
2010	347	20	0	-1.1	99	0	0	10.28	74.49
2010	347	21	0	-2.2	99	0	0	7.6	75.14
2010	347	22	0	-3.3	99	0	0	8.05	77.19
2010	347	23	0	-4.4	99	0	0	8.94	79.76
2010	348	0	0	-5.6	99	0	0	8.05	77.01
2010	348	1	0	-6.1	99	0	0	7.15	75.19
2010	348	2	0	-6.7	99	0	0	9.39	74.34
2010	348	3	0	-6.7	99	0	0	8.94	73.96
2010	348	4	0	-6.7	99	0	0	7.15	73.58
2010	348	5	0	-6.7	99	0	0	6.71	73.15
2010	348	6	0	-6.7	99	0	0	7.6	72.38
2010	348	7	0	-6.1	99	0	0	6.71	71.33
2010	348	8	0	-6.1	99	0	31	8.94	70.23
2010	348	9	0	-5.6	99	0	142.5	10.28	69.54
2010	348	10	0	-5.6	99	0	250.5	7.6	69.15
2010	348	11	0	-5	99	0	365	8.05	63.79
2010	348	12	0	-4.4	99	0	395.5	6.26	63.09
2010	348	13	0	-4.4	99	0	382	8.94	62.22
2010	348	14	0	-5	99	0	191.5	9.83	61.41
2010	348	15	0	-5	100	0	141	10.73	65.77
2010	348	16	0	-5	100	0	57.5	8.94	65.75
2010	348	17	0	-5.6	100	0	0	9.83	65.91
2010	348	18	0	-5.6	100	0	0	12.52	66.33
2010	348	19	0	-5.6	100	0	0	7.15	66.93
2010	348	20	0	-6.1	100	0	0	9.39	73.03
2010	348	21	0	-6.1	100	0	0	12.52	73.97
2010	348	22	0	-6.1	100	0	0	9.83	74.92
2010	348	23	0	-6.7	100	0	0	7.6	76.14
2010	349	0	0	-6.1	100	0	0	7.15	77.62
2010	349	1	0	-6.1	100	0	0	7.15	73.36
2010	349	2	0	-6.1	100	0	0	7.15	74.63
2010	349	3	0	-6.1	100	0	0	8.94	75.54
2010	349	4	0	-5.6	100	0	0	9.39	75.73
2010	349	5	0	-5.6	100	0	0	7.15	75.34
2010	349	6	0	-5.6	100	0	0	8.05	74.83
2010	349	7	0	-5	100	0	0	10.73	74.3
2010	349	8	0	-5	100	0	38	6.71	73.45
2010	349	9	0	-4.4	100	0	116	9.83	66.81
2010	349	10	0	-3.9	100	0	225	12.52	65.83
2010	349	11	0	-3.3	100	0	247	8.94	65.46
2010	349	12	0	-3.3	100	0	300	9.83	60.64
2010	349	13	0	-1.7	100	0	294.5	9.39	60.68
2010	349	14	0	-1.7	100	0	255.5	10.73	60.62
2010	349	15	0	-2.2	100	0	88.5	9.83	60.77
2010	349	16	0	-2.2	100	0	48.5	6.26	61.33
2010	349	17	0	-3.3	100	0	0	8.94	66.99
2010	349	18	0	-3.3	100	0	0	6.71	67.55
2010	349	19	0	-3.3	100	0	0	4.92	68.25
2010	349	20	0	-3.3	100	0	0	6.26	69.77
2010	349	21	0	-3.3	100	0	0	7.15	72.02
2010	349	22	0	-3.3	100	0	0	7.15	74.69
2010	349	23	0	-3.3	100	0	0	7.15	77.32
2010	350	0	0	-2.8	100	0	0	8.05	79.33
2010	350	1	0	-3.3	100	0	0	8.05	80.59
2010	350	2	0	-2.8	100	0	0	8.94	81.53
2010	350	3	0	-3.3	100	0	0	10.28	82.09
2010	350	4	0	-3.3	100	0	0	8.94	82.15
2010	350	5	0	-3.9	100	0	0	8.05	82.1
2010	350	6	0	-4.4	101	0	0	7.6	87.92
2010	350	7	0	-4.4	100	0	0	8.05	87.07
2010	350	8	0	-4.4	100	0	53	7.15	80.4
2010	350	9	0	-3.3	100	0	155.5	6.71	73.83
2010	350	10	0	-2.2	100	0	250	5.81	67.71
2010	350	11	0	-1.7	100	0	304	4.92	62.03
2010	350	12	0	-1.7	100	0	314.5	3.58	61.24
2010	350	13	0	-1.1	100	0	245	4.02	60.79
2010	350	14	0	-1.7	100	0	165	7.15	60.98
2010	350	15	0	-1.7	100	0	92.5	4.47	67.22
2010	350	16	0	-1.7	100	0	26	6.26	70.7
2010	350	17	0	-2.2	100	0	0	6.71	71.8
2010	350	18	0	-2.2	100	0	0	4.47	77.46
2010	350	19	0	-2.2	100	0	0	3.58	77.03
2010	350	20	0	-2.2	100	0	0	3.13	76.17
2010	350	21	0	-1.7	100	0	0	3.58	80.31
2010	350	22	0	-1.1	100	0	0	3.13	78.7
2010	350	23	0	-3.3	100	0	0	3.13	83.9
2010	351	0	0	-3.9	100	0	0	3.58	82.89
2010	351	1	0	-3.9	100	0	0	3.58	81.79
2010	351	2	0	-3.9	100	0	0	4.02	80.49
2010	351	3	0	-5	100	0	0	3.13	79.23
2010	351	4	0	-5	100	0	0	3.13	78.65
2010	351	5	0	-4.4	100	0	0	4.02	78.37
2010	351	6	0	-4.4	101	0	0	4.02	84.89
2010	351	7	0	-3.9	101	0	0	4.92	86.2
2010	351	8	0	-3.3	101	0	52.5	4.92	77.85
2010	351	9	0	-1.7	101	0	196	4.92	75.72
2010	351	10	0	-0.6	101	0	327.5	5.81	67.91
2010	351	11	0	0.6	101	0	416.5	6.71	68.34
2010	351	12	0	1.7	101	0	293.5	6.71	63.59
2010	351	13	0	2.2	101	0	349	7.6	64.38
2010	351	14	0	2.8	101	0	346.5	6.71	65.64
2010	351	15	0	2.8	101	0	224	4.47	68.63
2010	351	16	0	2.2	101	0	80	3.58	76.4
2010	351	17	0	0.6	101	0	0	4.02	76.71
2010	351	18	0	0.6	101	0	0	3.13	76.78
2010	351	19	0	1.1	101	0	0	3.58	76.14
2010	351	20	0	0.6	101	0	0	3.13	75.64
2010	351	21	0	0	101	0	0	4.92	80.65
2010	351	22	0	0	101	0	0	4.47	80.22
2010	351	23	0	0	101	0	0	4.02	79.8
2010	352	0	0	-0.6	101	0	0	4.47	85.25
2010	352	1	0	-0.6	101	0	0	4.47	84.35
2010	352	2	0	-1.7	101	0	0	4.02	83.2
2010	352	3	0	-1.7	101	0	0	2.68	81.9
2010	352	4	0	-2.2	101	0	0	1.34	86.65
2010	352	5	0	-2.8	101	0	0	3.13	85.33
2010	352	6	0	-3.9	101	0	0	3.13	84.27
2010	352	7	0	-2.8	101	0	0	3.58	83.51
2010	352	8	0	-1.7	101	0	47	3.58	79.58
2010	352	9	0	0	101	0	184.5	3.13	69.25
2010	352	10	0	1.1	101	0	314.5	3.13	68.8
2010	352	11	0	2.2	101	0	299	3.13	63.14
2010	352	12	0	1.7	101	0	380.5	3.58	62.89
2010	352	13	0	2.8	101	0	368.5	3.58	58.67
2010	352	14	0	1.7	101	0	253	4.47	63.59
2010	352	15	0	1.7	101	0	132.5	3.13	71.09
2010	352	16	0	1.7	101	0	43	3.13	73
2010	352	17	0	0	101	0	0	3.58	72.48
2010	352	18	0	0.6	101	0	0	3.13	72.7
2010	352	19	0	1.1	101	0	0	3.58	72.28
2010	352	20	0	0	101	0	0	2.68	70.89
2010	352	21	0	0	101	0	0	3.13	68.95
2010	352	22	0	0	101	0	0	3.13	68.83
2010	352	23	0	-1.1	101	0	0	2.68	69.11
2010	353	0	0	-1.1	101	0	0	2.68	75.2
2010	353	1	0	-0.6	101	0	0	2.24	76.41
2010	353	2	0	-0.6	101	0	0	1.34	77.59
2010	353	3	0	-0.6	101	0	0	2.24	78.49
2010	353	4	0	-1.1	101	0	0	2.68	85.45
2010	353	5	0	-1.7	101	0	0	2.24	86.66
2010	353	6	0	-1.7	101	0	0	2.68	87.7
2010	353	7	0	-1.1	101	0	0	3.58	88.48
2010	353	8	0	-0.6	101	0	26	3.58	79.18
2010	353	9	0	0	101	0	92.5	3.58	81.27
2010	353	10	0	0.6	101	0	194	3.58	77.15
2010	353	11	0	1.1	101	0	252	4.92	78.4
2010	353	12	0	1.7	101	0	256	4.47	79.56
2010	353	13	0	2.8	101	0	259	4.02	75.06
2010	353	14	0	2.8	101	0	200.5	4.47	75.79
2010	353	15	0	2.8	101	0	134	4.47	82.74
2010	353	16	0	2.2	101	0	76	4.47	88.67
2010	353	17	0	1.7	101	0	0	4.47	86.6
2010	353	18	0	1.1	101	0	0	4.47	85.29
2010	353	19	0	1.1	101	0	0	5.81	84.18
2010	353	20	0	0	101	0	0	5.81	88.65
2010	353	21	0	-0.6	101	0	0	4.92	86.29
2010	353	22	0	-1.1	101	0	0	4.92	84.27
2010	353	23	0	-1.1	101	0	0	5.81	88.81
2010	354	0	0	-1.1	101	0	0	4.92	86.91
2010	354	1	0	-1.7	101	0	0	6.26	85.44
2010	354	2	0	-2.2	101	0	0	6.26	84.36
2010	354	3	0	-2.2	101	0	0	4.47	89.72
2010	354	4	0	-2.2	101	0	0	4.92	88.75
2010	354	5	0	-2.2	101	0	0	6.71	87.9
2010	354	6	0	-2.8	101	0	0	7.15	87.02
2010	354	7	0	-2.2	101	0	0	8.94	86.35
2010	354	8	0	-2.2	101	0	47.5	6.71	86.94
2010	354	9	0	-1.7	101	0	188.5	8.94	75.11
2010	354	10	0	-0.6	101	0	321.5	10.73	70.24
2010	354	11	0	0	101	0	412	8.05	71.48
2010	354	12	0	1.1	100	0	402.5	8.05	67.98
2010	354	13	0	2.2	100	0	425.5	8.94	64.51
2010	354	14	0	2.2	100	0	347.5	10.28	65.44
2010	354	15	0	3.3	100	0	223.5	8.05	71.49
2010	354	16	0	2.2	101	0	80.5	11.18	78.2
2010	354	17	0	1.1	101	0	0	10.73	79.2
2010	354	18	0	1.1	101	0	0	9.83	79.06
2010	354	19	0	1.1	101	0	0	8.94	78.15
2010	354	20	0	0	101	0	0	10.28	76.99
2010	354	21	0	0	101	0	0	9.83	75.35
2010	354	22	0	-0.6	101	0	0	9.39	78.57
2010	354	23	0	-0.6	100	0	0	10.28	76.51
2010	355	0	0	-1.1	100	0	0	8.05	75.04
2010	355	1	0	-1.7	100	0	0	8.05	79.61
2010	355	2	0	-1.1	100	0	0	10.28	78.25
2010	355	3	0	-1.7	100	0	0	9.39	76.67
2010	355	4	0	-1.7	100	0	0	8.94	75.58
2010	355	5	0	-1.7	100	0	0	8.05	75.09
2010	355	6	0	-1.7	100	0	0	8.94	75.45
2010	355	7	0	-1.7	100	0	0	7.6	76.4
2010	355	8	0	-1.1	100	0	47.5	10.28	72.77
2010	355	9	0	0	100	0	187.5	10.28	69.64
2010	355	10	0	0.6	100	0	319	10.73	71.79
2010	355	11	0	2.2	100	0	409.5	9.83	69.18
2010	355	12	0	3.9	100	0	447	10.28	66.81
2010	355	13	0	5	100	0	349	9.39	64.29
2010	355	14	0	4.4	100	0	350	9.83	65.95
2010	355	15	0	4.4	100	0	229.5	9.83	72.08
2010	355	16	0	3.9	101	0	86	8.94	77.66
2010	355	17	0	2.2	101	0	0	6.71	82.63
2010	355	18	0	1.7	101	0	0	7.6	80.83
2010	355	19	0	1.1	101	0	0	6.26	79
2010	355	20	0	0.6	101	0	0	5.81	83.64
2010	355	21	0	0	101	0	0	7.6	82.61
2010	355	22	0	0	101	0	0	6.71	81.89
2010	355	23	0	0	101	0	0	6.71	81.33
2010	356	0	0	-0.6	101	0	0	6.26	87
2010	356	1	0	-0.6	101	0	0	7.15	86.48
2010	356	2	0	-1.1	101	0	0	5.81	86.06
2010	356	3	0	-1.1	101	0	0	6.26	85.86
2010	356	4	0	-1.7	101	0	0	4.47	85.65
2010	356	5	0	-1.1	101	0	0	5.81	85.47
2010	356	6	0	-1.7	100	0	0	6.26	85.27
2010	356	7	0	-1.1	100	0	0	10.28	85.17
2010	356	8	0	-1.1	100	0	47	6.26	80.88
2010	356	9	0	0	100	0	188.5	7.6	77.11
2010	356	10	0	1.7	100	0	320.5	6.71	74.3
2010	356	11	0	2.8	100	0	412.5	7.15	71.49
2010	356	12	0	4.4	100	0	450	8.05	68.17
2010	356	13	0	3.9	100	0	429	7.6	69.33
2010	356	14	0	4	100	0	353.5	7.6	69.88
2010	356	15	0	5	100	0	232	5.81	75.18
2010	356	16	0	2.8	100	0	87	8.05	79.49
2010	356	17	0	1.7	100	0	0	7.6	83.91
2010	356	18	0	0.6	100	0	0	7.6	81.37
2010	356	19	0	0.6	100	0	0	8.94	78.95
2010	356	20	0	0.6	100	0	0	9.39	77.29
2010	356	21	0	0	100	0	0	8.05	76.11
2010	356	22	0	0	100	0	0	9.83	81.08
2010	356	23	0	-0.6	100	0	0	8.05	80.71
2010	357	0	0	0	100	0	0	8.94	80.87
2010	357	1	0	0	100	0	0	9.83	81.14
2010	357	2	0	0	100	0	0	10.28	81.24
2010	357	3	0	0	100	0	0	9.83	81.25
2010	357	4	0	0	100	0	0	8.49	80.65
2010	357	5	0	0	100	0	0	9.83	79.66
2010	357	6	0	0.6	100	0	0	9.83	78.45
2010	357	7	0	1	100	0	0	9.39	77.52
2010	357	8	0	0	100	0	32	11.18	71.42
2010	357	9	0	0.6	100	0	123	9.39	71.19
2010	357	10	0	1.1	100	0	208.5	12.96	71.41
2010	357	11	0	1.7	100	0	227	11.18	72.26
2010	357	12	0	2.8	100	0	247	11.18	68.37
2010	357	13	0	2.2	100	0	274.5	14.75	69.74
2010	357	14	0	2.8	100	0	195.5	13.41	70.92
2010	357	15	0	2.2	101	0	163	9.83	76.93
2010	357	16	0	1.7	101	0	64.5	10.73	76.96
2010	357	17	0	1.1	101	0	0	11.62	76.52
2010	357	18	0	0.6	101	0	0	11.18	75.63
2010	357	19	0	0.6	101	0	0	11.18	74.89
2010	357	20	0	0.6	101	0	0	7.6	74.57
2010	357	21	0	0	101	0	0	9.83	74.53
2010	357	22	0	0	101	0	0	9.39	80.06
2010	357	23	0	-0.6	101	0	0	9.39	79.91
2010	358	0	0	-0.6	101	0	0	9.39	79.94
2010	358	1	0	-1.1	101	0	0	6.26	79.88
2010	358	2	0	-1.1	101	0	0	6.26	79.59
2010	358	3	0	-1.1	101	0	0	6.26	79.07
2010	358	4	0	-1.1	101	0	0	7.6	84.36
2010	358	5	0	-1	101	0	0	8.49	83.86
2010	358	6	0	-1.1	101	0	0	8.94	77.65
2010	358	7	0	-1.1	101	0	0	7.6	77.44
2010	358	8	0	-1.1	101	0	27.5	6.71	77.74
2010	358	9	0	-0.6	101	0	129	7.15	72.09
2010	358	10	0	0	101	0	296.5	8.05	71.35
2010	358	11	0	1.7	101	0	416	7.15	65.98
2010	358	12	0	3.3	101	0	455.5	7.15	61.72
2010	358	13	0	3.9	101	0	436.5	7.15	58.72
2010	358	14	0	5	101	0	362	7.15	60.69
2010	358	15	0	5	101	0	240	6.71	69.08
2010	358	16	0	4.4	101	0	93	6.26	74.87
2010	358	17	0	3.3	101	0	0	6.26	81.29
2010	358	18	0	2.8	101	0	0	6.26	81.92
2010	358	19	0	1.7	101	0	0	7.6	80.81
2010	358	20	0	1.1	101	0	0	6.26	77.4
2010	358	21	0	0.6	101	0	0	6.71	80.31
2010	358	22	0	0	101	0	0	6.26	78.47
2010	358	23	0	-0.6	101	0	0	4.92	82.66
2010	359	0	0	-1.1	101	0	0	4.02	86.71
2010	359	1	0	-1.7	101	0	0	6.71	84.53
2010	359	2	0	-2.2	101	0	0	4.02	83.16
2010	359	3	0	-2.8	101	0	0	4.02	83.47
2010	359	4	0	-2.8	101	0	0	5.81	84.41
2010	359	5	0	-3.3	101	0	0	4.02	84.89
2010	359	6	0	-3.3	101	0	0	6.26	84.76
2010	359	7	0	-3.3	101	0	0	6.26	84.49
2010	359	8	0	-2.8	101	0	13	5.81	78.09
2010	359	9	0	-2.2	101	0	71	4.92	77.24
2010	359	10	0	-0.6	101	0	176.5	4.02	71.1
2010	359	11	0	-0.6	101	0	204.5	3.58	70.89
2010	359	12	0	-0.6	101	0	218.5	3.58	66.42
2010	359	13	0	0	101	0	197.5	3.58	67.01
2010	359	14	0	0.6	101	0	143.5	2.68	68.21
2010	359	15	0	0.6	101	0	103	2.68	73.2
2010	359	16	0	0.6	101	0	30.5	3.13	76.9
2010	359	17	0	0	101	0	0	3.13	76.07
2010	359	18	0	0	101	0	0	2.24	75.57
2010	359	19	0	0	101	0	0	1.34	74.7
2010	359	20	0	0	101	0	0	2.68	73.82
2010	359	21	0	0	101	0	0	2.68	78.61
2010	359	22	0	-0.6	101	0	0	2.68	77.76
2010	359	23	0	-0.6	101	0	0	3.58	77.71
2010	360	0	0	-1.1	101	0	0	4.02	78.22
2010	360	1	0	-1.1	101	0	0	3.13	78.72
2010	360	2	0	-1.1	101	0	0	3.13	78.78
2010	360	3	0	-1.1	101	0	0	3.58	84.06
2010	360	4	0	-1.7	101	0	0	4.02	85.77
2010	360	5	0	-2.2	101	0	0	2.68	86.77
2010	360	6	0	-2.2	101	0	0	4.47	86.93
2010	360	7	0	-2.2	101	0	0	5.81	87.23
2010	360	8	0	-2.8	100	0	19.5	6.71	87.58
2010	360	9	0	-2.2	100	0	71.5	5.81	88.02
2010	360	10	0	-2.2	100	0	56	7.6	89.2
2010	360	11	0	-2.2	100	0	115.5	7.15	90.74
2010	360	12	0	-2.2	100	0.51	128	7.6	84.86
2010	360	13	0	-2.2	100	0.51	82.5	7.15	85.15
2010	360	14	0	-1.7	99	0.76	35	9.83	83.87
2010	360	15	0	-1.7	99	1.02	101.5	10.28	88.1
2010	360	16	0	-2.2	99	2.03	3	14.31	83.6
2010	360	17	0	-3.3	99	1.52	0	10.73	87.27
2010	360	18	0	-3.9	99	1.52	0	14.31	84.59
2010	360	19	0	-4.4	99	1.52	0	15.2	82.01
2010	360	20	0	-5	99	0.51	0	14.75	86.63
2010	360	21	0	-5.6	99	1.52	0	17.43	85.63
2010	360	22	0	-5.6	98	1.52	0	19.22	84.09
2010	360	23	0	-5.6	98	3.56	0	17.88	81.59
2010	361	0	0	-5.6	98	1.02	0	16.09	86.2
2010	361	1	0	-5	98	0.51	0	15.2	86.18
2010	361	2	0	-3.9	98	0.51	0	13.41	80.88
2010	361	3	0	-5.6	98	1.52	0	11.62	81.93
2010	361	4	0	-6.1	98	0	0	12.52	82.82
2010	361	5	0	-5.6	98	1.78	0	12.52	82.78
2010	361	6	0	-5	98	0.76	0	13.41	81.38
2010	361	7	0	-5	98	0.25	0	13.41	84.83
2010	361	8	0	-5	98	0	11	11.62	82.98
2010	361	9	0	-5.6	99	0	133	11.62	76.92
2010	361	10	0	-5	99	0	128.5	13.86	77.81
2010	361	11	0	-5	99	0	261.5	16.99	72.11
2010	361	12	0	-4.4	99	0	372	13.86	71.4
2010	361	13	0	-3.9	99	0	458	15.2	69.69
2010	361	14	0	-3.3	99	0	386	14.75	74.1
2010	361	15	0	-3.3	99	0	261.5	13.86	73.13
2010	361	16	0	-3.3	99	0	105	15.2	76.86
2010	361	17	0	-4.4	99	0	0	13.41	74.73
2010	361	18	0	-5	100	0	0	14.31	75.08
2010	361	19	0	-4.4	100	0	0	13.86	75.65
2010	361	20	0	-4.4	100	0	0	11.62	75.5
2010	361	21	0	-4.4	100	0	0	10.73	75.35
2010	361	22	0	-4.4	100	0	0	13.41	75.86
2010	361	23	0	-4.4	100	0	0	9.83	76.3
2010	362	0	0	-5	100	0	0	13.86	76.67
2010	362	1	0	-5	100	0	0	12.96	77.56
2010	362	2	0	-5	100	0	0	10.73	79.71
2010	362	3	0	-4.4	100	0	0	9.39	77.32
2010	362	4	0	-4.4	100	0	0	7.15	81.27
2010	362	5	0	-3.3	100	0	0	12.52	79.6
2010	362	6	0	-2.8	100	0	0	9.83	85.07
2010	362	7	0	-3.3	100	0	0	4.92	84.17
2010	362	8	0	-1.7	100	0	43	4.92	83.76
2010	362	9	0	-0.6	100	0	67.5	4.47	82.05
2010	362	10	0	0.6	100	0	75.5	7.15	83.19
2010	362	11	0	1.1	100	0	149	9.39	77.72
2010	362	12	0	2.2	100	0	209.5	9.39	78.11
2010	362	13	0	2.2	100	0	371.5	9.83	78.43
2010	362	14	0	2.8	100	0	374	6.26	79.16
2010	362	15	0	2.8	100	0	249.5	7.6	79.83
2010	362	16	0	2.2	100	0	99	4.02	82.32
2010	362	17	0	1.7	101	0	0	3.58	79.83
2010	362	18	0	0.6	101	0	0	3.13	78.98
2010	362	19	0	-0.6	101	0	0	3.58	79.14
2010	362	20	0	1.7	101	0	0	4.92	80.27
2010	362	21	0	0.6	101	0	0	4.92	85.21
2010	362	22	0	1.1	101	0	0	4.02	83.98
2010	362	23	0	0.6	101	0	0	4.92	89.36
2010	363	0	0	0	101	0	0	4.47	87.78
2010	363	1	0	0	101	0	0	4.02	86.04
2010	363	2	0	0.6	101	0	0	6.26	90.72
2010	363	3	0	0.6	101	0	0	4.92	88.95
2010	363	4	0	0	101	0	0	4.47	87.45
2010	363	5	0	0.6	101	0	0	6.71	86.36
2010	363	6	0	0.6	101	0	0	4.47	85.63
2010	363	7	0	0.6	101	0	0	6.71	85.61
2010	363	8	0	1.1	101	0	17.5	7.15	85.04
2010	363	9	0	1.1	101	0	91.5	6.26	80.75
2010	363	10	0	1.7	101	0	213	7.15	77.81
2010	363	11	0	1.7	101	0	273.5	7.15	79.97
2010	363	12	0	1.7	101	0	468	7.15	81.7
2010	363	13	0	2.2	101	0	449	7.15	77.2
2010	363	14	0	2.8	101	0	372	7.15	78.37
2010	363	15	0	3.3	101	0	248	7.15	80.22
2010	363	16	0	2.8	101	0	98	4.92	85.57
2010	363	17	0	1.7	101	0	0	4.47	82.55
2010	363	18	0	1.7	101	0	0	5.81	81.35
2010	363	19	0	1.7	101	0	0	4.47	86.13
2010	363	20	0	0.6	101	0	0	4.92	84.68
2010	363	21	0	0.6	101	0	0	3.13	89.64
2010	363	22	0	-1.1	101	0	0	2.68	88.15
2010	363	23	0	0	101	0	0	2.24	86.79
2010	364	0	0	-2.2	102	0	0	3.13	91.99
2010	364	1	0	-1.7	102	0	0	2.68	90.37
2010	364	2	0	-1.7	102	0	0	2.24	88.75
2010	364	3	0	-5	102	0	0	0.01	94.18
2010	364	4	0	-4.4	102	0	0	2.24	93.22
2010	364	5	0	-5	102	0	0	0.01	92.45
2010	364	6	0	-3.9	102	0	0	0.01	91.73
2010	364	7	0	-4.4	102	0	0	0.01	91.01
2010	364	8	0	-3.9	102	0	36.5	0.01	81.17
2010	364	9	0	-2.2	102	0	188.5	0.01	81.93
2010	364	10	0	-1.7	102	0	330	0.01	82.75
2010	364	11	0	0.6	102	0	429.5	1.34	80.39
2010	364	12	0	1.1	102	0	473	2.68	76.78
2010	364	13	0	3.9	102	0	377.5	3.13	78.74
2010	364	14	0	1.7	102	0	377.5	4.47	81.1
2010	364	15	0	1.7	102	0	231.5	4.47	83.79
2010	364	16	0	1.7	102	0	81.5	4.92	88.05
2010	364	17	0	2.2	102	0	0	3.58	86.43
2010	364	18	0	1.1	102	0	0	4.02	87.49
2010	364	19	0	2.2	102	0	0	6.26	88.89
2010	364	20	0	1.7	102	0	0	3.58	89.73
2010	364	21	0	1.1	102	0	0	4.02	90.37
2010	364	22	0	1.1	102	0	0	3.58	90.86
2010	364	23	0	0	102	0	0	1.34	92.29
2010	365	0	0	0	102	0	0	2.68	93.08
2010	365	1	0	0.6	102	0	0	3.13	93.35
2010	365	2	0	1.7	102	0	0	2.24	93.77
2010	365	3	0	0.6	102	0	0	4.47	93.77
2010	365	4	0	-0.6	102	0	0	4.47	100
2010	365	5	0	0	102	0	0	3.58	100
2010	365	6	0	-1.1	102	0	0	2.68	99.49
2010	365	7	0	0	102	0	0	4.02	92.53
2010	365	8	0	0	102	0	33	4.02	95.85
2010	365	9	0	0.6	102	0	176	3.13	93.07
2010	365	10	0	2.2	102	0	242.5	3.58	89.26
2010	365	11	0	2.2	102	0	324.5	4.47	86.23
2010	365	12	0	2.8	101	0	364.5	3.13	83.88
2010	365	13	0	3.3	101	0	314	2.68	81.77
2010	365	14	0	3.3	101	0	256	2.68	90.89
2010	365	15	0	3.9	101	0	157.5	1.34	95.84
2010	365	16	0	3.9	101	0	66	3.13	99.89
2010	365	17	0	3.9	102	0	0	4.02	98.46
2010	365	18	0	4.4	102	0	0	3.58	97.96
2010	365	19	0	3.9	101	0	0	4.02	91.7
2010	365	20	0	3.9	101	0	0	3.13	92.08
2010	365	21	0	3.3	101	0	0	4.47	99.8
2010	365	22	0	2.8	101	0	0	3.13	100
2010	365	23	0	2.2	101	0	0	2.68	99.93
2011	1	0	0	1.7	101	0	0	3.58	99.93