Year	DOY	Hour	Min	 Dectime	  HDD1_h	  HDD2_c	HDD3_Tmean	HDD4_T5d	   P_day	  DaysSR	GDD_EveTr	GDD_DecTr	GDD_Grass	SDD_EveTr	SDD_DecTr	SDD_Grass	    Tmin	    Tmax	   DLHrs	LAI_EveTr	LAI_DecTr	LAI_Grass	DecidCap	Porosity	AlbEveTr	AlbDecTr	AlbGrass	WU_EveTr1	WU_EveTr2	WU_EveTr3	WU_DecTr1	WU_DecTr2	WU_DecTr3	WU_Grass1	WU_Grass2	WU_Grass3	LAIlumps	 AlbSnow	DensSnow_Paved	DensSnow_Bldgs	DensSnow_EveTr	DensSnow_DecTr	DensSnow_Grass	DensSnow_BSoil	DensSnow_Water	      a1	      a2	      a3
2010	  1	  23	 55	  0.9965	  4.7012	  0.0000	    2.2988	  2.2988	  0.9892	  0.0000	   0.0000	   0.0000	   0.0000	-450.0000	-450.0000	-450.0000	  0.6000	  5.0000	  8.9167	   4.0000	   1.0000	   1.6000	  0.3000	  0.2000	  0.1000	  0.1200	  0.1800	   0.0000	   0.0000	   0.0000	   0.0000	   0.0000	   0.0000	   0.0000	   0.0000	   0.0000	  0.1972	  0.0000	        0.0000	        0.0000	        0.0000	        0.0000	        0.0000	        0.0000	        0.0000	  0.4100	  0.3216	  8.5074
2010	  2	  23	 55	  1.9965	 10.3768	  0.0000	   -3.3524	 -0.5268	  0.0208	  0.0000	   0.0000	   0.0000	   0.0000	-450.0000	-450.0000	-450.0000	 -8.3000	  1.1000	  9.5833	   4.0000	   1.0000	   1.6000	  0.3000	  0.2000	  0.1000	  0.1200	  0.1800	   0.0000	   0.0000	   0.0000	   0.0000	   0.0000	   0.0000	   0.0000	   0.0000	   0.0000	  0.1972	  0.0000	        0.0000	        0.0000	        0.0000	        0.0000	        0.0000	        0.0000	        0.0000	  0.4100	  0.3216	  8.5074
2010	  3	  23	 55	  2.9965	 13.4296	  0.0000	   -6.4052	 -2.4863	  0.0000	  1.0000	   0.0000	   0.0000	   0.0000	-450.0000	-450.0000	-450.0000	 -7.8000	 -5.0000	  9.1667	   4.0000	   1.0000	   1.6000	  0.3000	  0.2000	  0.1000	  0.1200	  0.1800	   0.0000	   0.0000	   0.0000	   0.0000	   0.0000	   0.0000	   0.0000	   0.0000	   0.0000	  0.1972	  0.0000	        0.0000	        0.0000	        0.0000	        0.0000	        0.0000	        0.0000	        0.0000	  0.4100	  0.3216	  8.5074
2010	  4	  23	 55	  3.9965	 11.2098	  0.0000	   -4.1854	 -2.9111	  0.0000	  2.0000	   0.0000	   0.0000	   0.0000	-450.0000	-450.0000	-450.0000	 -6.7000	 -0.6000	  9.1667	   4.0000	   1.0000	   1.6000	  0.3000	  0.2000	  0.1000	  0.1200	  0.1800	   0.0000	   0.0000	   0.0000	   0.0000	   0.0000	   0.0000	   0.0000	   0.0000	   0.0000	  0.1972	  0.0000	        0.0000	        0.0000	        0.0000	        0.0000	        0.0000	        0.0000	        0.0000	  0.4100	  0.3216	  8.5074
2010	  5	  23	 55	  4.9965	 10.1651	  0.0000	   -3.1407	 -2.9570	  0.0000	  3.0000	   0.0000	   0.0000	   0.0000	-450.0000	-450.0000	-450.0000	 -6.1000	  0.0010	  9.6667	   4.0000	   1.0000	   1.6000	  0.3000	  0.2000	  0.1000	  0.1200	  0.1800	   0.0000	   0.0000	   0.0000	   0.0000	   0.0000	   0.0000	   0.0000	   0.0000	   0.0000	  0.1972	  0.0000	        0.0000	        0.0000	        0.0000	        0.0000	        0.0000	        0.0000	        0.0000	  0.4100	  0.3216	  8.5074
2010	  6	  23	 55	  5.9965	  8.2085	  0.0000	   -1.1841	 -2.6024	  0.0000	  4.0000	   0.0000	   0.0000	   0.0000	-450.0000	-450.0000	-450.0000	 -2.8000	  1.7000	  9.6667	   4.0000	   1.0000	   1.6000	  0.3000	  0.2000	  0.1000	  0.1200	  0.1800	   0.0000	   0.0000	   0.0000	   0.0000	   0.0000	   0.0000	   0.0000	   0.0000	   0.0000	  0.1972	  0.0000	        0.0000	        0.0000	        0.0000	        0.0000	        0.0000	        0.0000	        0.0000	  0.4100	  0.3216	  8.5074
2010	  7	  23	 55	  6.9965	  6.2873	  0.0000	    0.7371	 -1.9345	  0.0000	  5.0000	   0.0000	   0.0000	   0.0000	-450.0000	-450.0000	-450.0000	 -1.1000	  3.9000	  9.6667	   4.0000	   1.0000	   1.6000	  0.3000	  0.2000	  0.1000	  0.1200	  0.1800	   0.0000	   0.0000	   0.0000	   0.0000	   0.0000	   0.0000	   0.0000	   0.0000	   0.0000	  0.1972	  0.0000	        0.0000	        0.0000	        0.0000	        0.0000	        0.0000	        0.0000	        0.0000	  0.4100	  0.3216	  8.5074
2010	  8	  23	 55	  7.9965	  8.5051	  0.0000	   -1.4807	 -1.8438	  0.0000	  6.0000	   0.0000	   0.0000	   0.0000	-450.0000	-450.0000	-450.0000	 -5.0000	  0.6000	  9.1667	   4.0000	   1.0000	   1.6000	  0.3000	  0.2000	  0.1000	  0.1200	  0.1800	   0.0000	   0.0000	   0.0000	   0.0000	   0.0000	   0.0000	   0.0000	   0.0000	   0.0000	  0.1972	  0.0000	        0.0000	        0.0000	        0.0000	        0.0000	        0.0000	        0.0000	        0.0000	  0.4100	  0.3216	  8.5074
2010	  9	  23	 55	  8.9965	 11.3063	  0.0000	   -4.2819	 -2.3314	  0.0000	  7.0000	   0.0000	   0.0000	   0.0000	-450.0000	-450.0000	-450.0000	 -7.1583	 -0.6000	  9.8333	   4.0000	   1.0000	   1.6000	  0.3000	  0.2000	  0.1000	  0.1200	  0.1800	   0.0000	   0.0000	   0.0000	   0.0000	   0.0000	   0.0000	   0.0000	   0.0000	   0.0000	  0.1972	  0.0000	        0.0000	        0.0000	        0.0000	        0.0000	        0.0000	        0.0000	        0.0000	  0.4100	  0.3216	  8.5074
2010	 10	  23	 55	  9.9965	 12.5108	  0.0000	   -5.4864	 -2.9624	  0.0000	  8.0000	   0.0000	   0.0000	   0.0000	-450.0000	-450.0000	-450.0000	 -9.4000	 -1.1000	  9.8333	   4.0000	   1.0000	   1.6000	  0.3000	  0.2000	  0.1000	  0.1200	  0.1800	   0.0000	   0.0000	   0.0000	   0.0000	   0.0000	   0.0000	   0.0000	   0.0000	   0.0000	  0.1972	  0.0000	        0.0000	        0.0000	        0.0000	        0.0000	        0.0000	        0.0000	        0.0000	  0.4100	  0.3216	  8.5074
2010	 11	  23	 55	 10.9965	  9.5815	  0.0000	   -2.5571	 -2.8813	  0.0000	  9.0000	   0.0000	   0.0000	   0.0000	-450.0000	-450.0000	-450.0000	 -6.1000	  0.0010	  9.7500	   4.0000	   1.0000	   1.6000	  0.3000	  0.2000	  0.1000	  0.1200	  0.1800	   0.0000	   0.0000	   0.0000	   0.0000	   0.0000	   0.0000	   0.0000	   0.0000	   0.0000	  0.1972	  0.0000	        0.0000	        0.0000	        0.0000	        0.0000	        0.0000	        0.0000	        0.0000	  0.4100	  0.3216	  8.5074
2010	 12	  23	 55	 11.9965	  7.7148	  0.0000	   -0.6904	 -2.4432	  0.0000	 10.0000	   0.0000	   0.0000	   0.0000	-450.0000	-450.0000	-450.0000	 -3.9000	  2.2000	  9.7500	   4.0000	   1.0000	   1.6000	  0.3000	  0.2000	  0.1000	  0.1200	  0.1800	   0.0000	   0.0000	   0.0000	   0.0000	   0.0000	   0.0000	   0.0000	   0.0000	   0.0000	  0.1972	  0.0000	        0.0000	        0.0000	        0.0000	        0.0000	        0.0000	        0.0000	        0.0000	  0.4100	  0.3216	  8.5074
2010	 13	  23	 55	 12.9965	  8.4218	  0.0000	   -1.3974	 -2.2340	  0.0000	 11.0000	   0.0000	   0.0000	   0.0000	-450.0000	-450.0000	-450.0000	 -4.4000	  2.2000	  9.5833	   4.0000	   1.0000	   1.6000	  0.3000	  0.2000	  0.1000	  0.1200	  0.1800	   0.0000	   0.0000	   0.0000	   0.0000	   0.0000	   0.0000	   0.0000	   0.0000	   0.0000	  0.1972	  0.0000	        0.0000	        0.0000	        0.0000	        0.0000	        0.0000	        0.0000	        0.0000	  0.4100	  0.3216	  8.5074
2010	 14	  23	 55	 13.9965	  6.8402	  0.0000	    0.1842	 -1.7504	  0.0000	 12.0000	   0.0000	   0.0000	   0.0000	-450.0000	-450.0000	-450.0000	 -2.8000	  3.3000	 10.0833	   4.0000	   1.0000	   1.6000	  0.3000	  0.2000	  0.1000	  0.1200	  0.1800	   0.0000	   0.0000	   0.0000	   0.0000	   0.0000	   0.0000	   0.0000	   0.0000	   0.0000	  0.1972	  0.0000	        0.0000	        0.0000	        0.0000	        0.0000	        0.0000	        0.0000	        0.0000	  0.4100	  0.3216	  8.5074
2010	 15	  23	 55	 14.9965	  3.6082	  0.3091	    3.7253	 -0.6552	  0.0000	 13.0000	   0.0000	   0.0000	   0.0000	-450.0000	-450.0000	-450.0000	 -2.2000	 10.0000	  9.5833	   4.0000	   1.0000	   1.6000	  0.3000	  0.2000	  0.1000	  0.1200	  0.1800	   0.0000	   0.0000	   0.0000	   0.0000	   0.0000	   0.0000	   0.0000	   0.0000	   0.0000	  0.1972	  0.0000	        0.0000	        0.0000	        0.0000	        0.0000	        0.0000	        0.0000	        0.0000	  0.4100	  0.3216	  8.5074
2010	 16	  23	 55	 15.9965	  1.9328	  0.3349	    5.4265	  0.5611	  0.0000	 14.0000	   0.0000	   0.0000	   0.0000	-450.0000	-450.0000	-450.0000	  0.8750	  9.4000	 10.0833	   4.0000	   1.0000	   1.6000	  0.3000	  0.2000	  0.1000	  0.1200	  0.1800	   0.0000	   0.0000	   0.0000	   0.0000	   0.0000	   0.0000	   0.0000	   0.0000	   0.0000	  0.1972	  0.0000	        0.0000	        0.0000	        0.0000	        0.0000	        0.0000	        0.0000	        0.0000	  0.4100	  0.3216	  8.5074
2010	 17	  23	 55	 16.9965	  4.0289	  0.0000	    2.9955	  1.0480	 16.2600	  0.0000	   0.0000	   0.0000	   0.0000	-450.0000	-450.0000	-450.0000	 -0.6000	  5.0000	  9.4167	   4.0000	   1.0000	   1.6000	  0.3000	  0.2000	  0.1000	  0.1200	  0.1800	   0.0000	   0.0000	   0.0000	   0.0000	   0.0000	   0.0000	   0.0000	   0.0000	   0.0000	  0.1972	  0.0000	        0.0000	        0.0000	        0.0000	        0.0000	        0.0000	        0.0000	        0.0000	  0.4100	  0.3216	  8.5074
2010	 18	  23	 55	 17.9965	  1.6049	  0.3840	    5.8035	  1.9991	  0.5000	  0.0000	   0.1000	   0.1000	   0.1000	-450.0000	-450.0000	-450.0000	  2.8000	  9.4000	 10.0000	   4.0001	   1.0001	   1.6001	  0.3000	  0.2000	  0.1000	  0.1200	  0.1800	   0.0000	   0.0000	   0.0000	   0.0000	   0.0000	   0.0000	   0.0000	   0.0000	   0.0000	  0.1972	  0.0000	        0.0000	        0.0000	        0.0000	        0.0000	        0.0000	        0.0000	        0.0000	  0.4100	  0.3216	  8.5074
2010	 19	  23	 55	 18.9965	  2.3555	  0.0097	    4.6786	  2.5350	  0.0000	  1.0000	   0.0000	   0.0000	   0.0000	-450.0000	-450.0000	-450.0000	  1.7000	  7.2000	  9.1667	   4.0001	   1.0001	   1.6001	  0.3000	  0.2000	  0.1000	  0.1200	  0.1800	   0.0000	   0.0000	   0.0000	   0.0000	   0.0000	   0.0000	   0.0000	   0.0000	   0.0000	  0.1972	  0.0000	        0.0000	        0.0000	        0.0000	        0.0000	        0.0000	        0.0000	        0.0000	  0.4100	  0.3216	  8.5074
2010	 20	  23	 55	 19.9965	  3.8387	  0.0000	    3.1857	  2.6651	  0.0000	  2.0000	   0.0000	   0.0000	   0.0000	-450.0000	-450.0000	-450.0000	  0.6000	  6.7000	 10.3333	   4.0001	   1.0001	   1.6001	  0.3000	  0.2000	  0.1000	  0.1200	  0.1800	   0.0000	   0.0000	   0.0000	   0.0000	   0.0000	   0.0000	   0.0000	   0.0000	   0.0000	  0.1972	  0.0000	        0.0000	        0.0000	        0.0000	        0.0000	        0.0000	        0.0000	        0.0000	  0.4100	  0.3216	  8.5074
2010	 21	  23	 55	 20.9965	  5.7253	  0.0000	    1.2991	  2.3919	  0.0000	  3.0000	   0.0000	   0.0000	   0.0000	-450.0000	-450.0000	-450.0000	 -1.1000	  5.6000	 10.4167	   4.0001	   1.0001	   1.6001	  0.3000	  0.2000	  0.1000	  0.1200	  0.1800	   0.0000	   0.0000	   0.0000	   0.0000	   0.0000	   0.0000	   0.0000	   0.0000	   0.0000	  0.1972	  0.0000	        0.0000	        0.0000	        0.0000	        0.0000	        0.0000	        0.0000	        0.0000	  0.4100	  0.3216	  8.5074
2010	 22	  23	 55	 21.9965	  4.2889	  0.0000	    2.7355	  2.4606	  0.0000	  4.0000	   0.0000	   0.0000	   0.0000	-450.0000	-450.0000	-450.0000	  0.0917	  6.7000	 10.0000	   4.0001	   1.0001	   1.6001	  0.3000	  0.2000	  0.1000	  0.1200	  0.1800	   0.0000	   0.0000	   0.0000	   0.0000	   0.0000	   0.0000	   0.0000	   0.0000	   0.0000	  0.1972	  0.0000	        0.0000	        0.0000	        0.0000	        0.0000	        0.0000	        0.0000	        0.0000	  0.4100	  0.3216	  8.5074
2010	 23	  23	 55	 22.9965	  6.8730	  0.0000	    0.1514	  1.9988	  0.0000	  5.0000	   0.0000	   0.0000	   0.0000	-450.0000	-450.0000	-450.0000	 -2.8000	  5.0000	 10.5000	   4.0001	   1.0001	   1.6001	  0.3000	  0.2000	  0.1000	  0.1200	  0.1800	   0.0000	   0.0000	   0.0000	   0.0000	   0.0000	   0.0000	   0.0000	   0.0000	   0.0000	  0.1972	  0.0000	        0.0000	        0.0000	        0.0000	        0.0000	        0.0000	        0.0000	        0.0000	  0.4100	  0.3216	  8.5074
2010	 24	  23	 55	 23.9965	  3.6273	  0.3810	    3.7781	  2.3547	  0.0000	  6.0000	   0.0000	   0.0000	   0.0000	-450.0000	-450.0000	-450.0000	 -2.2000	  8.9000	  8.9167	   4.0001	   1.0001	   1.6001	  0.3000	  0.2000	  0.1000	  0.1200	  0.1800	   0.0000	   0.0000	   0.0000	   0.0000	   0.0000	   0.0000	   0.0000	   0.0000	   0.0000	  0.1972	  0.0000	        0.0000	        0.0000	        0.0000	        0.0000	        0.0000	        0.0000	        0.0000	  0.4100	  0.3216	  8.5074
2010	 25	  23	 55	 24.9965	  0.0000	  2.7052	    9.7296	  3.8296	 21.5800	  0.0000	   3.4500	   3.4500	   3.4500	-450.0000	-450.0000	-450.0000	  7.2000	 11.7000	  7.5000	   4.0038	   1.0036	   1.6036	  0.3004	  0.1994	  0.1000	  0.1200	  0.1800	   0.0000	   0.0000	   0.0000	   0.0000	   0.0000	   0.0000	   0.0000	   0.0000	   0.0000	  0.1979	  0.0000	        0.0000	        0.0000	        0.0000	        0.0000	        0.0000	        0.0000	        0.0000	  0.4100	  0.3216	  8.5074
2010	 26	  23	 55	 25.9965	  2.4271	  0.0480	    4.6453	  3.9928	  0.2500	  0.0000	   0.0000	   0.0000	   0.0000	-450.0000	-450.0000	-450.0000	  1.7417	  8.9000	 10.5000	   4.0038	   1.0036	   1.6036	  0.3004	  0.1994	  0.1000	  0.1200	  0.1800	   0.0000	   0.0000	   0.0000	   0.0000	   0.0000	   0.0000	   0.0000	   0.0000	   0.0000	  0.1979	  0.0000	        0.0000	        0.0000	        0.0000	        0.0000	        0.0000	        0.0000	        0.0000	  0.4100	  0.3216	  8.5074
2010	 27	  23	 55	 26.9965	  5.5402	  0.0000	    1.4842	  3.4911	  0.0000	  1.0000	   0.0000	   0.0000	   0.0000	-450.0000	-450.0000	-450.0000	 -0.6000	  5.0000	 10.5833	   4.0038	   1.0036	   1.6036	  0.3004	  0.1994	  0.1000	  0.1200	  0.1800	   0.0000	   0.0000	   0.0000	   0.0000	   0.0000	   0.0000	   0.0000	   0.0000	   0.0000	  0.1979	  0.0000	        0.0000	        0.0000	        0.0000	        0.0000	        0.0000	        0.0000	        0.0000	  0.4100	  0.3216	  8.5074
2010	 28	  23	 55	 27.9965	  6.6959	  0.0000	    0.3285	  2.8585	  2.0300	  0.0000	   0.0000	   0.0000	   0.0000	-450.0000	-450.0000	-450.0000	 -6.6500	  6.1000	  8.6667	   4.0038	   1.0036	   1.6036	  0.3004	  0.1994	  0.1000	  0.1200	  0.1800	   0.0000	   0.0000	   0.0000	   0.0000	   0.0000	   0.0000	   0.0000	   0.0000	   0.0000	  0.1979	  0.0000	        0.0000	        0.0000	        0.0000	        0.0000	        0.0000	        0.0000	        0.0000	  0.4100	  0.3216	  8.5074
2010	 29	  23	 55	 28.9965	 13.7199	  0.0000	   -6.6955	  0.9477	  0.0000	  1.0000	   0.0000	   0.0000	   0.0000	-450.0000	-450.0000	-450.0000	 -8.3000	 -3.9000	 10.5833	   4.0038	   1.0036	   1.6036	  0.3004	  0.1994	  0.1000	  0.1200	  0.1800	   0.0000	   0.0000	   0.0000	   0.0000	   0.0000	   0.0000	   0.0000	   0.0000	   0.0000	  0.1979	  0.0000	        0.0000	        0.0000	        0.0000	        0.0000	        0.0000	        0.0000	        0.0000	  0.4100	  0.3216	  8.5074
2010	 30	  23	 55	 29.9965	 15.1399	  0.0000	   -8.1155	 -0.8649	  0.0000	  2.0000	   0.0000	   0.0000	   0.0000	-450.0000	-450.0000	-450.0000	-10.0000	 -7.2000	  9.4167	   4.0038	   1.0036	   1.6036	  0.3004	  0.1994	  0.1000	  0.1200	  0.1800	   0.0000	   0.0000	   0.0000	   0.0000	   0.0000	   0.0000	   0.0000	   0.0000	   0.0000	  0.1979	  0.0000	        0.0000	        0.0000	        0.0000	        0.0000	        0.0000	        0.0000	        0.0000	  0.4100	  0.3216	  8.5074
2010	 31	  23	 55	 30.9965	 11.9739	  0.0000	   -4.9495	 -1.6818	  0.0000	  3.0000	   0.0000	   0.0000	   0.0000	-450.0000	-450.0000	-450.0000	 -9.4000	 -1.7000	 10.6667	   4.0038	   1.0036	   1.6036	  0.3004	  0.1994	  0.1000	  0.1200	  0.1800	   0.0000	   0.0000	   0.0000	   0.0000	   0.0000	   0.0000	   0.0000	   0.0000	   0.0000	  0.1979	  0.0000	        0.0000	        0.0000	        0.0000	        0.0000	        0.0000	        0.0000	        0.0000	  0.4100	  0.3216	  8.5074
2010	 32	  23	 55	 31.9965	  7.9119	  0.0000	   -0.8875	 -1.5230	  0.0000	  4.0000	   0.0000	   0.0000	   0.0000	-450.0000	-450.0000	-450.0000	 -3.9000	  2.2000	 10.6667	   4.0038	   1.0036	   1.6036	  0.3004	  0.1994	  0.1000	  0.1200	  0.1800	   0.0000	   0.0000	   0.0000	   0.0000	   0.0000	   0.0000	   0.0000	   0.0000	   0.0000	  0.1979	  0.0000	        0.0000	        0.0000	        0.0000	        0.0000	        0.0000	        0.0000	        0.0000	  0.4100	  0.3216	  8.5074
2010	 33	  23	 55	 32.9965	  8.0318	  0.0000	   -1.0074	 -1.4198	  0.0000	  5.0000	   0.0000	   0.0000	   0.0000	-450.0000	-450.0000	-450.0000	 -3.3000	  0.0010	  9.2500	   4.0038	   1.0036	   1.6036	  0.3004	  0.1994	  0.1000	  0.1200	  0.1800	   0.0000	   0.0000	   0.0000	   0.0000	   0.0000	   0.0000	   0.0000	   0.0000	   0.0000	  0.1979	  0.0000	        0.0000	        0.0000	        0.0000	        0.0000	        0.0000	        0.0000	        0.0000	  0.4100	  0.3216	  8.5074
2010	 34	  23	 55	 33.9965	  6.6772	  0.0000	    0.3472	 -1.0664	  0.7500	  0.0000	   0.0000	   0.0000	   0.0000	-450.0000	-450.0000	-450.0000	 -2.2000	  3.3000	 10.1667	   4.0038	   1.0036	   1.6036	  0.3004	  0.1994	  0.1000	  0.1200	  0.1800	   0.0000	   0.0000	   0.0000	   0.0000	   0.0000	   0.0000	   0.0000	   0.0000	   0.0000	  0.1979	  0.0000	        0.0000	        0.0000	        0.0000	        0.0000	        0.0000	        0.0000	        0.0000	  0.4100	  0.3216	  8.5074
2010	 35	  23	 55	 34.9965	  6.2205	  0.0000	    0.8039	 -0.6924	  0.0000	  1.0000	   0.0000	   0.0000	   0.0000	-450.0000	-450.0000	-450.0000	 -1.7000	  3.3000	 10.7500	   4.0038	   1.0036	   1.6036	  0.3004	  0.1994	  0.1000	  0.1200	  0.1800	   0.0000	   0.0000	   0.0000	   0.0000	   0.0000	   0.0000	   0.0000	   0.0000	   0.0000	  0.1979	  0.0000	        0.0000	        0.0000	        0.0000	        0.0000	        0.0000	        0.0000	        0.0000	  0.4100	  0.3216	  8.5074
2010	 36	  23	 55	 35.9965	  6.4148	  0.0000	    0.6096	 -0.4320	  0.0000	  2.0000	   0.0000	   0.0000	   0.0000	-450.0000	-450.0000	-450.0000	 -1.7000	  2.8000	 10.1667	   4.0038	   1.0036	   1.6036	  0.3004	  0.1994	  0.1000	  0.1200	  0.1800	   0.0000	   0.0000	   0.0000	   0.0000	   0.0000	   0.0000	   0.0000	   0.0000	   0.0000	  0.1979	  0.0000	        0.0000	        0.0000	        0.0000	        0.0000	        0.0000	        0.0000	        0.0000	  0.4100	  0.3216	  8.5074
2010	 37	  23	 55	 36.9965	 10.2648	  0.0000	   -3.2404	 -0.9937	  0.5000	  0.0000	   0.0000	   0.0000	   0.0000	-450.0000	-450.0000	-450.0000	 -6.0583	  1.1000	  8.5833	   4.0038	   1.0036	   1.6036	  0.3004	  0.1994	  0.1000	  0.1200	  0.1800	   0.0000	   0.0000	   0.0000	   0.0000	   0.0000	   0.0000	   0.0000	   0.0000	   0.0000	  0.1979	  0.0000	        0.0000	        0.0000	        0.0000	        0.0000	        0.0000	        0.0000	        0.0000	  0.4100	  0.3216	  8.5074
2010	 38	  23	 55	 37.9965	 11.2096	  0.0000	   -4.1852	 -1.6320	  0.0000	  1.0000	   0.0000	   0.0000	   0.0000	-450.0000	-450.0000	-450.0000	 -8.3000	  1.7000	 10.7500	   4.0038	   1.0036	   1.6036	  0.3004	  0.1994	  0.1000	  0.1200	  0.1800	   0.0000	   0.0000	   0.0000	   0.0000	   0.0000	   0.0000	   0.0000	   0.0000	   0.0000	  0.1979	  0.0000	        0.0000	        0.0000	        0.0000	        0.0000	        0.0000	        0.0000	        0.0000	  0.4100	  0.3216	  8.5074
2010	 39	  23	 55	 38.9965	  8.1444	  0.0000	   -1.1200	 -1.5296	  0.0000	  2.0000	   0.0000	   0.0000	   0.0000	-450.0000	-450.0000	-450.0000	 -5.0000	  3.9000	 10.7500	   4.0038	   1.0036	   1.6036	  0.3004	  0.1994	  0.1000	  0.1200	  0.1800	   0.0000	   0.0000	   0.0000	   0.0000	   0.0000	   0.0000	   0.0000	   0.0000	   0.0000	  0.1979	  0.0000	        0.0000	        0.0000	        0.0000	        0.0000	        0.0000	        0.0000	        0.0000	  0.4100	  0.3216	  8.5074
2010	 40	  23	 55	 39.9965	  6.1890	  0.0000	    0.8354	 -1.0566	  0.4792	  0.0000	   0.0000	   0.0000	   0.0000	-450.0000	-450.0000	-450.0000	 -2.2000	  4.4000	 10.5000	   4.0038	   1.0036	   1.6036	  0.3004	  0.1994	  0.1000	  0.1200	  0.1800	   0.0000	   0.0000	   0.0000	   0.0000	   0.0000	   0.0000	   0.0000	   0.0000	   0.0000	  0.1979	  0.0000	        0.0000	        0.0000	        0.0000	        0.0000	        0.0000	        0.0000	        0.0000	  0.4100	  0.3216	  8.5074
2010	 41	  23	 55	 40.9965	  7.2497	  0.0000	   -0.2253	 -0.8903	 16.0100	  0.0000	   0.0000	   0.0000	   0.0000	-450.0000	-450.0000	-450.0000	 -0.6000	  0.0010	  9.2500	   4.0038	   1.0036	   1.6036	  0.3004	  0.1994	  0.1000	  0.1200	  0.1800	   0.0000	   0.0000	   0.0000	   0.0000	   0.0000	   0.0000	   0.0000	   0.0000	   0.0000	  0.1979	  0.0000	        0.0000	        0.0000	        0.0000	        0.0000	        0.0000	        0.0000	        0.0000	  0.4100	  0.3216	  8.5074
2010	 42	  23	 55	 41.9965	  6.8533	  0.0000	    0.1711	 -0.6780	  0.0208	  0.0000	   0.0000	   0.0000	   0.0000	-450.0000	-450.0000	-450.0000	 -2.2000	  2.2000	 10.7500	   4.0038	   1.0036	   1.6036	  0.3004	  0.1994	  0.1000	  0.1200	  0.1800	   0.0000	   0.0000	   0.0000	   0.0000	   0.0000	   0.0000	   0.0000	   0.0000	   0.0000	  0.1979	  0.0000	        0.0000	        0.0000	        0.0000	        0.0000	        0.0000	        0.0000	        0.0000	  0.4100	  0.3216	  8.5074
2010	 43	  23	 55	 42.9965	  7.9556	  0.0000	   -0.9312	 -0.7287	  0.0000	  1.0000	   0.0000	   0.0000	   0.0000	-450.0000	-450.0000	-450.0000	 -3.3000	  2.2000	 10.8333	   4.0038	   1.0036	   1.6036	  0.3004	  0.1994	  0.1000	  0.1200	  0.1800	   0.0000	   0.0000	   0.0000	   0.0000	   0.0000	   0.0000	   0.0000	   0.0000	   0.0000	  0.1979	  0.0000	        0.0000	        0.0000	        0.0000	        0.0000	        0.0000	        0.0000	        0.0000	  0.4100	  0.3216	  8.5074
2010	 44	  23	 55	 43.9965	  9.2960	  0.0000	   -2.2716	 -1.0373	  0.0000	  2.0000	   0.0000	   0.0000	   0.0000	-450.0000	-450.0000	-450.0000	 -3.9000	  0.0010	 10.5000	   4.0038	   1.0036	   1.6036	  0.3004	  0.1994	  0.1000	  0.1200	  0.1800	   0.0000	   0.0000	   0.0000	   0.0000	   0.0000	   0.0000	   0.0000	   0.0000	   0.0000	  0.1979	  0.0000	        0.0000	        0.0000	        0.0000	        0.0000	        0.0000	        0.0000	        0.0000	  0.4100	  0.3216	  8.5074
2010	 45	  23	 55	 44.9965	  6.8662	  0.0000	    0.1582	 -0.7982	  0.0000	  3.0000	   0.0000	   0.0000	   0.0000	-450.0000	-450.0000	-450.0000	 -2.8000	  3.9000	 10.8333	   4.0038	   1.0036	   1.6036	  0.3004	  0.1994	  0.1000	  0.1200	  0.1800	   0.0000	   0.0000	   0.0000	   0.0000	   0.0000	   0.0000	   0.0000	   0.0000	   0.0000	  0.1979	  0.0000	        0.0000	        0.0000	        0.0000	        0.0000	        0.0000	        0.0000	        0.0000	  0.4100	  0.3216	  8.5074
2010	 46	  23	 55	 45.9965	  7.1069	  0.0000	   -0.0825	 -0.6550	  1.9242	  0.0000	   0.0000	   0.0000	   0.0000	-450.0000	-450.0000	-450.0000	 -2.8000	  2.2000	 10.8333	   4.0038	   1.0036	   1.6036	  0.3004	  0.1994	  0.1000	  0.1200	  0.1800	   0.0000	   0.0000	   0.0000	   0.0000	   0.0000	   0.0000	   0.0000	   0.0000	   0.0000	  0.1979	  0.0000	        0.0000	        0.0000	        0.0000	        0.0000	        0.0000	        0.0000	        0.0000	  0.4100	  0.3216	  8.5074
2010	 47	  23	 55	 46.9965	  6.8527	  0.0000	    0.1717	 -0.4897	 10.2558	  0.0000	   0.0000	   0.0000	   0.0000	-450.0000	-450.0000	-450.0000	 -1.0583	  1.1000	  9.8333	   4.0038	   1.0036	   1.6036	  0.3004	  0.1994	  0.1000	  0.1200	  0.1800	   0.0000	   0.0000	   0.0000	   0.0000	   0.0000	   0.0000	   0.0000	   0.0000	   0.0000	  0.1979	  0.0000	        0.0000	        0.0000	        0.0000	        0.0000	        0.0000	        0.0000	        0.0000	  0.4100	  0.3216	  8.5074
2010	 48	  23	 55	 47.9965	  7.5175	  0.0000	   -0.4931	 -0.4904	  0.0000	  1.0000	   0.0000	   0.0000	   0.0000	-450.0000	-450.0000	-450.0000	 -3.3000	  1.1000	  9.8333	   4.0038	   1.0036	   1.6036	  0.3004	  0.1994	  0.1000	  0.1200	  0.1800	   0.0000	   0.0000	   0.0000	   0.0000	   0.0000	   0.0000	   0.0000	   0.0000	   0.0000	  0.1979	  0.0000	        0.0000	        0.0000	        0.0000	        0.0000	        0.0000	        0.0000	        0.0000	  0.4100	  0.3216	  8.5074
2010	 49	  23	 55	 48.9965	  4.8300	  0.0000	    2.1944	  0.0466	  0.0000	  2.0000	   0.0000	   0.0000	   0.0000	-450.0000	-450.0000	-450.0000	  0.0010	  4.4000	 10.8333	   4.0038	   1.0036	   1.6036	  0.3004	  0.1994	  0.1000	  0.1200	  0.1800	   0.0000	   0.0000	   0.0000	   0.0000	   0.0000	   0.0000	   0.0000	   0.0000	   0.0000	  0.1979	  0.0000	        0.0000	        0.0000	        0.0000	        0.0000	        0.0000	        0.0000	        0.0000	  0.4100	  0.3216	  8.5074
2010	 50	  23	 55	 49.9965	  3.2444	  0.0000	    3.7800	  0.7933	  0.0000	  3.0000	   0.0000	   0.0000	   0.0000	-450.0000	-450.0000	-450.0000	  1.7000	  6.1000	 10.5833	   4.0038	   1.0036	   1.6036	  0.3004	  0.1994	  0.1000	  0.1200	  0.1800	   0.0000	   0.0000	   0.0000	   0.0000	   0.0000	   0.0000	   0.0000	   0.0000	   0.0000	  0.1979	  0.0000	        0.0000	        0.0000	        0.0000	        0.0000	        0.0000	        0.0000	        0.0000	  0.4100	  0.3216	  8.5074
2010	 51	  23	 55	 50.9965	  2.8957	  0.0025	    4.1312	  1.4608	  0.0000	  4.0000	   0.0000	   0.0000	   0.0000	-450.0000	-450.0000	-450.0000	  1.7000	  7.2000	 11.0000	   4.0038	   1.0036	   1.6036	  0.3004	  0.1994	  0.1000	  0.1200	  0.1800	   0.0000	   0.0000	   0.0000	   0.0000	   0.0000	   0.0000	   0.0000	   0.0000	   0.0000	  0.1979	  0.0000	        0.0000	        0.0000	        0.0000	        0.0000	        0.0000	        0.0000	        0.0000	  0.4100	  0.3216	  8.5074
2010	 52	  23	 55	 51.9965	  3.0017	  0.1205	    4.1432	  1.9973	  0.0000	  5.0000	   0.0000	   0.0000	   0.0000	-450.0000	-450.0000	-450.0000	  0.6000	  7.8000	 11.2500	   4.0038	   1.0036	   1.6036	  0.3004	  0.1994	  0.1000	  0.1200	  0.1800	   0.0000	   0.0000	   0.0000	   0.0000	   0.0000	   0.0000	   0.0000	   0.0000	   0.0000	  0.1979	  0.0000	        0.0000	        0.0000	        0.0000	        0.0000	        0.0000	        0.0000	        0.0000	  0.4100	  0.3216	  8.5074
2010	 53	  23	 55	 52.9965	  4.8697	  0.0000	    2.1547	  2.0288	  0.9467	  0.0000	   0.0000	   0.0000	   0.0000	-450.0000	-450.0000	-450.0000	 -1.7000	  5.6000	 10.9167	   4.0038	   1.0036	   1.6036	  0.3004	  0.1994	  0.1000	  0.1200	  0.1800	   0.0000	   0.0000	   0.0000	   0.0000	   0.0000	   0.0000	   0.0000	   0.0000	   0.0000	  0.1979	  0.0000	        0.0000	        0.0000	        0.0000	        0.0000	        0.0000	        0.0000	        0.0000	  0.4100	  0.3216	  8.5074
2010	 54	  23	 55	 53.9965	  4.0474	  0.0000	    2.9770	  2.2184	 28.4892	  0.0000	   0.0000	   0.0000	   0.0000	-450.0000	-450.0000	-450.0000	  2.2000	  3.9000	 10.6667	   4.0038	   1.0036	   1.6036	  0.3004	  0.1994	  0.1000	  0.1200	  0.1800	   0.0000	   0.0000	   0.0000	   0.0000	   0.0000	   0.0000	   0.0000	   0.0000	   0.0000	  0.1979	  0.0000	        0.0000	        0.0000	        0.0000	        0.0000	        0.0000	        0.0000	        0.0000	  0.4100	  0.3216	  8.5074
2010	 55	  23	 55	 54.9965	  2.9477	  0.0000	    4.0767	  2.5901	 12.7042	  0.0000	   0.0000	   0.0000	   0.0000	-450.0000	-450.0000	-450.0000	  3.3000	  5.0000	 10.2500	   4.0038	   1.0036	   1.6036	  0.3004	  0.1994	  0.1000	  0.1200	  0.1800	   0.0000	   0.0000	   0.0000	   0.0000	   0.0000	   0.0000	   0.0000	   0.0000	   0.0000	  0.1979	  0.0000	        0.0000	        0.0000	        0.0000	        0.0000	        0.0000	        0.0000	        0.0000	  0.4100	  0.3216	  8.5074
2010	 56	  23	 55	 55.9965	  5.8419	  0.0000	    1.1825	  2.3086	 39.7417	  0.0000	   0.0000	   0.0000	   0.0000	-450.0000	-450.0000	-450.0000	 -2.2000	  3.3000	  7.8333	   4.0038	   1.0036	   1.6036	  0.3004	  0.1994	  0.1000	  0.1200	  0.1800	   0.0000	   0.0000	   0.0000	   0.0000	   0.0000	   0.0000	   0.0000	   0.0000	   0.0000	  0.1979	  0.0000	        0.0000	        0.0000	        0.0000	        0.0000	        0.0000	        0.0000	        0.0000	  0.4100	  0.3216	  8.5074
2010	 57	  23	 55	 56.9965	  8.2240	  0.0000	   -1.1996	  1.6069	 21.7383	  0.0000	   0.0000	   0.0000	   0.0000	-450.0000	-450.0000	-450.0000	 -3.9000	  1.1000	 10.6667	   4.0038	   1.0036	   1.6036	  0.3004	  0.1994	  0.1000	  0.1200	  0.1800	   0.0000	   0.0000	   0.0000	   0.0000	   0.0000	   0.0000	   0.0000	   0.0000	   0.0000	  0.1979	  0.0000	        0.0000	        0.0000	        0.0000	        0.0000	        0.0000	        0.0000	        0.0000	  0.4100	  0.3216	  8.5074
2010	 58	  23	 55	 57.9965	  6.4514	  0.0000	    0.5730	  1.4001	  0.0000	  1.0000	   0.0000	   0.0000	   0.0000	-450.0000	-450.0000	-450.0000	 -1.1000	  2.2000	 11.5000	   4.0038	   1.0036	   1.6036	  0.3004	  0.1994	  0.1000	  0.1200	  0.1800	   0.0000	   0.0000	   0.0000	   0.0000	   0.0000	   0.0000	   0.0000	   0.0000	   0.0000	  0.1979	  0.0000	        0.0000	        0.0000	        0.0000	        0.0000	        0.0000	        0.0000	        0.0000	  0.4100	  0.3216	  8.5074
2010	 59	  23	 55	 58.9965	  4.9307	  0.0000	    2.0936	  1.5388	  0.0000	  2.0000	   0.0000	   0.0000	   0.0000	-450.0000	-450.0000	-450.0000	 -0.6000	  3.9000	 11.3333	   4.0038	   1.0036	   1.6036	  0.3004	  0.1994	  0.1000	  0.1200	  0.1800	   0.0000	   0.0000	   0.0000	   0.0000	   0.0000	   0.0000	   0.0000	   0.0000	   0.0000	  0.1979	  0.0000	        0.0000	        0.0000	        0.0000	        0.0000	        0.0000	        0.0000	        0.0000	  0.4100	  0.3216	  8.5074
2010	 60	  23	 55	 59.9965	  2.1323	  0.3809	    5.2730	  2.2857	  0.0000	  3.0000	   0.0000	   0.0000	   0.0000	-450.0000	-450.0000	-450.0000	  2.2000	  9.4000	 11.8333	   4.0038	   1.0036	   1.6036	  0.3004	  0.1994	  0.1000	  0.1200	  0.1800	   0.0000	   0.0000	   0.0000	   0.0000	   0.0000	   0.0000	   0.0000	   0.0000	   0.0000	  0.1979	  0.0000	        0.0000	        0.0000	        0.0000	        0.0000	        0.0000	        0.0000	        0.0000	  0.4100	  0.3216	  8.5074
2010	 61	  23	 55	 60.9965	  2.6246	  0.1117	    4.5115	  2.7308	  0.0000	  4.0000	   0.0000	   0.0000	   0.0000	-450.0000	-450.0000	-450.0000	  1.1000	  8.3000	 11.5833	   4.0038	   1.0036	   1.6036	  0.3004	  0.1994	  0.1000	  0.1200	  0.1800	   0.0000	   0.0000	   0.0000	   0.0000	   0.0000	   0.0000	   0.0000	   0.0000	   0.0000	  0.1979	  0.0000	        0.0000	        0.0000	        0.0000	        0.0000	        0.0000	        0.0000	        0.0000	  0.4100	  0.3216	  8.5074
2010	 62	  23	 55	 61.9965	  3.6866	  0.0000	    3.3378	  2.8522	  0.7600	  0.0000	   0.0000	   0.0000	   0.0000	-450.0000	-450.0000	-450.0000	  1.1000	  4.4000	 10.2500	   4.0038	   1.0036	   1.6036	  0.3004	  0.1994	  0.1000	  0.1200	  0.1800	   0.0000	   0.0000	   0.0000	   0.0000	   0.0000	   0.0000	   0.0000	   0.0000	   0.0000	  0.1979	  0.0000	        0.0000	        0.0000	        0.0000	        0.0000	        0.0000	        0.0000	        0.0000	  0.4100	  0.3216	  8.5074
2010	 63	  23	 55	 62.9965	  2.2343	  0.2981	    5.0882	  3.2994	  0.0000	  1.0000	   0.0000	   0.0000	   0.0000	-450.0000	-450.0000	-450.0000	  2.2000	  8.9000	 11.4167	   4.0038	   1.0036	   1.6036	  0.3004	  0.1994	  0.1000	  0.1200	  0.1800	   0.0000	   0.0000	   0.0000	   0.0000	   0.0000	   0.0000	   0.0000	   0.0000	   0.0000	  0.1979	  0.0000	        0.0000	        0.0000	        0.0000	        0.0000	        0.0000	        0.0000	        0.0000	  0.4100	  0.3216	  8.5074
2010	 64	  23	 55	 63.9965	  2.8120	  0.1852	    4.3976	  3.5190	  0.0000	  2.0000	   0.0000	   0.0000	   0.0000	-450.0000	-450.0000	-450.0000	  1.7000	  8.9000	 11.4167	   4.0038	   1.0036	   1.6036	  0.3004	  0.1994	  0.1000	  0.1200	  0.1800	   0.0000	   0.0000	   0.0000	   0.0000	   0.0000	   0.0000	   0.0000	   0.0000	   0.0000	  0.1979	  0.0000	        0.0000	        0.0000	        0.0000	        0.0000	        0.0000	        0.0000	        0.0000	  0.4100	  0.3216	  8.5074
2010	 65	  23	 55	 64.9965	  2.4901	  1.5361	    6.0704	  4.0293	  0.0000	  3.0000	   0.0000	   0.0000	   0.0000	-450.0000	-450.0000	-450.0000	 -0.6000	 12.2000	 12.2500	   4.0038	   1.0036	   1.6036	  0.3004	  0.1994	  0.1000	  0.1200	  0.1800	   0.0000	   0.0000	   0.0000	   0.0000	   0.0000	   0.0000	   0.0000	   0.0000	   0.0000	  0.1979	  0.0000	        0.0000	        0.0000	        0.0000	        0.0000	        0.0000	        0.0000	        0.0000	  0.4100	  0.3216	  8.5074
2010	 66	  23	 55	 65.9965	  1.2727	  2.8081	    8.5598	  4.9354	  0.0000	  4.0000	   2.3000	   2.3000	   2.3000	-450.0000	-450.0000	-450.0000	  2.2000	 14.4000	 12.1667	   4.0062	   1.0059	   1.6060	  0.3007	  0.1990	  0.1000	  0.1201	  0.1800	   0.0000	   0.0000	   0.0000	   0.0000	   0.0000	   0.0000	   0.0000	   0.0000	   0.0000	  0.1983	  0.0000	        0.0000	        0.0000	        0.0000	        0.0000	        0.0000	        0.0000	        0.0000	  0.4100	  0.3216	  8.5074
2010	 67	  23	 55	 66.9965	  0.1866	  4.0296	   10.8674	  6.1218	  0.0000	  5.0000	   6.6000	   6.6000	   6.6000	-450.0000	-450.0000	-450.0000	  3.9000	 16.7000	 12.2500	   4.0132	   1.0125	   1.6127	  0.3014	  0.1978	  0.1000	  0.1202	  0.1801	   0.0000	   0.0000	   0.0000	   0.0000	   0.0000	   0.0000	   0.0000	   0.0000	   0.0000	  0.1995	  0.0000	        0.0000	        0.0000	        0.0000	        0.0000	        0.0000	        0.0000	        0.0000	  0.4100	  0.3216	  8.5074
2010	 68	  23	 55	 67.9965	  0.1817	  3.5221	   10.3648	  6.9704	  0.0000	  6.0000	  11.1500	  11.1500	  11.1500	-450.0000	-450.0000	-450.0000	  5.0000	 16.1000	 12.2500	   4.0249	   1.0236	   1.6241	  0.3026	  0.1958	  0.1000	  0.1203	  0.1802	   0.0000	   0.0000	   0.0000	   0.0000	   0.0000	   0.0000	   0.0000	   0.0000	   0.0000	  0.2015	  0.0000	        0.0000	        0.0000	        0.0000	        0.0000	        0.0000	        0.0000	        0.0000	  0.4100	  0.3216	  8.5074
2010	 69	  23	 55	 68.9965	  1.0525	  1.3079	    7.2798	  7.0323	  0.0000	  7.0000	  12.3500	  12.3500	  12.3500	-450.0000	-450.0000	-450.0000	  3.3000	 11.1000	 11.9167	   4.0380	   1.0360	   1.6366	  0.3040	  0.1936	  0.1000	  0.1205	  0.1803	   0.0000	   0.0000	   0.0000	   0.0000	   0.0000	   0.0000	   0.0000	   0.0000	   0.0000	  0.2037	  0.0000	        0.0000	        0.0000	        0.0000	        0.0000	        0.0000	        0.0000	        0.0000	  0.4100	  0.3216	  8.5074
2010	 70	  23	 55	 69.9965	  0.0577	  1.5630	    8.5296	  7.3318	  0.0000	  8.0000	  14.9500	  14.9500	  14.9500	-450.0000	-450.0000	-450.0000	  6.1000	 11.1000	 10.5833	   4.0538	   1.0509	   1.6519	  0.3057	  0.1909	  0.1000	  0.1207	  0.1804	   0.0000	   0.0000	   0.0000	   0.0000	   0.0000	   0.0000	   0.0000	   0.0000	   0.0000	  0.2064	  0.0000	        0.0000	        0.0000	        0.0000	        0.0000	        0.0000	        0.0000	        0.0000	  0.4100	  0.3216	  8.5074
2010	 71	  23	 55	 70.9965	  0.5009	  0.4117	    6.9352	  7.2524	 12.6367	  0.0000	  16.2000	  16.2000	  16.2000	-450.0000	-450.0000	-450.0000	  5.6000	  8.9000	 10.6667	   4.0709	   1.0672	   1.6684	  0.3075	  0.1881	  0.1000	  0.1209	  0.1805	   0.0000	   0.0000	   0.0000	   0.0000	   0.0000	   0.0000	   0.0000	   0.0000	   0.0000	  0.2093	  0.0000	        0.0000	        0.0000	        0.0000	        0.0000	        0.0000	        0.0000	        0.0000	  0.4100	  0.3216	  8.5074
2010	 72	  23	 55	 71.9965	  0.6835	  1.7053	    8.0462	  7.4112	 44.1475	  0.0000	  17.7000	  17.7000	  17.7000	-450.0000	-450.0000	-450.0000	  4.4000	 10.6000	  9.9167	   4.0897	   1.0849	   1.6865	  0.3094	  0.1849	  0.1000	  0.1211	  0.1806	   0.0000	   0.0000	   0.0000	   0.0000	   0.0000	   0.0000	   0.0000	   0.0000	   0.0000	  0.2125	  0.0000	        0.0000	        0.0000	        0.0000	        0.0000	        0.0000	        0.0000	        0.0000	  0.4100	  0.3216	  8.5074
2010	 73	  23	 55	 72.9965	  0.0996	  1.2604	    8.1852	  7.5660	  9.4325	  0.0000	  19.5458	  19.5458	  19.5458	-450.0000	-450.0000	-450.0000	  5.6917	 10.0000	 10.5833	   4.1103	   1.1045	   1.7064	  0.3116	  0.1814	  0.1000	  0.1214	  0.1807	   0.0000	   0.0000	   0.0000	   0.0000	   0.0000	   0.0000	   0.0000	   0.0000	   0.0000	  0.2161	  0.0000	        0.0000	        0.0000	        0.0000	        0.0000	        0.0000	        0.0000	        0.0000	  0.4100	  0.3216	  8.5074
2010	 74	  23	 55	 73.9965	  0.8254	  0.0268	    6.2258	  7.2979	  6.8933	  0.0000	  19.9458	  19.9458	  19.9458	-450.0000	-450.0000	-450.0000	  5.6000	  7.2000	  8.8333	   4.1315	   1.1246	   1.7268	  0.3138	  0.1779	  0.1000	  0.1217	  0.1809	   0.0000	   0.0000	   0.0000	   0.0000	   0.0000	   0.0000	   0.0000	   0.0000	   0.0000	  0.2197	  0.0000	        0.0000	        0.0000	        0.0000	        0.0000	        0.0000	        0.0000	        0.0000	  0.4100	  0.3216	  8.5074
2010	 75	  23	 55	 74.9965	  0.1484	  3.2258	   10.1017	  7.8587	  0.0000	  1.0000	  25.0458	  25.0458	  25.0458	-450.0000	-450.0000	-450.0000	  5.0000	 17.2000	 12.5833	   4.1580	   1.1497	   1.7524	  0.3166	  0.1734	  0.1000	  0.1220	  0.1811	   0.0000	   0.0000	   0.0000	   0.0000	   0.0000	   0.0000	   0.0000	   0.0000	   0.0000	  0.2242	  0.0000	        0.0000	        0.0000	        0.0000	        0.0000	        0.0000	        0.0000	        0.0000	  0.4100	  0.3216	  8.5074
2010	 76	  23	 55	 75.9965	  0.8316	  3.2444	    9.4371	  8.1744	  0.0000	  2.0000	  29.0458	  29.0458	  29.0458	-450.0000	-450.0000	-450.0000	  2.8000	 17.2000	 12.5833	   4.1887	   1.1789	   1.7821	  0.3199	  0.1682	  0.1000	  0.1224	  0.1813	   0.0000	   0.0000	   0.0000	   0.0000	   0.0000	   0.0000	   0.0000	   0.0000	   0.0000	  0.2295	  0.0000	        0.0000	        0.0000	        0.0000	        0.0000	        0.0000	        0.0000	        0.0000	  0.4100	  0.3216	  8.5074
2010	 77	  23	 55	 76.9965	  0.1427	  3.8359	   10.7176	  8.6830	  0.0000	  3.0000	  35.2958	  35.2958	  35.2958	-450.0000	-450.0000	-450.0000	  5.6000	 18.9000	 12.5833	   4.2261	   1.2145	   1.8182	  0.3238	  0.1619	  0.1000	  0.1229	  0.1815	   0.0000	   0.0000	   0.0000	   0.0000	   0.0000	   0.0000	   0.0000	   0.0000	   0.0000	  0.2359	  0.0000	        0.0000	        0.0000	        0.0000	        0.0000	        0.0000	        0.0000	        0.0000	  0.4100	  0.3216	  8.5074
2010	 78	  23	 55	 77.9965	  0.1330	  5.0116	   11.9030	  9.3270	  0.0000	  4.0000	  42.3458	  42.3458	  42.3458	-450.0000	-450.0000	-450.0000	  6.1000	 20.0000	 12.5000	   4.2709	   1.2571	   1.8616	  0.3286	  0.1543	  0.1000	  0.1234	  0.1818	   0.0000	   0.0000	   0.0000	   0.0000	   0.0000	   0.0000	   0.0000	   0.0000	   0.0000	  0.2436	  0.0000	        0.0000	        0.0000	        0.0000	        0.0000	        0.0000	        0.0000	        0.0000	  0.4100	  0.3216	  8.5074
2010	 79	  23	 55	 78.9965	  0.0000	  5.9427	   12.9671	 10.0550	  0.0000	  5.0000	  50.4958	  50.4958	  50.4958	   0.0000	   0.0000	   0.0000	  8.3000	 20.0000	 12.5833	   4.3245	   1.3081	   1.9134	  0.3342	  0.1452	  0.1000	  0.1241	  0.1822	   0.0000	   0.0000	   0.0000	   0.0000	   0.0000	   0.0000	   0.0000	   0.0000	   0.0000	  0.2527	  0.0000	        0.0000	        0.0000	        0.0000	        0.0000	        0.0000	        0.0000	        0.0000	  0.4100	  0.3216	  8.5074
2010	 80	  23	 55	 79.9965	  0.0000	  3.8488	   10.8732	 10.2187	  0.0000	  6.0000	  55.3458	  55.3458	  55.3458	   0.0000	   0.0000	   0.0000	  7.8000	 13.9000	 12.2500	   4.3831	   1.3640	   1.9702	  0.3404	  0.1353	  0.1000	  0.1249	  0.1826	   0.0000	   0.0000	   0.0000	   0.0000	   0.0000	   0.0000	   0.0000	   0.0000	   0.0000	  0.2628	  0.0000	        0.0000	        0.0000	        0.0000	        0.0000	        0.0000	        0.0000	        0.0000	  0.3493	  0.3216	-21.7243
2010	 81	  23	 55	 80.9965	  0.0000	  4.0808	   11.1052	 10.3960	 26.1075	  0.0000	  60.7458	  60.7458	  60.7458	   0.0000	   0.0000	   0.0000	  8.9000	 13.9000	 11.0833	   4.4476	   1.4255	   2.0326	  0.3473	  0.1243	  0.1000	  0.1257	  0.1830	   0.0000	   0.0000	   0.0000	   0.0000	   0.0000	   0.0000	   0.0000	   0.0000	   0.0000	  0.2739	  0.0000	        0.0000	        0.0000	        0.0000	        0.0000	        0.0000	        0.0000	        0.0000	  0.3493	  0.3216	-21.7243
2010	 82	  23	 55	 81.9965	  0.0000	  2.1678	    9.1922	 10.1552	  2.5625	  0.0000	  63.9458	  63.9458	  63.9458	   0.0000	   0.0000	   0.0000	  7.8000	 10.6000	 11.7500	   4.5155	   1.4904	   2.0984	  0.3545	  0.1128	  0.1000	  0.1265	  0.1835	   0.0000	   0.0000	   0.0000	   0.0000	   0.0000	   0.0000	   0.0000	   0.0000	   0.0000	  0.2856	  0.0000	        0.0000	        0.0000	        0.0000	        0.0000	        0.0000	        0.0000	        0.0000	  0.3493	  0.3216	-21.7243
2010	 83	  23	 55	 82.9965	  0.0577	  4.0006	   10.9672	 10.3176	  0.0000	  1.0000	  69.3458	  69.3458	  69.3458	   0.0000	   0.0000	   0.0000	  6.7000	 16.1000	 12.6667	   4.5891	   1.5609	   2.1698	  0.3623	  0.1003	  0.1000	  0.1275	  0.1840	   0.0000	   0.0000	   0.0000	   0.0000	   0.0000	   0.0000	   0.0000	   0.0000	   0.0000	  0.2983	  0.0000	        0.0000	        0.0000	        0.0000	        0.0000	        0.0000	        0.0000	        0.0000	  0.3493	  0.3216	-21.7243
2010	 84	  23	 55	 83.9965	  0.0859	  2.1829	    9.1214	 10.0784	  0.2292	  0.0000	  72.2458	  72.2458	  72.2458	   0.0000	   0.0000	   0.0000	  6.1000	 11.7000	 11.8333	   4.6659	   1.6344	   2.2443	  0.3705	  0.1000	  0.1000	  0.1285	  0.1845	   0.0000	   0.0000	   0.0000	   0.0000	   0.0000	   0.0000	   0.0000	   0.0000	   0.0000	  0.3115	  0.0000	        0.0000	        0.0000	        0.0000	        0.0000	        0.0000	        0.0000	        0.0000	  0.3493	  0.3216	-21.7243
2010	 85	  23	 55	 84.9965	  1.5680	  0.6992	    6.1556	  9.2938	  1.2808	  0.0000	  73.2167	  73.2167	  73.2167	   0.0000	   0.0000	   0.0000	  1.7417	 12.2000	 12.3333	   4.7438	   1.7091	   2.3200	  0.3788	  0.1000	  0.1000	  0.1295	  0.1850	   0.0000	   0.0000	   0.0000	   0.0000	   0.0000	   0.0000	   0.0000	   0.0000	   0.0000	  0.3250	  0.0000	        0.0000	        0.0000	        0.0000	        0.0000	        0.0000	        0.0000	        0.0000	  0.3493	  0.3216	-21.7243
2010	 86	  23	 55	 85.9965	  5.7742	  0.0000	    1.2502	  7.6851	  0.0000	  1.0000	  73.2167	  73.2167	  73.2167	   0.0000	   0.0000	   0.0000	 -1.7000	  3.3000	 12.6667	   4.8217	   1.7839	   2.3957	  0.3871	  0.1000	  0.1000	  0.1305	  0.1856	   0.0000	   0.0000	   0.0000	   0.0000	   0.0000	   0.0000	   0.0000	   0.0000	   0.0000	  0.3384	  0.0000	        0.0000	        0.0000	        0.0000	        0.0000	        0.0000	        0.0000	        0.0000	  0.4100	  0.3216	  8.5074
2010	 87	  23	 55	 86.9965	  1.4162	  0.3834	    5.9916	  7.3464	  3.3175	  0.0000	  73.2167	  73.2167	  73.2167	   0.0000	   0.0000	   0.0000	  1.7000	  8.8500	 12.5000	   4.8997	   1.8588	   2.4715	  0.3954	  0.1000	  0.1000	  0.1315	  0.1861	   0.0000	   0.0000	   0.0000	   0.0000	   0.0000	   0.0000	   0.0000	   0.0000	   0.0000	  0.3519	  0.0000	        0.0000	        0.0000	        0.0000	        0.0000	        0.0000	        0.0000	        0.0000	  0.4100	  0.3216	  8.5074
2010	 88	  23	 55	 87.9965	  0.0000	  2.9564	    9.9808	  7.8733	 52.9667	  0.0000	  76.9167	  76.9167	  76.9167	   0.0000	   0.0000	   0.0000	  8.3000	 11.1000	 10.6667	   4.9816	   1.9377	   2.5513	  0.4042	  0.1000	  0.1000	  0.1325	  0.1866	   0.0000	   0.0000	   0.0000	   0.0000	   0.0000	   0.0000	   0.0000	   0.0000	   0.0000	  0.3661	  0.0000	        0.0000	        0.0000	        0.0000	        0.0000	        0.0000	        0.0000	        0.0000	  0.4100	  0.3216	  8.5074
2010	 89	  23	 55	 88.9965	  0.1931	  0.5185	    7.3498	  7.7686	 58.2250	  0.0000	  79.5167	  79.5167	  79.5167	   0.0000	   0.0000	   0.0000	  6.1000	 11.1000	 10.5833	   5.0664	   2.0193	   2.6338	  0.4133	  0.1000	  0.1000	  0.1336	  0.1872	   0.0000	   0.0000	   0.0000	   0.0000	   0.0000	   0.0000	   0.0000	   0.0000	   0.0000	  0.3808	  0.0000	        0.0000	        0.0000	        0.0000	        0.0000	        0.0000	        0.0000	        0.0000	  0.4100	  0.3216	  8.5074
2010	 90	  23	 55	 89.9965	  0.0168	  3.5313	   10.5389	  8.3226	  0.2708	  0.0000	  84.0667	  84.0667	  84.0667	   0.0000	   0.0000	   0.0000	  6.7000	 14.4000	 12.8333	   5.1000	   2.1058	   2.7212	  0.4229	  0.1000	  0.1000	  0.1347	  0.1878	   0.0000	   0.0000	   0.0000	   0.0000	   0.0000	   0.0000	   0.0000	   0.0000	   0.0000	  0.3964	  0.0000	        0.0000	        0.0000	        0.0000	        0.0000	        0.0000	        0.0000	        0.0000	  0.4100	  0.3216	  8.5074
2010	 91	  23	 55	 90.9965	  0.0000	  3.9209	   10.9453	  8.8472	  0.0000	  1.0000	  90.0417	  90.0417	  90.0417	   0.0000	   0.0000	   0.0000	  7.2500	 16.7000	 13.1667	   5.1000	   2.1985	   2.8149	  0.4332	  0.1000	  0.1000	  0.1360	  0.1885	   0.0000	   0.0000	   0.0000	   0.0000	   0.0000	   0.0000	   0.0000	   0.0000	   0.0000	  0.4131	  0.0000	        0.0000	        0.0000	        0.0000	        0.0000	        0.0000	        0.0000	        0.0000	  0.4100	  0.3216	  8.5074
2010	 92	  23	 55	 91.9965	  0.1392	  3.5136	   10.3988	  9.1575	  0.0000	  2.0000	  94.8917	  94.8917	  94.8917	   0.0000	   0.0000	   0.0000	  6.1000	 15.6000	 13.1667	   5.1000	   2.2965	   2.9138	  0.4441	  0.1000	  0.1000	  0.1373	  0.1892	   0.0000	   0.0000	   0.0000	   0.0000	   0.0000	   0.0000	   0.0000	   0.0000	   0.0000	  0.4307	  0.0000	        0.0000	        0.0000	        0.0000	        0.0000	        0.0000	        0.0000	        0.0000	  0.4100	  0.3216	  8.5074
2010	 93	  23	 55	 92.9965	  0.0000	  1.2167	    8.2411	  8.9742	  0.0000	  3.0000	  97.7917	  97.7917	  97.7917	   0.0000	   0.0000	   0.0000	  7.2000	 10.6000	 12.0833	   5.1000	   2.3976	   3.0159	  0.4553	  0.1000	  0.1000	  0.1386	  0.1899	   0.0000	   0.0000	   0.0000	   0.0000	   0.0000	   0.0000	   0.0000	   0.0000	   0.0000	  0.4489	  0.0000	        0.0000	        0.0000	        0.0000	        0.0000	        0.0000	        0.0000	        0.0000	  0.4100	  0.3216	  8.5074
2010	 94	  23	 55	 93.9965	  0.0000	  6.9726	   13.9970	  9.9788	  0.0000	  4.0000	 106.4917	 106.4917	 106.4917	   0.0000	   0.0000	   0.0000	  8.3000	 21.1000	 12.7500	   5.1000	   2.5078	   3.1272	  0.4675	  0.1000	  0.1000	  0.1401	  0.1907	   0.0000	   0.0000	   0.0000	   0.0000	   0.0000	   0.0000	   0.0000	   0.0000	   0.0000	  0.4687	  0.0000	        0.0000	        0.0000	        0.0000	        0.0000	        0.0000	        0.0000	        0.0000	  0.4100	  0.3216	  8.5074
2010	 95	  23	 55	 94.9965	  0.0000	  7.1841	   14.2085	 10.8247	  0.0000	  5.0000	 115.4917	 115.4917	 115.4917	   0.0000	   0.0000	   0.0000	 11.1000	 18.9000	 13.3333	   5.1000	   2.6277	   3.2481	  0.4809	  0.1000	  0.1000	  0.1417	  0.1915	   0.0000	   0.0000	   0.0000	   0.0000	   0.0000	   0.0000	   0.0000	   0.0000	   0.0000	  0.4903	  0.0000	        0.0000	        0.0000	        0.0000	        0.0000	        0.0000	        0.0000	        0.0000	  0.4100	  0.3216	  8.5074
2010	 96	  23	 55	 95.9965	  0.0000	  8.1411	   15.1655	 11.6929	  0.0000	  6.0000	 126.1417	 126.1417	 126.1417	   0.0000	   0.0000	   0.0000	 11.1000	 22.2000	 12.3333	   5.1000	   2.7588	   3.3803	  0.4954	  0.1000	  0.1000	  0.1435	  0.1924	   0.0000	   0.0000	   0.0000	   0.0000	   0.0000	   0.0000	   0.0000	   0.0000	   0.0000	  0.5139	  0.0000	        0.0000	        0.0000	        0.0000	        0.0000	        0.0000	        0.0000	        0.0000	  0.3493	  0.3216	-21.7243
2010	 97	  23	 55	 96.9965	  0.0000	 13.6204	   20.6448	 13.4833	  0.0000	  7.0000	 140.9917	 140.9917	 140.9917	   0.0000	   0.0000	   0.0000	 11.7000	 30.0000	 13.2500	   5.1000	   2.9056	   3.5283	  0.5117	  0.1000	  0.1000	  0.1454	  0.1935	   0.0000	   0.0000	   0.0000	   0.0000	   0.0000	   0.0000	   0.0000	   0.0000	   0.0000	  0.5403	  0.0000	        0.0000	        0.0000	        0.0000	        0.0000	        0.0000	        0.0000	        0.0000	  0.3493	  0.3216	-21.7243
2010	 98	  23	 55	 97.9965	  0.0000	  8.1162	   15.1406	 13.8147	  0.0000	  8.0000	 150.5417	 150.5417	 150.5417	   0.0000	   0.0000	   0.0000	 11.7000	 19.4000	 13.2500	   5.1000	   3.0627	   3.6867	  0.5292	  0.1000	  0.1000	  0.1475	  0.1946	   0.0000	   0.0000	   0.0000	   0.0000	   0.0000	   0.0000	   0.0000	   0.0000	   0.0000	  0.5686	  0.0000	        0.0000	        0.0000	        0.0000	        0.0000	        0.0000	        0.0000	        0.0000	  0.3493	  0.3216	-21.7243
2010	 99	  23	 55	 98.9965	  0.0000	  5.8333	   12.8577	 13.6233	 10.4100	  0.0000	 155.7333	 155.7333	 155.7333	   0.0000	   0.0000	   0.0000	  7.9833	 14.4000	 12.1667	   5.1000	   3.2256	   3.8507	  0.5473	  0.1000	  0.1000	  0.1497	  0.1957	   0.0000	   0.0000	   0.0000	   0.0000	   0.0000	   0.0000	   0.0000	   0.0000	   0.0000	  0.5979	  0.0000	        0.0000	        0.0000	        0.0000	        0.0000	        0.0000	        0.0000	        0.0000	  0.3493	  0.3216	-21.7243
2010	100	  23	 55	 99.9965	  0.2062	  3.5672	   10.3854	 12.9757	  0.0000	  1.0000	 160.8333	 160.8333	 160.8333	   0.0000	   0.0000	   0.0000	  6.1000	 16.1000	 12.3333	   5.1000	   3.3941	   4.0205	  0.5660	  0.1000	  0.1000	  0.1519	  0.1969	   0.0000	   0.0000	   0.0000	   0.0000	   0.0000	   0.0000	   0.0000	   0.0000	   0.0000	  0.6282	  0.0000	        0.0000	        0.0000	        0.0000	        0.0000	        0.0000	        0.0000	        0.0000	  0.3493	  0.3216	-21.7243
2010	101	  23	 55	100.9965	  0.0000	  8.7028	   15.7272	 13.5260	  0.0000	  2.0000	 170.3833	 170.3833	 170.3833	   0.0000	   0.0000	   0.0000	  8.3000	 22.8000	 13.5000	   5.1000	   3.5730	   4.2006	  0.5859	  0.1000	  0.1000	  0.1543	  0.1981	   0.0000	   0.0000	   0.0000	   0.0000	   0.0000	   0.0000	   0.0000	   0.0000	   0.0000	  0.6604	  0.0000	        0.0000	        0.0000	        0.0000	        0.0000	        0.0000	        0.0000	        0.0000	  0.3493	  0.3216	-21.7243
2010	102	  23	 55	101.9965	  0.0000	  7.8436	   14.8679	 13.7944	  0.0000	  3.0000	 178.5333	 178.5333	 178.5333	   0.0000	   0.0000	   0.0000	  9.4000	 18.9000	 13.5833	   5.1000	   3.7609	   4.3897	  0.6068	  0.1000	  0.1000	  0.1568	  0.1995	   0.0000	   0.0000	   0.0000	   0.0000	   0.0000	   0.0000	   0.0000	   0.0000	   0.0000	  0.6942	  0.0000	        0.0000	        0.0000	        0.0000	        0.0000	        0.0000	        0.0000	        0.0000	  0.3493	  0.3216	-21.7243
2010	103	  23	 55	102.9965	  0.0000	  3.6423	   10.6667	 13.1689	  0.0000	  4.0000	 182.5333	 182.5333	 182.5333	   0.0000	   0.0000	   0.0000	  7.2000	 12.8000	 12.2500	   5.1000	   3.9534	   4.5834	  0.6282	  0.1000	  0.1000	  0.1594	  0.2008	   0.0000	   0.0000	   0.0000	   0.0000	   0.0000	   0.0000	   0.0000	   0.0000	   0.0000	  0.7288	  0.0000	        0.0000	        0.0000	        0.0000	        0.0000	        0.0000	        0.0000	        0.0000	  0.3493	  0.3216	-21.7243
2010	104	  23	 55	103.9965	  0.0000	  5.2638	   12.2882	 12.9927	  0.0000	  5.0000	 188.7333	 188.7333	 188.7333	   0.0000	   0.0000	   0.0000	  7.2000	 17.2000	 13.6667	   5.1000	   4.1528	   4.7839	  0.6503	  0.1000	  0.1000	  0.1620	  0.2022	   0.0000	   0.0000	   0.0000	   0.0000	   0.0000	   0.0000	   0.0000	   0.0000	   0.0000	  0.7647	  0.0000	        0.0000	        0.0000	        0.0000	        0.0000	        0.0000	        0.0000	        0.0000	  0.3493	  0.3216	-21.7243
2010	105	  23	 55	104.9965	  0.0000	  8.3880	   15.4124	 13.4767	  0.0000	  6.0000	 198.5583	 198.5583	 198.5583	   0.0000	   0.0000	   0.0000	  9.4500	 22.2000	 13.1667	   5.1000	   4.3630	   4.9953	  0.6737	  0.1000	  0.1000	  0.1648	  0.2037	   0.0000	   0.0000	   0.0000	   0.0000	   0.0000	   0.0000	   0.0000	   0.0000	   0.0000	  0.8025	  0.0000	        0.0000	        0.0000	        0.0000	        0.0000	        0.0000	        0.0000	        0.0000	  0.3493	  0.3216	-21.7243
2010	106	  23	 55	105.9965	  0.0000	  2.2911	    9.3155	 12.6444	 11.0317	  0.0000	 202.0083	 202.0083	 202.0083	   0.0000	   0.0000	   0.0000	  7.8000	 11.1000	 13.4167	   5.1000	   4.5772	   5.2108	  0.6975	  0.1000	  0.1000	  0.1677	  0.2052	   0.0000	   0.0000	   0.0000	   0.0000	   0.0000	   0.0000	   0.0000	   0.0000	   0.0000	  0.8410	  0.0000	        0.0000	        0.0000	        0.0000	        0.0000	        0.0000	        0.0000	        0.0000	  0.3493	  0.3216	-21.7243
2010	107	  23	 55	106.9965	  0.0000	  2.6634	    9.6878	 12.0531	  0.3983	  0.0000	 206.0083	 206.0083	 206.0083	   0.0000	   0.0000	   0.0000	  7.8000	 12.2000	 11.5000	   5.1000	   4.7962	   5.4308	  0.7218	  0.1000	  0.1000	  0.1706	  0.2067	   0.0000	   0.0000	   0.0000	   0.0000	   0.0000	   0.0000	   0.0000	   0.0000	   0.0000	  0.8804	  0.0000	        0.0000	        0.0000	        0.0000	        0.0000	        0.0000	        0.0000	        0.0000	  0.3493	  0.3216	-21.7243
2010	108	  23	 55	107.9965	  0.0175	  3.2445	   10.2514	 11.6928	  0.0000	  1.0000	 210.3083	 210.3083	 210.3083	   0.0000	   0.0000	   0.0000	  6.7000	 13.9000	 13.5000	   5.1000	   5.0201	   5.6559	  0.7467	  0.1000	  0.1000	  0.1736	  0.2083	   0.0000	   0.0000	   0.0000	   0.0000	   0.0000	   0.0000	   0.0000	   0.0000	   0.0000	  0.9207	  0.0000	        0.0000	        0.0000	        0.0000	        0.0000	        0.0000	        0.0000	        0.0000	  0.3493	  0.3216	-21.7243
2010	109	  23	 55	108.9965	  0.0000	  5.6855	   12.7099	 11.8962	  0.0000	  2.0000	 217.3583	 217.3583	 217.3583	   0.0000	   0.0000	   0.0000	  8.9000	 17.2000	 13.7500	   5.1000	   5.2519	   5.8888	  0.7724	  0.1000	  0.1000	  0.1767	  0.2099	   0.0000	   0.0000	   0.0000	   0.0000	   0.0000	   0.0000	   0.0000	   0.0000	   0.0000	  0.9623	  0.0000	        0.0000	        0.0000	        0.0000	        0.0000	        0.0000	        0.0000	        0.0000	  0.3493	  0.3216	-21.7243
2010	110	  23	 55	109.9965	  0.0000	  6.2936	   13.3179	 12.1805	  0.0000	  3.0000	 225.5083	 225.5083	 225.5083	   0.0000	   0.0000	   0.0000	  9.4000	 18.9000	 13.8333	   5.1000	   5.4929	   5.9000	  0.7992	  0.1000	  0.1000	  0.1799	  0.2100	   0.0000	   0.0000	   0.0000	   0.0000	   0.0000	   0.0000	   0.0000	   0.0000	   0.0000	  0.9989	  0.0000	        0.0000	        0.0000	        0.0000	        0.0000	        0.0000	        0.0000	        0.0000	  0.3493	  0.3216	-21.7243
2010	111	  23	 55	110.9965	  0.0000	  5.7075	   12.7319	 12.2908	  1.5200	  0.0000	 232.5583	 232.5583	 232.5583	   0.0000	   0.0000	   0.0000	  8.9000	 17.2000	 13.3333	   5.1000	   5.5000	   5.9000	  0.8000	  0.1000	  0.1000	  0.1800	  0.2100	   0.0000	   0.0000	   0.0000	   0.0000	   0.0000	   0.0000	   0.0000	   0.0000	   0.0000	  1.0000	  0.0000	        0.0000	        0.0000	        0.0000	        0.0000	        0.0000	        0.0000	        0.0000	  0.3493	  0.3216	-21.7243
2010	112	  23	 55	111.9965	  0.0000	  6.4591	   13.4834	 12.5293	  2.2900	  0.0000	 240.7083	 240.7083	 240.7083	   0.0000	   0.0000	   0.0000	 10.0000	 18.3000	 13.7500	   5.1000	   5.5000	   5.9000	  0.8000	  0.1000	  0.1000	  0.1800	  0.2100	   0.0000	   0.0000	   0.0000	   0.0000	   0.0000	   0.0000	   0.0000	   0.0000	   0.0000	  1.0000	  0.0000	        0.0000	        0.0000	        0.0000	        0.0000	        0.0000	        0.0000	        0.0000	  0.3493	  0.3216	-21.7243
2010	113	  23	 55	112.9965	  0.0000	  7.0955	   14.1199	 12.8474	  0.0000	  1.0000	 248.3083	 248.3083	 248.3083	   0.0000	   0.0000	   0.0000	  7.2000	 20.0000	 13.8333	   5.1000	   5.5000	   5.9000	  0.8000	  0.1000	  0.1000	  0.1800	  0.2100	   0.0000	   0.0000	   0.0000	   0.0000	   0.0000	   0.0000	   0.0000	   0.0000	   0.0000	  1.0000	  0.0000	        0.0000	        0.0000	        0.0000	        0.0000	        0.0000	        0.0000	        0.0000	  0.3493	  0.3216	-21.7243
2010	114	  23	 55	113.9965	  0.0000	  6.0929	   13.1172	 12.9014	  0.0000	  2.0000	 255.6083	 255.6083	 255.6083	   0.0000	   0.0000	   0.0000	  9.4000	 17.2000	 13.7500	   5.1000	   5.5000	   5.9000	  0.8000	  0.1000	  0.1000	  0.1800	  0.2100	   0.0000	   0.0000	   0.0000	   0.0000	   0.0000	   0.0000	   0.0000	   0.0000	   0.0000	  1.0000	  0.0000	        0.0000	        0.0000	        0.0000	        0.0000	        0.0000	        0.0000	        0.0000	  0.3493	  0.3216	-21.7243
2010	115	  23	 55	114.9965	  0.0000	  2.6005	    9.6249	 12.2461	 38.1692	  0.0000	 259.0583	 259.0583	 259.0583	   0.0000	   0.0000	   0.0000	  7.8000	 11.1000	 11.8333	   5.1000	   5.5000	   5.9000	  0.8000	  0.1000	  0.1000	  0.1800	  0.2100	   0.0000	   0.0000	   0.0000	   0.0000	   0.0000	   0.0000	   0.0000	   0.0000	   0.0000	  1.0000	  0.0000	        0.0000	        0.0000	        0.0000	        0.0000	        0.0000	        0.0000	        0.0000	  0.3493	  0.3216	-21.7243
2010	116	  23	 55	115.9965	  0.0000	  3.3993	   10.4237	 11.8816	 19.9600	  0.0000	 263.6083	 263.6083	 263.6083	   0.0000	   0.0000	   0.0000	  9.4000	 11.7000	 12.0000	   5.1000	   5.5000	   5.9000	  0.8000	  0.1000	  0.1000	  0.1800	  0.2100	   0.0000	   0.0000	   0.0000	   0.0000	   0.0000	   0.0000	   0.0000	   0.0000	   0.0000	  1.0000	  0.0000	        0.0000	        0.0000	        0.0000	        0.0000	        0.0000	        0.0000	        0.0000	  0.3493	  0.3216	-21.7243
2010	117	  23	 55	116.9965	  0.0725	  3.4878	   10.4397	 11.5932	  1.0308	  0.0000	 268.2292	 268.2292	 268.2292	   0.0000	   0.0000	   0.0000	  5.6417	 15.6000	 12.9167	   5.1000	   5.5000	   5.9000	  0.8000	  0.1000	  0.1000	  0.1800	  0.2100	   0.0000	   0.0000	   0.0000	   0.0000	   0.0000	   0.0000	   0.0000	   0.0000	   0.0000	  1.0000	  0.0000	        0.0000	        0.0000	        0.0000	        0.0000	        0.0000	        0.0000	        0.0000	  0.3493	  0.3216	-21.7243
2010	118	  23	 55	117.9965	  0.4088	  3.3449	    9.9605	 11.2667	  0.0000	  1.0000	 271.6792	 271.6792	 271.6792	   0.0000	   0.0000	   0.0000	  5.0000	 13.9000	 14.0000	   5.1000	   5.5000	   5.9000	  0.8000	  0.1000	  0.1000	  0.1800	  0.2100	   0.0000	   0.0000	   0.0000	   0.0000	   0.0000	   0.0000	   0.0000	   0.0000	   0.0000	  1.0000	  0.0000	        0.0000	        0.0000	        0.0000	        0.0000	        0.0000	        0.0000	        0.0000	  0.3493	  0.3216	-21.7243
2010	119	  23	 55	118.9965	  0.0000	  8.0237	   15.0481	 12.0230	  0.0000	  2.0000	 280.3792	 280.3792	 280.3792	   0.0000	   0.0000	   0.0000	  8.3000	 21.1000	 14.0000	   5.1000	   5.5000	   5.9000	  0.8000	  0.1000	  0.1000	  0.1800	  0.2100	   0.0000	   0.0000	   0.0000	   0.0000	   0.0000	   0.0000	   0.0000	   0.0000	   0.0000	  1.0000	  0.0000	        0.0000	        0.0000	        0.0000	        0.0000	        0.0000	        0.0000	        0.0000	  0.3493	  0.3216	-21.7243
2010	120	  23	 55	119.9965	  0.0000	  8.8967	   15.9211	 12.8026	  0.0000	  3.0000	 291.0292	 291.0292	 291.0292	   0.0000	   0.0000	   0.0000	 11.1000	 22.2000	 13.9167	   5.1000	   5.5000	   5.9000	  0.8000	  0.1000	  0.1000	  0.1800	  0.2100	   0.0000	   0.0000	   0.0000	   0.0000	   0.0000	   0.0000	   0.0000	   0.0000	   0.0000	  1.0000	  0.0000	        0.0000	        0.0000	        0.0000	        0.0000	        0.0000	        0.0000	        0.0000	  0.3493	  0.3216	-21.7243
2010	121	  23	 55	120.9965	  0.0000	 11.8321	   18.8564	 14.0134	  0.0000	  4.0000	 300.0000	 300.0000	 300.0000	   0.0000	   0.0000	   0.0000	 12.8000	 26.7000	 13.8333	   5.1000	   5.5000	   5.9000	  0.8000	  0.1000	  0.1000	  0.1800	  0.2100	   0.0000	   0.0000	   0.0000	   0.0000	   0.0000	   0.0000	   0.0000	   0.0000	   0.0000	  1.0000	  0.0000	        0.0000	        0.0000	        0.0000	        0.0000	        0.0000	        0.0000	        0.0000	  0.3493	  0.3216	-21.7243
2010	122	  23	 55	121.9965	  0.0000	 11.3521	   18.3765	 14.8860	  0.0000	  5.0000	 300.0000	 300.0000	 300.0000	   0.0000	   0.0000	   0.0000	 15.0000	 22.8000	 13.6667	   5.1000	   5.5000	   5.9000	  0.8000	  0.1000	  0.1000	  0.1800	  0.2100	   0.0000	   0.0000	   0.0000	   0.0000	   0.0000	   0.0000	   0.0000	   0.0000	   0.0000	  1.0000	  0.0000	        0.0000	        0.0000	        0.0000	        0.0000	        0.0000	        0.0000	        0.0000	  0.3493	  0.3216	-21.7243
2010	123	  23	 55	122.9965	  0.0000	 13.2796	   20.3040	 15.9696	 17.0100	  0.0000	 300.0000	 300.0000	 300.0000	   0.0000	   0.0000	   0.0000	 16.7000	 25.6000	 13.8333	   5.1000	   5.5000	   5.9000	  0.8000	  0.1000	  0.1000	  0.1800	  0.2100	   0.0000	   0.0000	   0.0000	   0.0000	   0.0000	   0.0000	   0.0000	   0.0000	   0.0000	  1.0000	  0.0000	        0.0000	        0.0000	        0.0000	        0.0000	        0.0000	        0.0000	        0.0000	  0.3493	  0.3216	-21.7243
2010	124	  23	 55	123.9965	  0.0000	 13.5730	   20.5974	 16.8951	  0.2500	  0.0000	 300.0000	 300.0000	 300.0000	   0.0000	   0.0000	   0.0000	 14.4000	 27.2000	 13.5000	   5.1000	   5.5000	   5.9000	  0.8000	  0.1000	  0.1000	  0.1800	  0.2100	   0.0000	   0.0000	   0.0000	   0.0000	   0.0000	   0.0000	   0.0000	   0.0000	   0.0000	  1.0000	  0.0000	        0.0000	        0.0000	        0.0000	        0.0000	        0.0000	        0.0000	        0.0000	  0.3493	  0.3216	-21.7243
2010	125	  23	 55	124.9965	  0.0000	 10.5791	   17.6035	 17.0368	  0.0000	  1.0000	 300.0000	 300.0000	 300.0000	   0.0000	   0.0000	   0.0000	 12.8000	 22.8000	 14.4167	   5.1000	   5.5000	   5.9000	  0.8000	  0.1000	  0.1000	  0.1800	  0.2100	   0.0000	   0.0000	   0.0000	   0.0000	   0.0000	   0.0000	   0.0000	   0.0000	   0.0000	  1.0000	  0.0000	        0.0000	        0.0000	        0.0000	        0.0000	        0.0000	        0.0000	        0.0000	  0.3493	  0.3216	-21.7243
2010	126	  23	 55	125.9965	  0.0000	 12.6211	   19.6455	 17.5585	  0.0000	  2.0000	 300.0000	 300.0000	 300.0000	   0.0000	   0.0000	   0.0000	 12.2000	 26.7000	 14.4167	   5.1000	   5.5000	   5.9000	  0.8000	  0.1000	  0.1000	  0.1800	  0.2100	   0.0000	   0.0000	   0.0000	   0.0000	   0.0000	   0.0000	   0.0000	   0.0000	   0.0000	  1.0000	  0.0000	        0.0000	        0.0000	        0.0000	        0.0000	        0.0000	        0.0000	        0.0000	  0.3493	  0.3216	-21.7243
2010	127	  23	 55	126.9965	  0.0000	  8.1624	   15.1868	 17.0842	  0.0000	  3.0000	 300.0000	 300.0000	 300.0000	   0.0000	   0.0000	   0.0000	 12.2000	 19.4000	 14.2500	   5.1000	   5.5000	   5.9000	  0.8000	  0.1000	  0.1000	  0.1800	  0.2100	   0.0000	   0.0000	   0.0000	   0.0000	   0.0000	   0.0000	   0.0000	   0.0000	   0.0000	  1.0000	  0.0000	        0.0000	        0.0000	        0.0000	        0.0000	        0.0000	        0.0000	        0.0000	  0.3493	  0.3216	-21.7243
2010	128	  23	 55	127.9965	  0.0000	 10.3063	   17.3307	 17.1335	  0.0000	  4.0000	 300.0000	 300.0000	 300.0000	   0.0000	   0.0000	   0.0000	 10.7333	 25.6000	 14.4167	   5.1000	   5.5000	   5.9000	  0.8000	  0.1000	  0.1000	  0.1800	  0.2100	   0.0000	   0.0000	   0.0000	   0.0000	   0.0000	   0.0000	   0.0000	   0.0000	   0.0000	  1.0000	  0.0000	        0.0000	        0.0000	        0.0000	        0.0000	        0.0000	        0.0000	        0.0000	  0.3493	  0.3216	-21.7243
2010	129	  23	 55	128.9965	  0.0000	  2.6693	    9.6937	 15.6455	  0.0000	  5.0000	 300.0000	 300.0000	 300.0000	   0.0000	   0.0000	   0.0000	  7.2000	 12.8000	 14.5000	   5.1000	   5.5000	   5.9000	  0.8000	  0.1000	  0.1000	  0.1800	  0.2100	   0.0000	   0.0000	   0.0000	   0.0000	   0.0000	   0.0000	   0.0000	   0.0000	   0.0000	  1.0000	  0.0000	        0.0000	        0.0000	        0.0000	        0.0000	        0.0000	        0.0000	        0.0000	  0.3493	  0.3216	-21.7243
2010	130	  23	 55	129.9965	  0.0933	  4.3029	   11.2340	 14.7632	  0.0000	  6.0000	 300.0000	 300.0000	 300.0000	   0.0000	   0.0000	   0.0000	  6.1000	 16.7000	 14.5000	   5.1000	   5.5000	   5.9000	  0.8000	  0.1000	  0.1000	  0.1800	  0.2100	   0.0000	   0.0000	   0.0000	   0.0000	   0.0000	   0.0000	   0.0000	   0.0000	   0.0000	  1.0000	  0.0000	        0.0000	        0.0000	        0.0000	        0.0000	        0.0000	        0.0000	        0.0000	  0.3493	  0.3216	-21.7243
2010	131	  23	 55	130.9965	  0.0417	  3.2123	   10.1949	 13.8496	  0.4675	  0.0000	 300.0000	 300.0000	 300.0000	   0.0000	   0.0000	   0.0000	  6.1000	 13.3000	 13.8333	   5.1000	   5.5000	   5.9000	  0.8000	  0.1000	  0.1000	  0.1800	  0.2100	   0.0000	   0.0000	   0.0000	   0.0000	   0.0000	   0.0000	   0.0000	   0.0000	   0.0000	  1.0000	  0.0000	        0.0000	        0.0000	        0.0000	        0.0000	        0.0000	        0.0000	        0.0000	  0.3493	  0.3216	-21.7243
2010	132	  23	 55	131.9965	  0.0000	  1.4382	    8.4625	 12.7722	  8.1725	  0.0000	 300.0000	 300.0000	 300.0000	   0.0000	   0.0000	   0.0000	  7.2000	  9.4000	 13.6667	   5.1000	   5.5000	   5.9000	  0.8000	  0.1000	  0.1000	  0.1800	  0.2100	   0.0000	   0.0000	   0.0000	   0.0000	   0.0000	   0.0000	   0.0000	   0.0000	   0.0000	  1.0000	  0.0000	        0.0000	        0.0000	        0.0000	        0.0000	        0.0000	        0.0000	        0.0000	  0.3493	  0.3216	-21.7243
2010	133	  23	 55	132.9965	  0.0075	  4.8321	   11.8490	 12.5875	  0.0000	  1.0000	 300.0000	 300.0000	 300.0000	   0.0000	   0.0000	   0.0000	  6.7000	 17.2000	 14.1667	   5.1000	   5.5000	   5.9000	  0.8000	  0.1000	  0.1000	  0.1800	  0.2100	   0.0000	   0.0000	   0.0000	   0.0000	   0.0000	   0.0000	   0.0000	   0.0000	   0.0000	  1.0000	  0.0000	        0.0000	        0.0000	        0.0000	        0.0000	        0.0000	        0.0000	        0.0000	  0.3493	  0.3216	-21.7243
2010	134	  23	 55	133.9965	  0.0000	 10.3171	   17.3415	 13.5383	  0.0000	  2.0000	 300.0000	 300.0000	 300.0000	   0.0000	   0.0000	   0.0000	 11.1000	 23.3000	 12.9167	   5.1000	   5.5000	   5.9000	  0.8000	  0.1000	  0.1000	  0.1800	  0.2100	   0.0000	   0.0000	   0.0000	   0.0000	   0.0000	   0.0000	   0.0000	   0.0000	   0.0000	  1.0000	  0.0000	        0.0000	        0.0000	        0.0000	        0.0000	        0.0000	        0.0000	        0.0000	  0.3493	  0.3216	-21.7243
2010	135	  23	 55	134.9965	  0.0000	 13.1681	   20.1925	 14.8691	  0.0000	  3.0000	 300.0000	 300.0000	 300.0000	   0.0000	   0.0000	   0.0000	 16.1917	 23.3000	 14.8333	   5.1000	   5.5000	   5.9000	  0.8000	  0.1000	  0.1000	  0.1800	  0.2100	   0.0000	   0.0000	   0.0000	   0.0000	   0.0000	   0.0000	   0.0000	   0.0000	   0.0000	  1.0000	  0.0000	        0.0000	        0.0000	        0.0000	        0.0000	        0.0000	        0.0000	        0.0000	  0.3493	  0.3216	-21.7243
2010	136	  23	 55	135.9965	  0.0000	 10.4443	   17.4686	 15.3890	  0.0000	  4.0000	 300.0000	 300.0000	 300.0000	   0.0000	   0.0000	   0.0000	 12.8000	 22.8000	 14.5833	   5.1000	   5.5000	   5.9000	  0.8000	  0.1000	  0.1000	  0.1800	  0.2100	   0.0000	   0.0000	   0.0000	   0.0000	   0.0000	   0.0000	   0.0000	   0.0000	   0.0000	  1.0000	  0.0000	        0.0000	        0.0000	        0.0000	        0.0000	        0.0000	        0.0000	        0.0000	  0.3493	  0.3216	-21.7243
2010	137	  23	 55	136.9965	  0.0000	 10.1949	   17.2193	 15.7551	  0.0000	  5.0000	 300.0000	 300.0000	 300.0000	   0.0000	   0.0000	   0.0000	 11.1000	 22.8000	 13.8333	   5.1000	   5.5000	   5.9000	  0.8000	  0.1000	  0.1000	  0.1800	  0.2100	   0.0000	   0.0000	   0.0000	   0.0000	   0.0000	   0.0000	   0.0000	   0.0000	   0.0000	  1.0000	  0.0000	        0.0000	        0.0000	        0.0000	        0.0000	        0.0000	        0.0000	        0.0000	  0.3493	  0.3216	-21.7243
2010	138	  23	 55	137.9965	  0.0000	  4.7983	   11.8226	 14.9686	 21.8400	  0.0000	 300.0000	 300.0000	 300.0000	   0.0000	   0.0000	   0.0000	 10.6000	 14.4000	 14.0000	   5.1000	   5.5000	   5.9000	  0.8000	  0.1000	  0.1000	  0.1800	  0.2100	   0.0000	   0.0000	   0.0000	   0.0000	   0.0000	   0.0000	   0.0000	   0.0000	   0.0000	  1.0000	  0.0000	        0.0000	        0.0000	        0.0000	        0.0000	        0.0000	        0.0000	        0.0000	  0.3493	  0.3216	-21.7243
2010	139	  23	 55	138.9965	  0.0000	  7.6774	   14.7017	 14.9152	  0.0000	  1.0000	 300.0000	 300.0000	 300.0000	   0.0000	   0.0000	   0.0000	 10.6000	 18.9000	 14.9167	   5.1000	   5.5000	   5.9000	  0.8000	  0.1000	  0.1000	  0.1800	  0.2100	   0.0000	   0.0000	   0.0000	   0.0000	   0.0000	   0.0000	   0.0000	   0.0000	   0.0000	  1.0000	  0.0000	        0.0000	        0.0000	        0.0000	        0.0000	        0.0000	        0.0000	        0.0000	  0.3493	  0.3216	-21.7243
2010	140	  23	 55	139.9965	  0.0000	 10.4157	   17.4401	 15.4202	  0.0000	  2.0000	 300.0000	 300.0000	 300.0000	   0.0000	   0.0000	   0.0000	 12.8000	 22.2000	 15.0833	   5.1000	   5.5000	   5.9000	  0.8000	  0.1000	  0.1000	  0.1800	  0.2100	   0.0000	   0.0000	   0.0000	   0.0000	   0.0000	   0.0000	   0.0000	   0.0000	   0.0000	  1.0000	  0.0000	        0.0000	        0.0000	        0.0000	        0.0000	        0.0000	        0.0000	        0.0000	  0.3493	  0.3216	-21.7243
2010	141	  23	 55	140.9965	  0.0000	 13.3418	   20.3662	 16.4094	  0.0000	  3.0000	 300.0000	 300.0000	 300.0000	   0.0000	   0.0000	   0.0000	 15.0000	 27.8000	 14.9167	   5.1000	   5.5000	   5.9000	  0.8000	  0.1000	  0.1000	  0.1800	  0.2100	   0.0000	   0.0000	   0.0000	   0.0000	   0.0000	   0.0000	   0.0000	   0.0000	   0.0000	  1.0000	  0.0000	        0.0000	        0.0000	        0.0000	        0.0000	        0.0000	        0.0000	        0.0000	  0.3493	  0.3216	-21.7243
2010	142	  23	 55	141.9965	  0.0000	 10.4742	   17.4986	 16.6272	  0.0000	  4.0000	 300.0000	 300.0000	 300.0000	   0.0000	   0.0000	   0.0000	 14.4000	 20.6000	 12.9167	   5.1000	   5.5000	   5.9000	  0.8000	  0.1000	  0.1000	  0.1800	  0.2100	   0.0000	   0.0000	   0.0000	   0.0000	   0.0000	   0.0000	   0.0000	   0.0000	   0.0000	  1.0000	  0.0000	        0.0000	        0.0000	        0.0000	        0.0000	        0.0000	        0.0000	        0.0000	  0.3493	  0.3216	-21.7243
2010	143	  23	 55	142.9965	  0.0000	 12.4810	   19.5054	 17.2029	  0.0000	  5.0000	 300.0000	 300.0000	 300.0000	   0.0000	   0.0000	   0.0000	 17.2000	 22.2000	 15.0833	   5.1000	   5.5000	   5.9000	  0.8000	  0.1000	  0.1000	  0.1800	  0.2100	   0.0000	   0.0000	   0.0000	   0.0000	   0.0000	   0.0000	   0.0000	   0.0000	   0.0000	  1.0000	  0.0000	        0.0000	        0.0000	        0.0000	        0.0000	        0.0000	        0.0000	        0.0000	  0.3493	  0.3216	-21.7243
2010	144	  23	 55	143.9965	  0.0000	 11.6150	   18.6394	 17.4902	  1.2600	  0.0000	 300.0000	 300.0000	 300.0000	   0.0000	   0.0000	   0.0000	 16.1000	 22.2000	 15.1667	   5.1000	   5.5000	   5.9000	  0.8000	  0.1000	  0.1000	  0.1800	  0.2100	   0.0000	   0.0000	   0.0000	   0.0000	   0.0000	   0.0000	   0.0000	   0.0000	   0.0000	  1.0000	  0.0000	        0.0000	        0.0000	        0.0000	        0.0000	        0.0000	        0.0000	        0.0000	  0.3493	  0.3216	-21.7243
2010	145	  23	 55	144.9965	  0.0000	 12.0627	   19.0871	 17.8096	  0.0000	  1.0000	 300.0000	 300.0000	 300.0000	   0.0000	   0.0000	   0.0000	 14.4000	 23.3000	 15.2500	   5.1000	   5.5000	   5.9000	  0.8000	  0.1000	  0.1000	  0.1800	  0.2100	   0.0000	   0.0000	   0.0000	   0.0000	   0.0000	   0.0000	   0.0000	   0.0000	   0.0000	  1.0000	  0.0000	        0.0000	        0.0000	        0.0000	        0.0000	        0.0000	        0.0000	        0.0000	  0.3493	  0.3216	-21.7243
2010	146	  23	 55	145.9965	  0.0000	 18.3164	   25.3408	 19.3158	  0.0000	  2.0000	 300.0000	 300.0000	 300.0000	   0.0000	   0.0000	   0.0000	 16.1000	 32.2000	 15.2500	   5.1000	   5.5000	   5.9000	  0.8000	  0.1000	  0.1000	  0.1800	  0.2100	   0.0000	   0.0000	   0.0000	   0.0000	   0.0000	   0.0000	   0.0000	   0.0000	   0.0000	  1.0000	  0.0000	        0.0000	        0.0000	        0.0000	        0.0000	        0.0000	        0.0000	        0.0000	  0.3493	  0.3216	-21.7243
2010	147	  23	 55	146.9965	  0.0000	 12.7829	   19.8073	 19.4141	  0.2500	  0.0000	 300.0000	 300.0000	 300.0000	   0.0000	   0.0000	   0.0000	 13.9000	 28.9000	 14.6667	   5.1000	   5.5000	   5.9000	  0.8000	  0.1000	  0.1000	  0.1800	  0.2100	   0.0000	   0.0000	   0.0000	   0.0000	   0.0000	   0.0000	   0.0000	   0.0000	   0.0000	  1.0000	  0.0000	        0.0000	        0.0000	        0.0000	        0.0000	        0.0000	        0.0000	        0.0000	  0.3493	  0.3216	-21.7243
2010	148	  23	 55	147.9965	  0.0000	  9.1810	   16.2054	 18.7724	  0.0000	  1.0000	 300.0000	 300.0000	 300.0000	   0.0000	   0.0000	   0.0000	 13.3000	 19.4000	 15.0000	   5.1000	   5.5000	   5.9000	  0.8000	  0.1000	  0.1000	  0.1800	  0.2100	   0.0000	   0.0000	   0.0000	   0.0000	   0.0000	   0.0000	   0.0000	   0.0000	   0.0000	  1.0000	  0.0000	        0.0000	        0.0000	        0.0000	        0.0000	        0.0000	        0.0000	        0.0000	  0.3493	  0.3216	-21.7243
2010	149	  23	 55	148.9965	  0.0000	 11.4695	   18.4939	 18.7167	  0.0000	  2.0000	 300.0000	 300.0000	 300.0000	   0.0000	   0.0000	   0.0000	 15.0000	 21.1000	 14.4167	   5.1000	   5.5000	   5.9000	  0.8000	  0.1000	  0.1000	  0.1800	  0.2100	   0.0000	   0.0000	   0.0000	   0.0000	   0.0000	   0.0000	   0.0000	   0.0000	   0.0000	  1.0000	  0.0000	        0.0000	        0.0000	        0.0000	        0.0000	        0.0000	        0.0000	        0.0000	  0.3493	  0.3216	-21.7243
2010	150	  23	 55	149.9965	  0.0000	 18.2876	   25.3120	 20.0357	  0.0000	  3.0000	 300.0000	 300.0000	 300.0000	   0.0000	   0.0000	   0.0000	 18.9000	 30.6000	 15.1667	   5.1000	   5.5000	   5.9000	  0.8000	  0.1000	  0.1000	  0.1800	  0.2100	   0.0000	   0.0000	   0.0000	   0.0000	   0.0000	   0.0000	   0.0000	   0.0000	   0.0000	  1.0000	  0.0000	        0.0000	        0.0000	        0.0000	        0.0000	        0.0000	        0.0000	        0.0000	  0.3493	  0.3216	-21.7243
2010	151	  23	 55	150.9965	  0.0000	 15.4481	   22.4725	 20.5231	  0.0000	  4.0000	 300.0000	 300.0000	 300.0000	   0.0000	   0.0000	   0.0000	 18.9000	 28.3000	 14.7500	   5.1000	   5.5000	   5.9000	  0.8000	  0.1000	  0.1000	  0.1800	  0.2100	   0.0000	   0.0000	   0.0000	   0.0000	   0.0000	   0.0000	   0.0000	   0.0000	   0.0000	  1.0000	  0.0000	        0.0000	        0.0000	        0.0000	        0.0000	        0.0000	        0.0000	        0.0000	  0.3493	  0.3216	-21.7243
2010	152	  23	 55	151.9965	  0.0000	 16.1659	   23.1902	 21.0565	  0.0000	  5.0000	 300.0000	 300.0000	 300.0000	   0.0000	   0.0000	   0.0000	 18.3000	 29.4000	 13.4167	   5.1000	   5.5000	   5.9000	  0.8000	  0.1000	  0.1000	  0.1800	  0.2100	   0.0000	   0.0000	   0.0000	   0.0000	   0.0000	   0.0000	   0.0000	   0.0000	   0.0000	  1.0000	  0.0000	        0.0000	        0.0000	        0.0000	        0.0000	        0.0000	        0.0000	        0.0000	  0.3493	  0.3216	-21.7243
2010	153	  23	 55	152.9965	  0.0000	 15.9155	   22.9399	 21.4332	  0.0000	  6.0000	 300.0000	 300.0000	 300.0000	   0.0000	   0.0000	   0.0000	 17.8000	 26.7000	 15.3333	   5.1000	   5.5000	   5.9000	  0.8000	  0.1000	  0.1000	  0.1800	  0.2100	   0.0000	   0.0000	   0.0000	   0.0000	   0.0000	   0.0000	   0.0000	   0.0000	   0.0000	  1.0000	  0.0000	        0.0000	        0.0000	        0.0000	        0.0000	        0.0000	        0.0000	        0.0000	  0.3493	  0.3216	-21.7243
2010	154	  23	 55	153.9965	  0.0000	 16.5301	   23.5545	 21.8575	  0.0000	  7.0000	 300.0000	 300.0000	 300.0000	   0.0000	   0.0000	   0.0000	 17.8000	 30.6000	 15.2500	   5.1000	   5.5000	   5.9000	  0.8000	  0.1000	  0.1000	  0.1800	  0.2100	   0.0000	   0.0000	   0.0000	   0.0000	   0.0000	   0.0000	   0.0000	   0.0000	   0.0000	  1.0000	  0.0000	        0.0000	        0.0000	        0.0000	        0.0000	        0.0000	        0.0000	        0.0000	  0.3493	  0.3216	-21.7243
2010	155	  23	 55	154.9965	  0.0000	 18.6193	   25.6437	 22.6147	  0.0000	  8.0000	 300.0000	 300.0000	 300.0000	   0.0000	   0.0000	   0.0000	 21.7917	 30.6000	 15.1667	   5.1000	   5.5000	   5.9000	  0.8000	  0.1000	  0.1000	  0.1800	  0.2100	   0.0000	   0.0000	   0.0000	   0.0000	   0.0000	   0.0000	   0.0000	   0.0000	   0.0000	  1.0000	  0.0000	        0.0000	        0.0000	        0.0000	        0.0000	        0.0000	        0.0000	        0.0000	  0.3493	  0.3216	-21.7243
2010	156	  23	 55	155.9965	  0.0000	 20.0545	   27.0789	 23.5076	  0.0000	  9.0000	 300.0000	 300.0000	 300.0000	   0.0000	   0.0000	   0.0000	 21.7000	 31.7000	 14.5000	   5.1000	   5.5000	   5.9000	  0.8000	  0.1000	  0.1000	  0.1800	  0.2100	   0.0000	   0.0000	   0.0000	   0.0000	   0.0000	   0.0000	   0.0000	   0.0000	   0.0000	  1.0000	  0.0000	        0.0000	        0.0000	        0.0000	        0.0000	        0.0000	        0.0000	        0.0000	  0.3493	  0.3216	-21.7243
2010	157	  23	 55	156.9965	  0.0000	 17.6016	   24.6260	 23.7312	  0.0000	 10.0000	 300.0000	 300.0000	 300.0000	   0.0000	   0.0000	   0.0000	 16.7917	 30.6000	 15.2500	   5.1000	   5.5000	   5.9000	  0.8000	  0.1000	  0.1000	  0.1800	  0.2100	   0.0000	   0.0000	   0.0000	   0.0000	   0.0000	   0.0000	   0.0000	   0.0000	   0.0000	  1.0000	  0.0000	        0.0000	        0.0000	        0.0000	        0.0000	        0.0000	        0.0000	        0.0000	  0.3493	  0.3216	-21.7243
2010	158	  23	 55	157.9965	  0.0000	 13.2045	   20.2289	 23.0308	  0.0000	 11.0000	 300.0000	 300.0000	 300.0000	   0.0000	   0.0000	   0.0000	 15.0000	 25.6000	 15.4167	   5.1000	   5.5000	   5.9000	  0.8000	  0.1000	  0.1000	  0.1800	  0.2100	   0.0000	   0.0000	   0.0000	   0.0000	   0.0000	   0.0000	   0.0000	   0.0000	   0.0000	  1.0000	  0.0000	        0.0000	        0.0000	        0.0000	        0.0000	        0.0000	        0.0000	        0.0000	  0.3493	  0.3216	-21.7243
2010	159	  23	 55	158.9965	  0.0000	 12.8399	   19.8643	 22.3975	  0.0000	 12.0000	 300.0000	 300.0000	 300.0000	   0.0000	   0.0000	   0.0000	 15.0000	 23.9000	 15.5000	   5.1000	   5.5000	   5.9000	  0.8000	  0.1000	  0.1000	  0.1800	  0.2100	   0.0000	   0.0000	   0.0000	   0.0000	   0.0000	   0.0000	   0.0000	   0.0000	   0.0000	  1.0000	  0.0000	        0.0000	        0.0000	        0.0000	        0.0000	        0.0000	        0.0000	        0.0000	  0.3493	  0.3216	-21.7243
2010	160	  23	 55	159.9965	  0.0000	  9.0115	   16.0359	 21.1252	 25.1500	  0.0000	 300.0000	 300.0000	 300.0000	   0.0000	   0.0000	   0.0000	 12.2000	 19.4000	 15.2500	   5.1000	   5.5000	   5.9000	  0.8000	  0.1000	  0.1000	  0.1800	  0.2100	   0.0000	   0.0000	   0.0000	   0.0000	   0.0000	   0.0000	   0.0000	   0.0000	   0.0000	  1.0000	  0.0000	        0.0000	        0.0000	        0.0000	        0.0000	        0.0000	        0.0000	        0.0000	  0.3493	  0.3216	-21.7243
2010	161	  23	 55	160.9965	  0.0000	 11.4693	   18.4937	 20.5989	  0.5100	  0.0000	 300.0000	 300.0000	 300.0000	   0.0000	   0.0000	   0.0000	 15.0000	 23.3000	 15.3333	   5.1000	   5.5000	   5.9000	  0.8000	  0.1000	  0.1000	  0.1800	  0.2100	   0.0000	   0.0000	   0.0000	   0.0000	   0.0000	   0.0000	   0.0000	   0.0000	   0.0000	  1.0000	  0.0000	        0.0000	        0.0000	        0.0000	        0.0000	        0.0000	        0.0000	        0.0000	  0.3493	  0.3216	-21.7243
2010	162	  23	 55	161.9965	  0.0000	 10.6953	   17.7197	 20.0230	  0.0000	  1.0000	 300.0000	 300.0000	 300.0000	   0.0000	   0.0000	   0.0000	 15.0000	 20.6000	 15.1667	   5.1000	   5.5000	   5.9000	  0.8000	  0.1000	  0.1000	  0.1800	  0.2100	   0.0000	   0.0000	   0.0000	   0.0000	   0.0000	   0.0000	   0.0000	   0.0000	   0.0000	  1.0000	  0.0000	        0.0000	        0.0000	        0.0000	        0.0000	        0.0000	        0.0000	        0.0000	  0.3493	  0.3216	-21.7243
2010	163	  23	 55	162.9965	  0.0000	 12.4509	   19.4753	 19.9135	  0.0000	  2.0000	 300.0000	 300.0000	 300.0000	   0.0000	   0.0000	   0.0000	 16.1000	 23.3000	 15.3333	   5.1000	   5.5000	   5.9000	  0.8000	  0.1000	  0.1000	  0.1800	  0.2100	   0.0000	   0.0000	   0.0000	   0.0000	   0.0000	   0.0000	   0.0000	   0.0000	   0.0000	  1.0000	  0.0000	        0.0000	        0.0000	        0.0000	        0.0000	        0.0000	        0.0000	        0.0000	  0.3493	  0.3216	-21.7243
2010	164	  23	 55	163.9965	  0.0000	 14.2160	   21.2404	 20.1789	  0.7600	  0.0000	 300.0000	 300.0000	 300.0000	   0.0000	   0.0000	   0.0000	 18.9000	 26.1000	 14.2500	   5.1000	   5.5000	   5.9000	  0.8000	  0.1000	  0.1000	  0.1800	  0.2100	   0.0000	   0.0000	   0.0000	   0.0000	   0.0000	   0.0000	   0.0000	   0.0000	   0.0000	  1.0000	  0.0000	        0.0000	        0.0000	        0.0000	        0.0000	        0.0000	        0.0000	        0.0000	  0.3493	  0.3216	-21.7243
2010	165	  23	 55	164.9965	  0.0000	 13.2430	   20.2674	 20.1966	  0.5100	  0.0000	 300.0000	 300.0000	 300.0000	   0.0000	   0.0000	   0.0000	 18.9000	 22.8000	 14.7500	   5.1000	   5.5000	   5.9000	  0.8000	  0.1000	  0.1000	  0.1800	  0.2100	   0.0000	   0.0000	   0.0000	   0.0000	   0.0000	   0.0000	   0.0000	   0.0000	   0.0000	  1.0000	  0.0000	        0.0000	        0.0000	        0.0000	        0.0000	        0.0000	        0.0000	        0.0000	  0.3493	  0.3216	-21.7243
2010	166	  23	 55	165.9965	  0.0000	 14.0347	   21.0591	 20.3691	  0.0000	  1.0000	 300.0000	 300.0000	 300.0000	   0.0000	   0.0000	   0.0000	 16.7417	 25.6000	 15.5000	   5.1000	   5.5000	   5.9000	  0.8000	  0.1000	  0.1000	  0.1800	  0.2100	   0.0000	   0.0000	   0.0000	   0.0000	   0.0000	   0.0000	   0.0000	   0.0000	   0.0000	  1.0000	  0.0000	        0.0000	        0.0000	        0.0000	        0.0000	        0.0000	        0.0000	        0.0000	  0.3493	  0.3216	-21.7243
2010	167	  23	 55	166.9965	  0.0000	 12.9068	   19.9312	 20.2815	  0.0000	  2.0000	 300.0000	 300.0000	 300.0000	   0.0000	   0.0000	   0.0000	 16.1000	 22.8000	 14.7500	   5.1000	   5.5000	   5.9000	  0.8000	  0.1000	  0.1000	  0.1800	  0.2100	   0.0000	   0.0000	   0.0000	   0.0000	   0.0000	   0.0000	   0.0000	   0.0000	   0.0000	  1.0000	  0.0000	        0.0000	        0.0000	        0.0000	        0.0000	        0.0000	        0.0000	        0.0000	  0.3493	  0.3216	-21.7243
2010	168	  23	 55	167.9965	  0.0000	 15.6301	   22.6545	 20.7561	  2.0300	  0.0000	 300.0000	 300.0000	 300.0000	   0.0000	   0.0000	   0.0000	 18.9417	 25.0000	 14.8333	   5.1000	   5.5000	   5.9000	  0.8000	  0.1000	  0.1000	  0.1800	  0.2100	   0.0000	   0.0000	   0.0000	   0.0000	   0.0000	   0.0000	   0.0000	   0.0000	   0.0000	  1.0000	  0.0000	        0.0000	        0.0000	        0.0000	        0.0000	        0.0000	        0.0000	        0.0000	  0.3493	  0.3216	-21.7243
2010	169	  23	 55	168.9965	  0.0000	 15.3657	   22.3901	 21.0829	  0.0000	  1.0000	 300.0000	 300.0000	 300.0000	   0.0000	   0.0000	   0.0000	 17.2000	 27.8000	 15.4167	   5.1000	   5.5000	   5.9000	  0.8000	  0.1000	  0.1000	  0.1800	  0.2100	   0.0000	   0.0000	   0.0000	   0.0000	   0.0000	   0.0000	   0.0000	   0.0000	   0.0000	  1.0000	  0.0000	        0.0000	        0.0000	        0.0000	        0.0000	        0.0000	        0.0000	        0.0000	  0.3493	  0.3216	-21.7243
2010	170	  23	 55	169.9965	  0.0000	 14.2206	   21.2449	 21.1153	  0.0000	  2.0000	 300.0000	 300.0000	 300.0000	   0.0000	   0.0000	   0.0000	 17.2000	 24.4000	 15.4167	   5.1000	   5.5000	   5.9000	  0.8000	  0.1000	  0.1000	  0.1800	  0.2100	   0.0000	   0.0000	   0.0000	   0.0000	   0.0000	   0.0000	   0.0000	   0.0000	   0.0000	  1.0000	  0.0000	        0.0000	        0.0000	        0.0000	        0.0000	        0.0000	        0.0000	        0.0000	  0.3493	  0.3216	-21.7243
2010	171	  23	 55	170.9965	  0.0000	 18.7148	   25.7392	 22.0401	  0.0000	  3.0000	 300.0000	 300.0000	 300.0000	   0.0000	   0.0000	   0.0000	 20.0000	 31.7000	 14.8333	   5.1000	   5.5000	   5.9000	  0.8000	  0.1000	  0.1000	  0.1800	  0.2100	   0.0000	   0.0000	   0.0000	   0.0000	   0.0000	   0.0000	   0.0000	   0.0000	   0.0000	  1.0000	  0.0000	        0.0000	        0.0000	        0.0000	        0.0000	        0.0000	        0.0000	        0.0000	  0.3493	  0.3216	-21.7243
2010	172	  23	 55	171.9965	  0.0000	 20.9089	   27.9333	 23.2187	  0.0000	  4.0000	 300.0000	 300.0000	 300.0000	   0.0000	   0.0000	   0.0000	 23.3000	 32.2000	 15.4167	   5.1000	   5.5000	   5.9000	  0.8000	  0.1000	  0.1000	  0.1800	  0.2100	   0.0000	   0.0000	   0.0000	   0.0000	   0.0000	   0.0000	   0.0000	   0.0000	   0.0000	  1.0000	  0.0000	        0.0000	        0.0000	        0.0000	        0.0000	        0.0000	        0.0000	        0.0000	  0.3493	  0.3216	-21.7243
2010	173	  23	 55	172.9965	  0.0000	 17.5627	   24.5871	 23.4924	  4.5700	  0.0000	 300.0000	 300.0000	 300.0000	   0.0000	   0.0000	   0.0000	 22.2000	 27.8000	 15.0000	   5.1000	   5.5000	   5.9000	  0.8000	  0.1000	  0.1000	  0.1800	  0.2100	   0.0000	   0.0000	   0.0000	   0.0000	   0.0000	   0.0000	   0.0000	   0.0000	   0.0000	  1.0000	  0.0000	        0.0000	        0.0000	        0.0000	        0.0000	        0.0000	        0.0000	        0.0000	  0.3493	  0.3216	-21.7243
2010	174	  23	 55	173.9965	  0.0000	 21.2282	   28.2526	 24.4444	  0.0000	  1.0000	 300.0000	 300.0000	 300.0000	   0.0000	   0.0000	   0.0000	 21.7000	 33.9000	 15.3333	   5.1000	   5.5000	   5.9000	  0.8000	  0.1000	  0.1000	  0.1800	  0.2100	   0.0000	   0.0000	   0.0000	   0.0000	   0.0000	   0.0000	   0.0000	   0.0000	   0.0000	  1.0000	  0.0000	        0.0000	        0.0000	        0.0000	        0.0000	        0.0000	        0.0000	        0.0000	  0.3493	  0.3216	-21.7243
2010	175	  23	 55	174.9965	  0.0000	 22.9990	   30.0233	 25.5602	  0.0000	  2.0000	 300.0000	 300.0000	 300.0000	   0.0000	   0.0000	   0.0000	 24.4000	 36.1000	 15.1667	   5.1000	   5.5000	   5.9000	  0.8000	  0.1000	  0.1000	  0.1800	  0.2100	   0.0000	   0.0000	   0.0000	   0.0000	   0.0000	   0.0000	   0.0000	   0.0000	   0.0000	  1.0000	  0.0000	        0.0000	        0.0000	        0.0000	        0.0000	        0.0000	        0.0000	        0.0000	  0.3493	  0.3216	-21.7243
2010	176	  23	 55	175.9965	  0.0000	 18.2230	   25.2474	 25.4977	  0.0000	  3.0000	 300.0000	 300.0000	 300.0000	   0.0000	   0.0000	   0.0000	 21.7000	 28.3000	 15.3333	   5.1000	   5.5000	   5.9000	  0.8000	  0.1000	  0.1000	  0.1800	  0.2100	   0.0000	   0.0000	   0.0000	   0.0000	   0.0000	   0.0000	   0.0000	   0.0000	   0.0000	  1.0000	  0.0000	        0.0000	        0.0000	        0.0000	        0.0000	        0.0000	        0.0000	        0.0000	  0.3493	  0.3216	-21.7243
2010	177	  23	 55	176.9965	  0.0000	 19.1334	   26.1578	 25.6297	  0.0000	  4.0000	 300.0000	 300.0000	 300.0000	   0.0000	   0.0000	   0.0000	 20.6000	 31.7000	 14.5000	   5.1000	   5.5000	   5.9000	  0.8000	  0.1000	  0.1000	  0.1800	  0.2100	   0.0000	   0.0000	   0.0000	   0.0000	   0.0000	   0.0000	   0.0000	   0.0000	   0.0000	  1.0000	  0.0000	        0.0000	        0.0000	        0.0000	        0.0000	        0.0000	        0.0000	        0.0000	  0.3493	  0.3216	-21.7243
2010	178	  23	 55	177.9965	  0.0000	 19.6998	   26.7242	 25.8486	  0.0000	  5.0000	 300.0000	 300.0000	 300.0000	   0.0000	   0.0000	   0.0000	 22.2000	 30.0000	 15.1667	   5.1000	   5.5000	   5.9000	  0.8000	  0.1000	  0.1000	  0.1800	  0.2100	   0.0000	   0.0000	   0.0000	   0.0000	   0.0000	   0.0000	   0.0000	   0.0000	   0.0000	  1.0000	  0.0000	        0.0000	        0.0000	        0.0000	        0.0000	        0.0000	        0.0000	        0.0000	  0.3493	  0.3216	-21.7243
2010	179	  23	 55	178.9965	  0.0000	 22.0483	   29.0726	 26.4934	  0.0000	  6.0000	 300.0000	 300.0000	 300.0000	   0.0000	   0.0000	   0.0000	 24.4000	 36.1000	 15.0000	   5.1000	   5.5000	   5.9000	  0.8000	  0.1000	  0.1000	  0.1800	  0.2100	   0.0000	   0.0000	   0.0000	   0.0000	   0.0000	   0.0000	   0.0000	   0.0000	   0.0000	  1.0000	  0.0000	        0.0000	        0.0000	        0.0000	        0.0000	        0.0000	        0.0000	        0.0000	  0.3493	  0.3216	-21.7243
2010	180	  23	 55	179.9965	  0.0000	 21.5338	   28.5582	 26.9064	  0.0000	  7.0000	 300.0000	 300.0000	 300.0000	   0.0000	   0.0000	   0.0000	 22.2500	 33.9000	 15.3333	   5.1000	   5.5000	   5.9000	  0.8000	  0.1000	  0.1000	  0.1800	  0.2100	   0.0000	   0.0000	   0.0000	   0.0000	   0.0000	   0.0000	   0.0000	   0.0000	   0.0000	  1.0000	  0.0000	        0.0000	        0.0000	        0.0000	        0.0000	        0.0000	        0.0000	        0.0000	  0.3493	  0.3216	-21.7243
2010	181	  23	 55	180.9965	  0.0000	 15.1136	   22.1380	 25.9527	  0.0000	  8.0000	 300.0000	 300.0000	 300.0000	   0.0000	   0.0000	   0.0000	 18.3000	 26.1000	 15.4167	   5.1000	   5.5000	   5.9000	  0.8000	  0.1000	  0.1000	  0.1800	  0.2100	   0.0000	   0.0000	   0.0000	   0.0000	   0.0000	   0.0000	   0.0000	   0.0000	   0.0000	  1.0000	  0.0000	        0.0000	        0.0000	        0.0000	        0.0000	        0.0000	        0.0000	        0.0000	  0.3493	  0.3216	-21.7243
2010	182	  23	 55	181.9965	  0.0000	 15.1798	   22.2042	 25.2030	  0.0000	  9.0000	 300.0000	 300.0000	 300.0000	   0.0000	   0.0000	   0.0000	 17.8000	 26.7000	 15.4167	   5.1000	   5.5000	   5.9000	  0.8000	  0.1000	  0.1000	  0.1800	  0.2100	   0.0000	   0.0000	   0.0000	   0.0000	   0.0000	   0.0000	   0.0000	   0.0000	   0.0000	  1.0000	  0.0000	        0.0000	        0.0000	        0.0000	        0.0000	        0.0000	        0.0000	        0.0000	  0.3493	  0.3216	-21.7243
2010	183	  23	 55	182.9965	  0.0000	 15.5561	   22.5805	 24.6785	  0.0000	 10.0000	 300.0000	 300.0000	 300.0000	   0.0000	   0.0000	   0.0000	 17.2000	 27.8000	 15.4167	   5.1000	   5.5000	   5.9000	  0.8000	  0.1000	  0.1000	  0.1800	  0.2100	   0.0000	   0.0000	   0.0000	   0.0000	   0.0000	   0.0000	   0.0000	   0.0000	   0.0000	  1.0000	  0.0000	        0.0000	        0.0000	        0.0000	        0.0000	        0.0000	        0.0000	        0.0000	  0.3493	  0.3216	-21.7243
2010	184	  23	 55	183.9965	  0.0000	 17.3899	   24.4143	 24.6256	  0.0000	 11.0000	 300.0000	 300.0000	 300.0000	   0.0000	   0.0000	   0.0000	 18.9000	 30.0000	 15.3333	   5.1000	   5.5000	   5.9000	  0.8000	  0.1000	  0.1000	  0.1800	  0.2100	   0.0000	   0.0000	   0.0000	   0.0000	   0.0000	   0.0000	   0.0000	   0.0000	   0.0000	  1.0000	  0.0000	        0.0000	        0.0000	        0.0000	        0.0000	        0.0000	        0.0000	        0.0000	  0.3493	  0.3216	-21.7243
2010	185	  23	 55	184.9965	  0.0000	 22.1763	   29.2007	 25.5407	  0.0000	 12.0000	 300.0000	 300.0000	 300.0000	   0.0000	   0.0000	   0.0000	 21.1000	 37.2000	 15.2500	   5.1000	   5.5000	   5.9000	  0.8000	  0.1000	  0.1000	  0.1800	  0.2100	   0.0000	   0.0000	   0.0000	   0.0000	   0.0000	   0.0000	   0.0000	   0.0000	   0.0000	  1.0000	  0.0000	        0.0000	        0.0000	        0.0000	        0.0000	        0.0000	        0.0000	        0.0000	  0.3493	  0.3216	-21.7243
2010	186	  23	 55	185.9965	  0.0000	 21.9930	   29.0174	 26.2360	  0.0000	 13.0000	 300.0000	 300.0000	 300.0000	   0.0000	   0.0000	   0.0000	 22.8000	 35.6000	 15.2500	   5.1000	   5.5000	   5.9000	  0.8000	  0.1000	  0.1000	  0.1800	  0.2100	   0.0000	   0.0000	   0.0000	   0.0000	   0.0000	   0.0000	   0.0000	   0.0000	   0.0000	  1.0000	  0.0000	        0.0000	        0.0000	        0.0000	        0.0000	        0.0000	        0.0000	        0.0000	  0.3493	  0.3216	-21.7243
2010	187	  23	 55	186.9965	  0.0000	 23.8078	   30.8322	 27.1553	  0.0000	 14.0000	 300.0000	 300.0000	 300.0000	   0.0000	   0.0000	   0.0000	 23.9000	 37.2000	 15.1667	   5.1000	   5.5000	   5.9000	  0.8000	  0.1000	  0.1000	  0.1800	  0.2100	   0.0000	   0.0000	   0.0000	   0.0000	   0.0000	   0.0000	   0.0000	   0.0000	   0.0000	  1.0000	  0.0000	        0.0000	        0.0000	        0.0000	        0.0000	        0.0000	        0.0000	        0.0000	  0.3493	  0.3216	-21.7243
2010	188	  23	 55	187.9965	  0.0000	 23.1803	   30.2047	 27.7651	  0.0000	 15.0000	 300.0000	 300.0000	 300.0000	   0.0000	   0.0000	   0.0000	 25.0000	 36.7000	 15.0000	   5.1000	   5.5000	   5.9000	  0.8000	  0.1000	  0.1000	  0.1800	  0.2100	   0.0000	   0.0000	   0.0000	   0.0000	   0.0000	   0.0000	   0.0000	   0.0000	   0.0000	  1.0000	  0.0000	        0.0000	        0.0000	        0.0000	        0.0000	        0.0000	        0.0000	        0.0000	  0.3493	  0.3216	-21.7243
2010	189	  23	 55	188.9965	  0.0000	 19.3861	   26.4105	 27.4942	  0.0000	 16.0000	 300.0000	 300.0000	 300.0000	   0.0000	   0.0000	   0.0000	 24.4000	 29.4000	 14.8333	   5.1000	   5.5000	   5.9000	  0.8000	  0.1000	  0.1000	  0.1800	  0.2100	   0.0000	   0.0000	   0.0000	   0.0000	   0.0000	   0.0000	   0.0000	   0.0000	   0.0000	  1.0000	  0.0000	        0.0000	        0.0000	        0.0000	        0.0000	        0.0000	        0.0000	        0.0000	  0.3493	  0.3216	-21.7243
2010	190	  23	 55	189.9965	  0.0000	 19.5249	   26.5493	 27.3052	  0.0000	 17.0000	 300.0000	 300.0000	 300.0000	   0.0000	   0.0000	   0.0000	 23.9000	 30.0000	 15.2500	   5.1000	   5.5000	   5.9000	  0.8000	  0.1000	  0.1000	  0.1800	  0.2100	   0.0000	   0.0000	   0.0000	   0.0000	   0.0000	   0.0000	   0.0000	   0.0000	   0.0000	  1.0000	  0.0000	        0.0000	        0.0000	        0.0000	        0.0000	        0.0000	        0.0000	        0.0000	  0.3493	  0.3216	-21.7243
2010	191	  23	 55	190.9965	  0.0000	 18.7746	   25.7990	 27.0040	  0.0000	 18.0000	 300.0000	 300.0000	 300.0000	   0.0000	   0.0000	   0.0000	 23.3917	 27.8000	 13.2500	   5.1000	   5.5000	   5.9000	  0.8000	  0.1000	  0.1000	  0.1800	  0.2100	   0.0000	   0.0000	   0.0000	   0.0000	   0.0000	   0.0000	   0.0000	   0.0000	   0.0000	  1.0000	  0.0000	        0.0000	        0.0000	        0.0000	        0.0000	        0.0000	        0.0000	        0.0000	  0.3493	  0.3216	-21.7243
2010	192	  23	 55	191.9965	  0.0000	 19.4624	   26.4868	 26.9005	  0.0000	 19.0000	 300.0000	 300.0000	 300.0000	   0.0000	   0.0000	   0.0000	 22.8000	 30.0000	 15.1667	   5.1000	   5.5000	   5.9000	  0.8000	  0.1000	  0.1000	  0.1800	  0.2100	   0.0000	   0.0000	   0.0000	   0.0000	   0.0000	   0.0000	   0.0000	   0.0000	   0.0000	  1.0000	  0.0000	        0.0000	        0.0000	        0.0000	        0.0000	        0.0000	        0.0000	        0.0000	  0.3493	  0.3216	-21.7243
2010	193	  23	 55	192.9965	  0.0000	 19.2502	   26.2746	 26.7753	  0.0000	 20.0000	 300.0000	 300.0000	 300.0000	   0.0000	   0.0000	   0.0000	 22.2000	 31.7000	 14.7500	   5.1000	   5.5000	   5.9000	  0.8000	  0.1000	  0.1000	  0.1800	  0.2100	   0.0000	   0.0000	   0.0000	   0.0000	   0.0000	   0.0000	   0.0000	   0.0000	   0.0000	  1.0000	  0.0000	        0.0000	        0.0000	        0.0000	        0.0000	        0.0000	        0.0000	        0.0000	  0.3493	  0.3216	-21.7243
2010	194	  23	 55	193.9965	  0.0000	 18.3805	   25.4049	 26.5012	  4.3100	  0.0000	 300.0000	 300.0000	 300.0000	   0.0000	   0.0000	   0.0000	 23.9000	 27.2000	 14.7500	   5.1000	   5.5000	   5.9000	  0.8000	  0.1000	  0.1000	  0.1800	  0.2100	   0.0000	   0.0000	   0.0000	   0.0000	   0.0000	   0.0000	   0.0000	   0.0000	   0.0000	  1.0000	  0.0000	        0.0000	        0.0000	        0.0000	        0.0000	        0.0000	        0.0000	        0.0000	  0.3493	  0.3216	-21.7243
2010	195	  23	 55	194.9965	  0.0000	 18.2801	   25.3045	 26.2619	  7.3600	  0.0000	 300.0000	 300.0000	 300.0000	   0.0000	   0.0000	   0.0000	 23.9000	 27.2000	 14.1667	   5.1000	   5.5000	   5.9000	  0.8000	  0.1000	  0.1000	  0.1800	  0.2100	   0.0000	   0.0000	   0.0000	   0.0000	   0.0000	   0.0000	   0.0000	   0.0000	   0.0000	  1.0000	  0.0000	        0.0000	        0.0000	        0.0000	        0.0000	        0.0000	        0.0000	        0.0000	  0.3493	  0.3216	-21.7243
2010	196	  23	 55	195.9965	  0.0000	 18.1181	   25.1425	 26.0380	  0.0000	  1.0000	 300.0000	 300.0000	 300.0000	   0.0000	   0.0000	   0.0000	 22.8000	 30.0000	 14.8333	   5.1000	   5.5000	   5.9000	  0.8000	  0.1000	  0.1000	  0.1800	  0.2100	   0.0000	   0.0000	   0.0000	   0.0000	   0.0000	   0.0000	   0.0000	   0.0000	   0.0000	  1.0000	  0.0000	        0.0000	        0.0000	        0.0000	        0.0000	        0.0000	        0.0000	        0.0000	  0.3493	  0.3216	-21.7243
2010	197	  23	 55	196.9965	  0.0000	 19.7544	   26.7787	 26.1862	  0.0000	  2.0000	 300.0000	 300.0000	 300.0000	   0.0000	   0.0000	   0.0000	 23.3000	 30.0000	 14.6667	   5.1000	   5.5000	   5.9000	  0.8000	  0.1000	  0.1000	  0.1800	  0.2100	   0.0000	   0.0000	   0.0000	   0.0000	   0.0000	   0.0000	   0.0000	   0.0000	   0.0000	  1.0000	  0.0000	        0.0000	        0.0000	        0.0000	        0.0000	        0.0000	        0.0000	        0.0000	  0.3493	  0.3216	-21.7243
2010	198	  23	 55	197.9965	  0.0000	 22.4749	   29.4993	 26.8488	  0.0000	  3.0000	 300.0000	 300.0000	 300.0000	   0.0000	   0.0000	   0.0000	 26.1000	 33.3000	 14.4167	   5.1000	   5.5000	   5.9000	  0.8000	  0.1000	  0.1000	  0.1800	  0.2100	   0.0000	   0.0000	   0.0000	   0.0000	   0.0000	   0.0000	   0.0000	   0.0000	   0.0000	  1.0000	  0.0000	        0.0000	        0.0000	        0.0000	        0.0000	        0.0000	        0.0000	        0.0000	  0.3493	  0.3216	-21.7243
2010	199	  23	 55	198.9965	  0.0000	 23.0833	   30.1077	 27.5006	  0.0000	  4.0000	 300.0000	 300.0000	 300.0000	   0.0000	   0.0000	   0.0000	 25.0000	 34.4000	 14.7500	   5.1000	   5.5000	   5.9000	  0.8000	  0.1000	  0.1000	  0.1800	  0.2100	   0.0000	   0.0000	   0.0000	   0.0000	   0.0000	   0.0000	   0.0000	   0.0000	   0.0000	  1.0000	  0.0000	        0.0000	        0.0000	        0.0000	        0.0000	        0.0000	        0.0000	        0.0000	  0.3493	  0.3216	-21.7243
2010	200	  23	 55	199.9965	  0.0000	 19.7016	   26.7260	 27.3456	 14.7300	  0.0000	 300.0000	 300.0000	 300.0000	   0.0000	   0.0000	   0.0000	 23.9000	 30.6000	 14.5833	   5.1000	   5.5000	   5.9000	  0.8000	  0.1000	  0.1000	  0.1800	  0.2100	   0.0000	   0.0000	   0.0000	   0.0000	   0.0000	   0.0000	   0.0000	   0.0000	   0.0000	  1.0000	  0.0000	        0.0000	        0.0000	        0.0000	        0.0000	        0.0000	        0.0000	        0.0000	  0.3493	  0.3216	-21.7243
2010	201	  23	 55	200.9965	  0.0000	 20.3343	   27.3587	 27.3483	  0.0000	  1.0000	 300.0000	 300.0000	 300.0000	   0.0000	   0.0000	   0.0000	 24.4000	 31.1000	 14.7500	   5.1000	   5.5000	   5.9000	  0.8000	  0.1000	  0.1000	  0.1800	  0.2100	   0.0000	   0.0000	   0.0000	   0.0000	   0.0000	   0.0000	   0.0000	   0.0000	   0.0000	  1.0000	  0.0000	        0.0000	        0.0000	        0.0000	        0.0000	        0.0000	        0.0000	        0.0000	  0.3493	  0.3216	-21.7243
2010	202	  23	 55	201.9965	  0.0000	 21.0859	   28.1103	 27.5007	  0.0000	  2.0000	 300.0000	 300.0000	 300.0000	   0.0000	   0.0000	   0.0000	 24.4000	 31.7000	 14.5833	   5.1000	   5.5000	   5.9000	  0.8000	  0.1000	  0.1000	  0.1800	  0.2100	   0.0000	   0.0000	   0.0000	   0.0000	   0.0000	   0.0000	   0.0000	   0.0000	   0.0000	  1.0000	  0.0000	        0.0000	        0.0000	        0.0000	        0.0000	        0.0000	        0.0000	        0.0000	  0.3493	  0.3216	-21.7243
2010	203	  23	 55	202.9965	  0.0000	 21.5361	   28.5605	 27.7126	  0.0000	  3.0000	 300.0000	 300.0000	 300.0000	   0.0000	   0.0000	   0.0000	 24.4000	 32.8000	 14.7500	   5.1000	   5.5000	   5.9000	  0.8000	  0.1000	  0.1000	  0.1800	  0.2100	   0.0000	   0.0000	   0.0000	   0.0000	   0.0000	   0.0000	   0.0000	   0.0000	   0.0000	  1.0000	  0.0000	        0.0000	        0.0000	        0.0000	        0.0000	        0.0000	        0.0000	        0.0000	  0.3493	  0.3216	-21.7243
2010	204	  23	 55	203.9965	  0.0000	 19.8359	   26.8603	 27.5422	 15.5000	  0.0000	 300.0000	 300.0000	 300.0000	   0.0000	   0.0000	   0.0000	 23.9000	 28.9000	 14.6667	   5.1000	   5.5000	   5.9000	  0.8000	  0.1000	  0.1000	  0.1800	  0.2100	   0.0000	   0.0000	   0.0000	   0.0000	   0.0000	   0.0000	   0.0000	   0.0000	   0.0000	  1.0000	  0.0000	        0.0000	        0.0000	        0.0000	        0.0000	        0.0000	        0.0000	        0.0000	  0.3493	  0.3216	-21.7243
2010	205	  23	 55	204.9965	  0.0000	 24.0679	   31.0923	 28.2522	  0.0000	  1.0000	 300.0000	 300.0000	 300.0000	   0.0000	   0.0000	   0.0000	 26.7000	 35.6000	 14.6667	   5.1000	   5.5000	   5.9000	  0.8000	  0.1000	  0.1000	  0.1800	  0.2100	   0.0000	   0.0000	   0.0000	   0.0000	   0.0000	   0.0000	   0.0000	   0.0000	   0.0000	  1.0000	  0.0000	        0.0000	        0.0000	        0.0000	        0.0000	        0.0000	        0.0000	        0.0000	  0.3493	  0.3216	-21.7243
2010	206	  23	 55	205.9965	  0.0000	 20.8226	   27.8470	 28.1712	  2.0300	  0.0000	 300.0000	 300.0000	 300.0000	   0.0000	   0.0000	   0.0000	 23.3917	 32.8000	 14.7500	   5.1000	   5.5000	   5.9000	  0.8000	  0.1000	  0.1000	  0.1800	  0.2100	   0.0000	   0.0000	   0.0000	   0.0000	   0.0000	   0.0000	   0.0000	   0.0000	   0.0000	  1.0000	  0.0000	        0.0000	        0.0000	        0.0000	        0.0000	        0.0000	        0.0000	        0.0000	  0.3493	  0.3216	-21.7243
2010	207	  23	 55	206.9965	  0.0000	 19.2294	   26.2538	 27.7877	  0.0000	  1.0000	 300.0000	 300.0000	 300.0000	   0.0000	   0.0000	   0.0000	 20.6000	 30.6000	 14.7500	   5.1000	   5.5000	   5.9000	  0.8000	  0.1000	  0.1000	  0.1800	  0.2100	   0.0000	   0.0000	   0.0000	   0.0000	   0.0000	   0.0000	   0.0000	   0.0000	   0.0000	  1.0000	  0.0000	        0.0000	        0.0000	        0.0000	        0.0000	        0.0000	        0.0000	        0.0000	  0.3493	  0.3216	-21.7243
2010	208	  23	 55	207.9965	  0.0000	 19.4549	   26.4793	 27.5260	  0.0000	  2.0000	 300.0000	 300.0000	 300.0000	   0.0000	   0.0000	   0.0000	 22.8000	 31.7000	 14.7500	   5.1000	   5.5000	   5.9000	  0.8000	  0.1000	  0.1000	  0.1800	  0.2100	   0.0000	   0.0000	   0.0000	   0.0000	   0.0000	   0.0000	   0.0000	   0.0000	   0.0000	  1.0000	  0.0000	        0.0000	        0.0000	        0.0000	        0.0000	        0.0000	        0.0000	        0.0000	  0.3493	  0.3216	-21.7243
2010	209	  23	 55	208.9965	  0.0000	 18.2582	   25.2826	 27.0773	  0.0000	  3.0000	 300.0000	 300.0000	 300.0000	   0.0000	   0.0000	   0.0000	 21.7000	 29.4000	 14.6667	   5.1000	   5.5000	   5.9000	  0.8000	  0.1000	  0.1000	  0.1800	  0.2100	   0.0000	   0.0000	   0.0000	   0.0000	   0.0000	   0.0000	   0.0000	   0.0000	   0.0000	  1.0000	  0.0000	        0.0000	        0.0000	        0.0000	        0.0000	        0.0000	        0.0000	        0.0000	  0.3493	  0.3216	-21.7243
2010	210	  23	 55	209.9965	  0.0000	 19.0160	   26.0404	 26.8699	  0.7600	  0.0000	 300.0000	 300.0000	 300.0000	   0.0000	   0.0000	   0.0000	 23.9000	 30.0000	 14.1667	   5.1000	   5.5000	   5.9000	  0.8000	  0.1000	  0.1000	  0.1800	  0.2100	   0.0000	   0.0000	   0.0000	   0.0000	   0.0000	   0.0000	   0.0000	   0.0000	   0.0000	  1.0000	  0.0000	        0.0000	        0.0000	        0.0000	        0.0000	        0.0000	        0.0000	        0.0000	  0.3493	  0.3216	-21.7243
2010	211	  23	 55	210.9965	  0.0000	 16.1936	   23.2179	 26.1395	  0.0000	  1.0000	 300.0000	 300.0000	 300.0000	   0.0000	   0.0000	   0.0000	 20.0000	 26.7000	 14.5833	   5.1000	   5.5000	   5.9000	  0.8000	  0.1000	  0.1000	  0.1800	  0.2100	   0.0000	   0.0000	   0.0000	   0.0000	   0.0000	   0.0000	   0.0000	   0.0000	   0.0000	  1.0000	  0.0000	        0.0000	        0.0000	        0.0000	        0.0000	        0.0000	        0.0000	        0.0000	  0.3493	  0.3216	-21.7243
2010	212	  23	 55	211.9965	  0.0000	 15.5369	   22.5613	 25.4239	  0.0000	  2.0000	 300.0000	 300.0000	 300.0000	   0.0000	   0.0000	   0.0000	 18.3000	 27.2000	 14.5000	   5.1000	   5.5000	   5.9000	  0.8000	  0.1000	  0.1000	  0.1800	  0.2100	   0.0000	   0.0000	   0.0000	   0.0000	   0.0000	   0.0000	   0.0000	   0.0000	   0.0000	  1.0000	  0.0000	        0.0000	        0.0000	        0.0000	        0.0000	        0.0000	        0.0000	        0.0000	  0.3493	  0.3216	-21.7243
2010	213	  23	 55	212.9965	  0.0000	 16.1855	   23.2099	 24.9811	  0.0000	  3.0000	 300.0000	 300.0000	 300.0000	   0.0000	   0.0000	   0.0000	 20.6000	 25.6000	 14.3333	   5.1000	   5.5000	   5.9000	  0.8000	  0.1000	  0.1000	  0.1800	  0.2100	   0.0000	   0.0000	   0.0000	   0.0000	   0.0000	   0.0000	   0.0000	   0.0000	   0.0000	  1.0000	  0.0000	        0.0000	        0.0000	        0.0000	        0.0000	        0.0000	        0.0000	        0.0000	  0.3493	  0.3216	-21.7243
2010	214	  23	 55	213.9965	  0.0000	 16.9131	   23.9375	 24.7724	  0.0000	  4.0000	 300.0000	 300.0000	 300.0000	   0.0000	   0.0000	   0.0000	 20.6000	 26.7000	 14.5000	   5.1000	   5.5000	   5.9000	  0.8000	  0.1000	  0.1000	  0.1800	  0.2100	   0.0000	   0.0000	   0.0000	   0.0000	   0.0000	   0.0000	   0.0000	   0.0000	   0.0000	  1.0000	  0.0000	        0.0000	        0.0000	        0.0000	        0.0000	        0.0000	        0.0000	        0.0000	  0.3493	  0.3216	-21.7243
2010	215	  23	 55	214.9965	  0.0000	 17.5413	   24.5657	 24.7310	  0.0000	  5.0000	 300.0000	 300.0000	 300.0000	   0.0000	   0.0000	   0.0000	 22.2000	 27.8000	 14.3333	   5.1000	   5.5000	   5.9000	  0.8000	  0.1000	  0.1000	  0.1800	  0.2100	   0.0000	   0.0000	   0.0000	   0.0000	   0.0000	   0.0000	   0.0000	   0.0000	   0.0000	  1.0000	  0.0000	        0.0000	        0.0000	        0.0000	        0.0000	        0.0000	        0.0000	        0.0000	  0.3493	  0.3216	-21.7243
2010	216	  23	 55	215.9965	  0.0000	 18.7641	   25.7885	 24.9425	  0.0000	  6.0000	 300.0000	 300.0000	 300.0000	   0.0000	   0.0000	   0.0000	 22.8000	 29.4000	 14.2500	   5.1000	   5.5000	   5.9000	  0.8000	  0.1000	  0.1000	  0.1800	  0.2100	   0.0000	   0.0000	   0.0000	   0.0000	   0.0000	   0.0000	   0.0000	   0.0000	   0.0000	  1.0000	  0.0000	        0.0000	        0.0000	        0.0000	        0.0000	        0.0000	        0.0000	        0.0000	  0.3493	  0.3216	-21.7243
2010	217	  23	 55	216.9965	  0.0000	 22.1805	   29.2049	 25.7950	  0.0000	  7.0000	 300.0000	 300.0000	 300.0000	   0.0000	   0.0000	   0.0000	 23.3000	 35.0000	 14.0833	   5.1000	   5.5000	   5.9000	  0.8000	  0.1000	  0.1000	  0.1800	  0.2100	   0.0000	   0.0000	   0.0000	   0.0000	   0.0000	   0.0000	   0.0000	   0.0000	   0.0000	  1.0000	  0.0000	        0.0000	        0.0000	        0.0000	        0.0000	        0.0000	        0.0000	        0.0000	  0.3493	  0.3216	-21.7243
2010	218	  23	 55	217.9965	  0.0000	 20.8519	   27.8763	 26.2113	  0.0000	  8.0000	 300.0000	 300.0000	 300.0000	   0.0000	   0.0000	   0.0000	 21.8333	 32.2000	 14.5000	   5.1000	   5.5000	   5.9000	  0.8000	  0.1000	  0.1000	  0.1800	  0.2100	   0.0000	   0.0000	   0.0000	   0.0000	   0.0000	   0.0000	   0.0000	   0.0000	   0.0000	  1.0000	  0.0000	        0.0000	        0.0000	        0.0000	        0.0000	        0.0000	        0.0000	        0.0000	  0.3493	  0.3216	-21.7243
2010	219	  23	 55	218.9965	  0.0000	 17.0481	   24.0725	 25.7835	  0.0000	  9.0000	 300.0000	 300.0000	 300.0000	   0.0000	   0.0000	   0.0000	 18.9000	 27.8000	 14.3333	   5.1000	   5.5000	   5.9000	  0.8000	  0.1000	  0.1000	  0.1800	  0.2100	   0.0000	   0.0000	   0.0000	   0.0000	   0.0000	   0.0000	   0.0000	   0.0000	   0.0000	  1.0000	  0.0000	        0.0000	        0.0000	        0.0000	        0.0000	        0.0000	        0.0000	        0.0000	  0.3493	  0.3216	-21.7243
2010	220	  23	 55	219.9965	  0.0000	 18.2885	   25.3129	 25.6894	  0.0000	 10.0000	 300.0000	 300.0000	 300.0000	   0.0000	   0.0000	   0.0000	 21.7000	 29.4000	 14.1667	   5.1000	   5.5000	   5.9000	  0.8000	  0.1000	  0.1000	  0.1800	  0.2100	   0.0000	   0.0000	   0.0000	   0.0000	   0.0000	   0.0000	   0.0000	   0.0000	   0.0000	  1.0000	  0.0000	        0.0000	        0.0000	        0.0000	        0.0000	        0.0000	        0.0000	        0.0000	  0.3493	  0.3216	-21.7243
2010	221	  23	 55	220.9965	  0.0000	 18.8469	   25.8713	 25.7258	  0.0000	 11.0000	 300.0000	 300.0000	 300.0000	   0.0000	   0.0000	   0.0000	 22.2000	 29.4000	 14.1667	   5.1000	   5.5000	   5.9000	  0.8000	  0.1000	  0.1000	  0.1800	  0.2100	   0.0000	   0.0000	   0.0000	   0.0000	   0.0000	   0.0000	   0.0000	   0.0000	   0.0000	  1.0000	  0.0000	        0.0000	        0.0000	        0.0000	        0.0000	        0.0000	        0.0000	        0.0000	  0.3493	  0.3216	-21.7243
2010	222	  23	 55	221.9965	  0.0000	 20.0331	   27.0575	 25.9921	  0.0000	 12.0000	 300.0000	 300.0000	 300.0000	   0.0000	   0.0000	   0.0000	 23.9000	 31.1000	 12.9167	   5.1000	   5.5000	   5.9000	  0.8000	  0.1000	  0.1000	  0.1800	  0.2100	   0.0000	   0.0000	   0.0000	   0.0000	   0.0000	   0.0000	   0.0000	   0.0000	   0.0000	  1.0000	  0.0000	        0.0000	        0.0000	        0.0000	        0.0000	        0.0000	        0.0000	        0.0000	  0.3493	  0.3216	-21.7243
2010	223	  23	 55	222.9965	  0.0000	 20.2200	   27.2444	 26.2426	  0.0000	 13.0000	 300.0000	 300.0000	 300.0000	   0.0000	   0.0000	   0.0000	 23.9417	 32.8000	 13.6667	   5.1000	   5.5000	   5.9000	  0.8000	  0.1000	  0.1000	  0.1800	  0.2100	   0.0000	   0.0000	   0.0000	   0.0000	   0.0000	   0.0000	   0.0000	   0.0000	   0.0000	  1.0000	  0.0000	        0.0000	        0.0000	        0.0000	        0.0000	        0.0000	        0.0000	        0.0000	  0.3493	  0.3216	-21.7243
2010	224	  23	 55	223.9965	  0.0000	 16.0355	   23.0599	 25.6060	  0.2500	  0.0000	 300.0000	 300.0000	 300.0000	   0.0000	   0.0000	   0.0000	 21.1000	 23.9000	 12.6667	   5.1000	   5.5000	   5.9000	  0.8000	  0.1000	  0.1000	  0.1800	  0.2100	   0.0000	   0.0000	   0.0000	   0.0000	   0.0000	   0.0000	   0.0000	   0.0000	   0.0000	  1.0000	  0.0000	        0.0000	        0.0000	        0.0000	        0.0000	        0.0000	        0.0000	        0.0000	  0.3493	  0.3216	-21.7243
2010	225	  23	 55	224.9965	  0.0000	 15.7671	   22.7915	 25.0431	  0.0000	  1.0000	 300.0000	 300.0000	 300.0000	   0.0000	   0.0000	   0.0000	 20.0500	 26.1000	 14.0000	   5.1000	   5.5000	   5.9000	  0.8000	  0.1000	  0.1000	  0.1800	  0.2100	   0.0000	   0.0000	   0.0000	   0.0000	   0.0000	   0.0000	   0.0000	   0.0000	   0.0000	  1.0000	  0.0000	        0.0000	        0.0000	        0.0000	        0.0000	        0.0000	        0.0000	        0.0000	  0.3493	  0.3216	-21.7243
2010	226	  23	 55	225.9965	  0.0000	 14.8674	   21.8918	 24.4129	  0.0000	  2.0000	 300.0000	 300.0000	 300.0000	   0.0000	   0.0000	   0.0000	 16.7000	 25.0000	 14.2500	   5.1000	   5.5000	   5.9000	  0.8000	  0.1000	  0.1000	  0.1800	  0.2100	   0.0000	   0.0000	   0.0000	   0.0000	   0.0000	   0.0000	   0.0000	   0.0000	   0.0000	  1.0000	  0.0000	        0.0000	        0.0000	        0.0000	        0.0000	        0.0000	        0.0000	        0.0000	  0.3493	  0.3216	-21.7243
2010	227	  23	 55	226.9965	  0.0000	 16.3246	   23.3490	 24.2001	  0.5100	  0.0000	 300.0000	 300.0000	 300.0000	   0.0000	   0.0000	   0.0000	 21.1000	 25.6000	 14.0000	   5.1000	   5.5000	   5.9000	  0.8000	  0.1000	  0.1000	  0.1800	  0.2100	   0.0000	   0.0000	   0.0000	   0.0000	   0.0000	   0.0000	   0.0000	   0.0000	   0.0000	  1.0000	  0.0000	        0.0000	        0.0000	        0.0000	        0.0000	        0.0000	        0.0000	        0.0000	  0.3493	  0.3216	-21.7243
2010	228	  23	 55	227.9965	  0.0000	 17.8486	   24.8730	 24.3347	  2.7900	  0.0000	 300.0000	 300.0000	 300.0000	   0.0000	   0.0000	   0.0000	 21.7000	 28.3000	 13.6667	   5.1000	   5.5000	   5.9000	  0.8000	  0.1000	  0.1000	  0.1800	  0.2100	   0.0000	   0.0000	   0.0000	   0.0000	   0.0000	   0.0000	   0.0000	   0.0000	   0.0000	  1.0000	  0.0000	        0.0000	        0.0000	        0.0000	        0.0000	        0.0000	        0.0000	        0.0000	  0.3493	  0.3216	-21.7243
2010	229	  23	 55	228.9965	  0.0000	 20.1286	   27.1530	 24.8983	  0.0000	  1.0000	 300.0000	 300.0000	 300.0000	   0.0000	   0.0000	   0.0000	 22.8000	 31.7000	 13.7500	   5.1000	   5.5000	   5.9000	  0.8000	  0.1000	  0.1000	  0.1800	  0.2100	   0.0000	   0.0000	   0.0000	   0.0000	   0.0000	   0.0000	   0.0000	   0.0000	   0.0000	  1.0000	  0.0000	        0.0000	        0.0000	        0.0000	        0.0000	        0.0000	        0.0000	        0.0000	  0.3493	  0.3216	-21.7243
2010	230	  23	 55	229.9965	  0.0000	 17.2646	   24.2890	 24.7765	  0.0000	  2.0000	 300.0000	 300.0000	 300.0000	   0.0000	   0.0000	   0.0000	 22.2000	 26.1000	 13.5000	   5.1000	   5.5000	   5.9000	  0.8000	  0.1000	  0.1000	  0.1800	  0.2100	   0.0000	   0.0000	   0.0000	   0.0000	   0.0000	   0.0000	   0.0000	   0.0000	   0.0000	  1.0000	  0.0000	        0.0000	        0.0000	        0.0000	        0.0000	        0.0000	        0.0000	        0.0000	  0.3493	  0.3216	-21.7243
2010	231	  23	 55	230.9965	  0.0000	 17.8484	   24.8728	 24.7957	  0.0000	  3.0000	 300.0000	 300.0000	 300.0000	   0.0000	   0.0000	   0.0000	 20.0000	 29.4000	 13.7500	   5.1000	   5.5000	   5.9000	  0.8000	  0.1000	  0.1000	  0.1800	  0.2100	   0.0000	   0.0000	   0.0000	   0.0000	   0.0000	   0.0000	   0.0000	   0.0000	   0.0000	  1.0000	  0.0000	        0.0000	        0.0000	        0.0000	        0.0000	        0.0000	        0.0000	        0.0000	  0.3493	  0.3216	-21.7243
2010	232	  23	 55	231.9965	  0.0000	 20.4836	   27.5080	 25.3382	  0.0000	  4.0000	 300.0000	 300.0000	 300.0000	   0.0000	   0.0000	   0.0000	 22.8000	 33.3000	 13.7500	   5.1000	   5.5000	   5.9000	  0.8000	  0.1000	  0.1000	  0.1800	  0.2100	   0.0000	   0.0000	   0.0000	   0.0000	   0.0000	   0.0000	   0.0000	   0.0000	   0.0000	  1.0000	  0.0000	        0.0000	        0.0000	        0.0000	        0.0000	        0.0000	        0.0000	        0.0000	  0.3493	  0.3216	-21.7243
2010	233	  23	 55	232.9965	  0.0000	 16.9519	   23.9763	 25.0658	  0.0000	  5.0000	 300.0000	 300.0000	 300.0000	   0.0000	   0.0000	   0.0000	 19.4000	 27.8000	 13.6667	   5.1000	   5.5000	   5.9000	  0.8000	  0.1000	  0.1000	  0.1800	  0.2100	   0.0000	   0.0000	   0.0000	   0.0000	   0.0000	   0.0000	   0.0000	   0.0000	   0.0000	  1.0000	  0.0000	        0.0000	        0.0000	        0.0000	        0.0000	        0.0000	        0.0000	        0.0000	  0.3493	  0.3216	-21.7243
2010	234	  23	 55	233.9965	  0.0000	 17.0199	   24.0443	 24.8615	 44.9500	  0.0000	 300.0000	 300.0000	 300.0000	   0.0000	   0.0000	   0.0000	 20.6917	 26.1000	 13.2500	   5.1000	   5.5000	   5.9000	  0.8000	  0.1000	  0.1000	  0.1800	  0.2100	   0.0000	   0.0000	   0.0000	   0.0000	   0.0000	   0.0000	   0.0000	   0.0000	   0.0000	  1.0000	  0.0000	        0.0000	        0.0000	        0.0000	        0.0000	        0.0000	        0.0000	        0.0000	  0.3493	  0.3216	-21.7243
2010	235	  23	 55	234.9965	  0.0000	 13.3932	   20.4176	 23.9727	  5.5700	  0.0000	 300.0000	 300.0000	 300.0000	   0.0000	   0.0000	   0.0000	 18.3000	 21.7000	 13.5000	   5.1000	   5.5000	   5.9000	  0.8000	  0.1000	  0.1000	  0.1800	  0.2100	   0.0000	   0.0000	   0.0000	   0.0000	   0.0000	   0.0000	   0.0000	   0.0000	   0.0000	  1.0000	  0.0000	        0.0000	        0.0000	        0.0000	        0.0000	        0.0000	        0.0000	        0.0000	  0.3493	  0.3216	-21.7243
2010	236	  23	 55	235.9965	  0.0000	 12.3887	   19.4131	 23.0608	  2.7592	  0.0000	 300.0000	 300.0000	 300.0000	   0.0000	   0.0000	   0.0000	 17.8000	 21.1000	 13.7500	   5.1000	   5.5000	   5.9000	  0.8000	  0.1000	  0.1000	  0.1800	  0.2100	   0.0000	   0.0000	   0.0000	   0.0000	   0.0000	   0.0000	   0.0000	   0.0000	   0.0000	  1.0000	  0.0000	        0.0000	        0.0000	        0.0000	        0.0000	        0.0000	        0.0000	        0.0000	  0.3493	  0.3216	-21.7243
2010	237	  23	 55	236.9965	  0.0000	 12.5261	   19.5505	 22.3587	 22.1208	  0.0000	 300.0000	 300.0000	 300.0000	   0.0000	   0.0000	   0.0000	 17.8000	 21.1000	 12.8333	   5.1000	   5.5000	   5.9000	  0.8000	  0.1000	  0.1000	  0.1800	  0.2100	   0.0000	   0.0000	   0.0000	   0.0000	   0.0000	   0.0000	   0.0000	   0.0000	   0.0000	  1.0000	  0.0000	        0.0000	        0.0000	        0.0000	        0.0000	        0.0000	        0.0000	        0.0000	  0.3493	  0.3216	-21.7243
2010	238	  23	 55	237.9965	  0.0000	 16.7645	   23.7889	 22.6448	  0.0000	  1.0000	 300.0000	 300.0000	 300.0000	   0.0000	   0.0000	   0.0000	 19.4000	 28.3000	 13.6667	   5.1000	   5.5000	   5.9000	  0.8000	  0.1000	  0.1000	  0.1800	  0.2100	   0.0000	   0.0000	   0.0000	   0.0000	   0.0000	   0.0000	   0.0000	   0.0000	   0.0000	  1.0000	  0.0000	        0.0000	        0.0000	        0.0000	        0.0000	        0.0000	        0.0000	        0.0000	  0.3493	  0.3216	-21.7243
2010	239	  23	 55	238.9965	  0.0000	 14.7847	   21.8091	 22.4776	  0.0000	  2.0000	 300.0000	 300.0000	 300.0000	   0.0000	   0.0000	   0.0000	 16.7000	 26.1000	 13.6667	   5.1000	   5.5000	   5.9000	  0.8000	  0.1000	  0.1000	  0.1800	  0.2100	   0.0000	   0.0000	   0.0000	   0.0000	   0.0000	   0.0000	   0.0000	   0.0000	   0.0000	  1.0000	  0.0000	        0.0000	        0.0000	        0.0000	        0.0000	        0.0000	        0.0000	        0.0000	  0.3493	  0.3216	-21.7243
2010	240	  23	 55	239.9965	  0.0000	 15.5322	   22.5566	 22.4934	  0.0000	  3.0000	 300.0000	 300.0000	 300.0000	   0.0000	   0.0000	   0.0000	 17.2000	 28.3000	 13.6667	   5.1000	   5.5000	   5.9000	  0.8000	  0.1000	  0.1000	  0.1800	  0.2100	   0.0000	   0.0000	   0.0000	   0.0000	   0.0000	   0.0000	   0.0000	   0.0000	   0.0000	  1.0000	  0.0000	        0.0000	        0.0000	        0.0000	        0.0000	        0.0000	        0.0000	        0.0000	  0.3493	  0.3216	-21.7243
2010	241	  23	 55	240.9965	  0.0000	 18.7930	   25.8174	 23.1582	  0.0000	  4.0000	 300.0000	 300.0000	 300.0000	   0.0000	   0.0000	   0.0000	 18.3000	 33.3000	 13.6667	   5.1000	   5.5000	   5.9000	  0.8000	  0.1000	  0.1000	  0.1800	  0.2100	   0.0000	   0.0000	   0.0000	   0.0000	   0.0000	   0.0000	   0.0000	   0.0000	   0.0000	  1.0000	  0.0000	        0.0000	        0.0000	        0.0000	        0.0000	        0.0000	        0.0000	        0.0000	  0.3493	  0.3216	-21.7243
2010	242	  23	 55	241.9965	  0.0000	 20.5439	   27.5683	 24.0402	  0.0000	  5.0000	 300.0000	 300.0000	 300.0000	   0.0000	   0.0000	   0.0000	 21.1000	 33.3000	 13.5833	   5.1000	   5.5000	   5.9000	  0.8000	  0.1000	  0.1000	  0.1800	  0.2100	   0.0000	   0.0000	   0.0000	   0.0000	   0.0000	   0.0000	   0.0000	   0.0000	   0.0000	  1.0000	  0.0000	        0.0000	        0.0000	        0.0000	        0.0000	        0.0000	        0.0000	        0.0000	  0.3493	  0.3216	-21.7243
2010	243	  23	 55	242.9965	  0.0000	 21.9077	   28.9321	 25.0186	  0.0000	  6.0000	 300.0000	 300.0000	 300.0000	   0.0000	   0.0000	   0.0000	 22.8000	 35.6000	 13.5000	   5.1000	   5.5000	   5.9000	  0.8000	  0.1000	  0.1000	  0.1800	  0.2100	   0.0000	   0.0000	   0.0000	   0.0000	   0.0000	   0.0000	   0.0000	   0.0000	   0.0000	  1.0000	  0.0000	        0.0000	        0.0000	        0.0000	        0.0000	        0.0000	        0.0000	        0.0000	  0.3493	  0.3216	-21.7243
2010	244	  23	 55	243.9965	  0.0000	 21.4923	   28.5167	 25.7182	  0.0000	  7.0000	 300.0000	 300.0000	 300.0000	   0.0000	   0.0000	   0.0000	 23.9000	 32.8000	 13.5000	   5.1000	   5.5000	   5.9000	  0.8000	  0.1000	  0.1000	  0.1800	  0.2100	   0.0000	   0.0000	   0.0000	   0.0000	   0.0000	   0.0000	   0.0000	   0.0000	   0.0000	  1.0000	  0.0000	        0.0000	        0.0000	        0.0000	        0.0000	        0.0000	        0.0000	        0.0000	  0.3493	  0.3216	-21.7243
2010	245	  23	 55	244.9965	  0.0000	 19.3178	   26.3422	 25.8430	  0.0000	  8.0000	 300.0000	 300.0000	 300.0000	   0.0000	   0.0000	   0.0000	 23.3000	 29.4000	 13.5000	   5.1000	   5.5000	   5.9000	  0.8000	  0.1000	  0.1000	  0.1800	  0.2100	   0.0000	   0.0000	   0.0000	   0.0000	   0.0000	   0.0000	   0.0000	   0.0000	   0.0000	  1.0000	  0.0000	        0.0000	        0.0000	        0.0000	        0.0000	        0.0000	        0.0000	        0.0000	  0.3493	  0.3216	-21.7243
2010	246	  23	 55	245.9965	  0.0000	 19.1730	   26.1974	 25.9139	  0.0000	  9.0000	 300.0000	 300.0000	 300.0000	   0.0000	   0.0000	   0.0000	 22.8000	 29.4000	 13.2500	   5.1000	   5.5000	   5.9000	  0.8000	  0.1000	  0.1000	  0.1800	  0.2100	   0.0000	   0.0000	   0.0000	   0.0000	   0.0000	   0.0000	   0.0000	   0.0000	   0.0000	  1.0000	  0.0000	        0.0000	        0.0000	        0.0000	        0.0000	        0.0000	        0.0000	        0.0000	  0.3493	  0.3216	-21.7243
2010	247	  23	 55	246.9965	  0.0000	 17.3709	   24.3953	 25.6102	  0.0000	 10.0000	 300.0000	 300.0000	 300.0000	   0.0000	   0.0000	   0.0000	 18.3500	 27.8000	 13.5833	   5.1000	   5.5000	   5.9000	  0.8000	  0.1000	  0.1000	  0.1800	  0.2100	   0.0000	   0.0000	   0.0000	   0.0000	   0.0000	   0.0000	   0.0000	   0.0000	   0.0000	  1.0000	  0.0000	        0.0000	        0.0000	        0.0000	        0.0000	        0.0000	        0.0000	        0.0000	  0.3493	  0.3216	-21.7243
2010	248	  23	 55	247.9965	  0.0000	 13.7895	   20.8139	 24.6509	  0.0000	 11.0000	 300.0000	 300.0000	 300.0000	   0.0000	   0.0000	   0.0000	 16.7000	 25.6000	 13.5000	   5.1000	   5.5000	   5.9000	  0.8000	  0.1000	  0.1000	  0.1800	  0.2100	   0.0000	   0.0000	   0.0000	   0.0000	   0.0000	   0.0000	   0.0000	   0.0000	   0.0000	  1.0000	  0.0000	        0.0000	        0.0000	        0.0000	        0.0000	        0.0000	        0.0000	        0.0000	  0.3493	  0.3216	-21.7243
2010	249	  23	 55	248.9965	  0.0000	 13.9632	   20.9876	 23.9183	  0.0000	 12.0000	 300.0000	 300.0000	 300.0000	   0.0000	   0.0000	   0.0000	 15.0000	 24.4000	 13.5000	   5.1000	   5.5000	   5.9000	  0.8000	  0.1000	  0.1000	  0.1800	  0.2100	   0.0000	   0.0000	   0.0000	   0.0000	   0.0000	   0.0000	   0.0000	   0.0000	   0.0000	  1.0000	  0.0000	        0.0000	        0.0000	        0.0000	        0.0000	        0.0000	        0.0000	        0.0000	  0.3493	  0.3216	-21.7243
2010	250	  23	 55	249.9965	  0.0000	 16.1061	   23.1305	 23.7607	  0.0000	 13.0000	 300.0000	 300.0000	 300.0000	   0.0000	   0.0000	   0.0000	 19.4000	 27.2000	 13.4167	   5.1000	   5.5000	   5.9000	  0.8000	  0.1000	  0.1000	  0.1800	  0.2100	   0.0000	   0.0000	   0.0000	   0.0000	   0.0000	   0.0000	   0.0000	   0.0000	   0.0000	  1.0000	  0.0000	        0.0000	        0.0000	        0.0000	        0.0000	        0.0000	        0.0000	        0.0000	  0.3493	  0.3216	-21.7243
2010	251	  23	 55	250.9965	  0.0000	 18.4732	   25.4976	 24.1081	  0.0000	 14.0000	 300.0000	 300.0000	 300.0000	   0.0000	   0.0000	   0.0000	 18.9417	 32.8000	 12.6667	   5.1000	   5.5000	   5.9000	  0.8000	  0.1000	  0.1000	  0.1800	  0.2100	   0.0000	   0.0000	   0.0000	   0.0000	   0.0000	   0.0000	   0.0000	   0.0000	   0.0000	  1.0000	  0.0000	        0.0000	        0.0000	        0.0000	        0.0000	        0.0000	        0.0000	        0.0000	  0.3493	  0.3216	-21.7243
2010	252	  23	 55	251.9965	  0.0000	 12.3395	   19.3639	 23.1593	  0.0000	 15.0000	 300.0000	 300.0000	 300.0000	   0.0000	   0.0000	   0.0000	 17.2000	 21.7000	 13.4167	   5.1000	   5.5000	   5.9000	  0.8000	  0.1000	  0.1000	  0.1800	  0.2100	   0.0000	   0.0000	   0.0000	   0.0000	   0.0000	   0.0000	   0.0000	   0.0000	   0.0000	  1.0000	  0.0000	        0.0000	        0.0000	        0.0000	        0.0000	        0.0000	        0.0000	        0.0000	  0.3493	  0.3216	-21.7243
2010	253	  23	 55	252.9965	  0.0000	 12.2497	   19.2740	 22.3822	  0.0000	 16.0000	 300.0000	 300.0000	 300.0000	   0.0000	   0.0000	   0.0000	 16.1000	 22.8000	 13.0833	   5.1000	   5.5000	   5.9000	  0.8000	  0.1000	  0.1000	  0.1800	  0.2100	   0.0000	   0.0000	   0.0000	   0.0000	   0.0000	   0.0000	   0.0000	   0.0000	   0.0000	  1.0000	  0.0000	        0.0000	        0.0000	        0.0000	        0.0000	        0.0000	        0.0000	        0.0000	  0.3493	  0.3216	-21.7243
2010	254	  23	 55	253.9965	  0.0000	 13.1084	   20.1328	 21.9323	  0.0000	 17.0000	 300.0000	 300.0000	 300.0000	   0.0000	   0.0000	   0.0000	 14.4000	 25.6000	 13.3333	   5.1000	   5.5000	   5.9000	  0.8000	  0.1000	  0.1000	  0.1800	  0.2100	   0.0000	   0.0000	   0.0000	   0.0000	   0.0000	   0.0000	   0.0000	   0.0000	   0.0000	  1.0000	  0.0000	        0.0000	        0.0000	        0.0000	        0.0000	        0.0000	        0.0000	        0.0000	  0.3493	  0.3216	-21.7243
2010	255	  23	 55	254.9965	  0.0000	  9.7770	   16.8014	 20.9061	 12.9500	  0.0000	 300.0000	 300.0000	 300.0000	   0.0000	   0.0000	   0.0000	 13.3000	 19.4000	 12.1667	   5.1000	   5.5000	   5.9000	  0.8000	  0.1000	  0.1000	  0.1800	  0.2100	   0.0000	   0.0000	   0.0000	   0.0000	   0.0000	   0.0000	   0.0000	   0.0000	   0.0000	  1.0000	  0.0000	        0.0000	        0.0000	        0.0000	        0.0000	        0.0000	        0.0000	        0.0000	  0.3493	  0.3216	-21.7243
2010	256	  23	 55	255.9965	  0.0000	 11.1883	   18.2127	 20.3674	  4.5700	  0.0000	 300.0000	 300.0000	 300.0000	   0.0000	   0.0000	   0.0000	 12.8000	 22.8000	 12.3333	   5.1000	   5.5000	   5.9000	  0.8000	  0.1000	  0.1000	  0.1800	  0.2100	   0.0000	   0.0000	   0.0000	   0.0000	   0.0000	   0.0000	   0.0000	   0.0000	   0.0000	  1.0000	  0.0000	        0.0000	        0.0000	        0.0000	        0.0000	        0.0000	        0.0000	        0.0000	  0.3493	  0.3216	-21.7243
2010	257	  23	 55	256.9965	  0.0000	 13.4592	   20.4836	 20.3907	  0.0000	  1.0000	 300.0000	 300.0000	 300.0000	   0.0000	   0.0000	   0.0000	 15.6000	 26.1000	 13.0833	   5.1000	   5.5000	   5.9000	  0.8000	  0.1000	  0.1000	  0.1800	  0.2100	   0.0000	   0.0000	   0.0000	   0.0000	   0.0000	   0.0000	   0.0000	   0.0000	   0.0000	  1.0000	  0.0000	        0.0000	        0.0000	        0.0000	        0.0000	        0.0000	        0.0000	        0.0000	  0.3493	  0.3216	-21.7243
2010	258	  23	 55	257.9965	  0.0000	 11.5868	   18.6111	 20.0348	  0.0000	  2.0000	 300.0000	 300.0000	 300.0000	   0.0000	   0.0000	   0.0000	 14.5000	 22.8000	 13.1667	   5.1000	   5.5000	   5.9000	  0.8000	  0.1000	  0.1000	  0.1800	  0.2100	   0.0000	   0.0000	   0.0000	   0.0000	   0.0000	   0.0000	   0.0000	   0.0000	   0.0000	  1.0000	  0.0000	        0.0000	        0.0000	        0.0000	        0.0000	        0.0000	        0.0000	        0.0000	  0.3493	  0.3216	-21.7243
2010	259	  23	 55	258.9965	  0.0000	 11.3840	   18.4084	 19.7095	 20.8300	  0.0000	 300.0000	 300.0000	 300.0000	   0.0000	   0.0000	   0.0000	 12.2000	 22.8000	 12.3333	   5.1000	   5.5000	   5.9000	  0.8000	  0.1000	  0.1000	  0.1800	  0.2100	   0.0000	   0.0000	   0.0000	   0.0000	   0.0000	   0.0000	   0.0000	   0.0000	   0.0000	  1.0000	  0.0000	        0.0000	        0.0000	        0.0000	        0.0000	        0.0000	        0.0000	        0.0000	  0.3493	  0.3216	-21.7243
2010	260	  23	 55	259.9965	  0.0000	 13.0082	   20.0326	 19.7741	  6.3500	  0.0000	 300.0000	 300.0000	 300.0000	   0.0000	   0.0000	   0.0000	 16.1500	 22.8000	 12.5000	   5.1000	   5.5000	   5.9000	  0.8000	  0.1000	  0.1000	  0.1800	  0.2100	   0.0000	   0.0000	   0.0000	   0.0000	   0.0000	   0.0000	   0.0000	   0.0000	   0.0000	  1.0000	  0.0000	        0.0000	        0.0000	        0.0000	        0.0000	        0.0000	        0.0000	        0.0000	  0.3493	  0.3216	-21.7243
2010	261	  23	 55	260.9965	  0.0000	 11.5821	   18.6064	 19.5406	  0.0000	  1.0000	 300.0000	 300.0000	 300.0000	   0.0000	   0.0000	   0.0000	 16.1000	 22.2000	 12.8333	   5.1000	   5.5000	   5.9000	  0.8000	  0.1000	  0.1000	  0.1800	  0.2100	   0.0000	   0.0000	   0.0000	   0.0000	   0.0000	   0.0000	   0.0000	   0.0000	   0.0000	  1.0000	  0.0000	        0.0000	        0.0000	        0.0000	        0.0000	        0.0000	        0.0000	        0.0000	  0.3493	  0.3216	-21.7243
2010	262	  23	 55	261.9965	  0.0000	 13.1368	   20.1611	 19.6647	  0.0000	  2.0000	 300.0000	 300.0000	 300.0000	   0.0000	   0.0000	   0.0000	 15.6000	 25.0000	 12.0000	   5.1000	   5.5000	   5.9000	  0.8000	  0.1000	  0.1000	  0.1800	  0.2100	   0.0000	   0.0000	   0.0000	   0.0000	   0.0000	   0.0000	   0.0000	   0.0000	   0.0000	  1.0000	  0.0000	        0.0000	        0.0000	        0.0000	        0.0000	        0.0000	        0.0000	        0.0000	  0.3493	  0.3216	-21.7243
2010	263	  23	 55	262.9965	  0.0000	 12.5605	   19.5848	 19.6487	  0.0000	  3.0000	 300.0000	 300.0000	 300.0000	   0.0000	   0.0000	   0.0000	 15.0917	 22.8000	 12.7500	   5.1000	   5.5000	   5.9000	  0.8000	  0.1000	  0.1000	  0.1800	  0.2100	   0.0000	   0.0000	   0.0000	   0.0000	   0.0000	   0.0000	   0.0000	   0.0000	   0.0000	  1.0000	  0.0000	        0.0000	        0.0000	        0.0000	        0.0000	        0.0000	        0.0000	        0.0000	  0.3493	  0.3216	-21.7243
2010	264	  23	 55	263.9965	  0.0000	 10.4523	   17.4767	 19.2143	  0.0000	  4.0000	 300.0000	 300.0000	 300.0000	   0.0000	   0.0000	   0.0000	 12.2000	 20.6000	 12.6667	   5.1000	   5.5000	   5.9000	  0.8000	  0.1000	  0.1000	  0.1800	  0.2100	   0.0000	   0.0000	   0.0000	   0.0000	   0.0000	   0.0000	   0.0000	   0.0000	   0.0000	  1.0000	  0.0000	        0.0000	        0.0000	        0.0000	        0.0000	        0.0000	        0.0000	        0.0000	  0.3493	  0.3216	-21.7243
2010	265	  23	 55	264.9965	  0.0000	 14.8814	   21.9057	 19.7526	  9.1400	  0.0000	 300.0000	 300.0000	 300.0000	   0.0000	   0.0000	   0.0000	 17.8000	 26.7000	 11.9167	   5.0885	   5.4876	   5.8867	  0.7986	  0.1022	  0.1000	  0.1798	  0.2099	   0.0000	   0.0000	   0.0000	   0.0000	   0.0000	   0.0000	   0.0000	   0.0000	   0.0000	  0.9978	  0.0000	        0.0000	        0.0000	        0.0000	        0.0000	        0.0000	        0.0000	        0.0000	  0.3493	  0.3216	-21.7243
2010	266	  23	 55	265.9965	  0.0000	 14.6089	   21.6333	 20.1287	  0.0000	  1.0000	 300.0000	 300.0000	 300.0000	   0.0000	   0.0000	   0.0000	 18.9000	 25.6000	 12.0000	   5.0885	   5.4876	   5.8867	  0.7986	  0.1022	  0.1000	  0.1798	  0.2099	   0.0000	   0.0000	   0.0000	   0.0000	   0.0000	   0.0000	   0.0000	   0.0000	   0.0000	  0.9978	  0.0000	        0.0000	        0.0000	        0.0000	        0.0000	        0.0000	        0.0000	        0.0000	  0.3493	  0.3216	-21.7243
2010	267	  23	 55	266.9965	  0.0000	 14.8467	   21.8711	 20.4772	  0.0000	  2.0000	 300.0000	 300.0000	 300.0000	   0.0000	   0.0000	   0.0000	 20.0000	 24.4000	 11.9167	   5.0771	   5.4753	   5.8735	  0.7973	  0.1044	  0.1000	  0.1797	  0.2098	   0.0000	   0.0000	   0.0000	   0.0000	   0.0000	   0.0000	   0.0000	   0.0000	   0.0000	  0.9955	  0.0000	        0.0000	        0.0000	        0.0000	        0.0000	        0.0000	        0.0000	        0.0000	  0.3493	  0.3216	-21.7243
2010	268	  23	 55	267.9965	  0.0000	 18.7125	   25.7369	 21.5291	  0.0000	  3.0000	 300.0000	 300.0000	 300.0000	   0.0000	   0.0000	   0.0000	 19.5417	 30.6000	 12.0833	   5.0771	   5.4753	   5.8735	  0.7973	  0.1044	  0.1000	  0.1797	  0.2098	   0.0000	   0.0000	   0.0000	   0.0000	   0.0000	   0.0000	   0.0000	   0.0000	   0.0000	  0.9955	  0.0000	        0.0000	        0.0000	        0.0000	        0.0000	        0.0000	        0.0000	        0.0000	  0.3493	  0.3216	-21.7243
2010	269	  23	 55	268.9965	  0.0000	 13.0868	   20.1111	 21.2455	  7.3600	  0.0000	 300.0000	 300.0000	 300.0000	   0.0000	   0.0000	   0.0000	 17.2000	 23.3000	 11.8333	   5.0657	   5.4630	   5.8603	  0.7959	  0.1066	  0.1000	  0.1795	  0.2097	   0.0000	   0.0000	   0.0000	   0.0000	   0.0000	   0.0000	   0.0000	   0.0000	   0.0000	  0.9933	  0.0000	        0.0000	        0.0000	        0.0000	        0.0000	        0.0000	        0.0000	        0.0000	  0.3493	  0.3216	-21.7243
2010	270	  23	 55	269.9965	  0.0000	 12.9739	   19.9983	 20.9961	 23.0900	  0.0000	 300.0000	 300.0000	 300.0000	   0.0000	   0.0000	   0.0000	 16.7000	 22.2000	 11.3333	   5.0543	   5.4507	   5.8471	  0.7945	  0.1088	  0.1000	  0.1793	  0.2096	   0.0000	   0.0000	   0.0000	   0.0000	   0.0000	   0.0000	   0.0000	   0.0000	   0.0000	  0.9910	  0.0000	        0.0000	        0.0000	        0.0000	        0.0000	        0.0000	        0.0000	        0.0000	  0.3493	  0.3216	-21.7243
2010	271	  23	 55	270.9965	  0.0000	 15.2181	   22.2425	 21.2454	  0.0000	  1.0000	 300.0000	 300.0000	 300.0000	   0.0000	   0.0000	   0.0000	 20.6417	 23.3000	 11.6667	   5.0429	   5.4384	   5.8339	  0.7932	  0.1110	  0.1000	  0.1792	  0.2095	   0.0000	   0.0000	   0.0000	   0.0000	   0.0000	   0.0000	   0.0000	   0.0000	   0.0000	  0.9888	  0.0000	        0.0000	        0.0000	        0.0000	        0.0000	        0.0000	        0.0000	        0.0000	  0.3493	  0.3216	-21.7243
2010	272	  23	 55	271.9965	  0.0000	 14.3092	   21.3336	 21.2630	  0.0000	  2.0000	 300.0000	 300.0000	 300.0000	   0.0000	   0.0000	   0.0000	 17.2000	 24.4000	 11.7500	   5.0315	   5.4262	   5.8208	  0.7918	  0.1131	  0.1000	  0.1790	  0.2094	   0.0000	   0.0000	   0.0000	   0.0000	   0.0000	   0.0000	   0.0000	   0.0000	   0.0000	  0.9866	  0.0000	        0.0000	        0.0000	        0.0000	        0.0000	        0.0000	        0.0000	        0.0000	  0.3493	  0.3216	-21.7243
2010	273	  23	 55	272.9965	  0.0000	 16.1021	   23.1265	 21.6357	 26.9300	  0.0000	 300.0000	 300.0000	 300.0000	   0.0000	   0.0000	   0.0000	 21.1000	 25.0000	 11.4167	   5.0202	   5.4140	   5.8077	  0.7904	  0.1153	  0.1000	  0.1789	  0.2094	   0.0000	   0.0000	   0.0000	   0.0000	   0.0000	   0.0000	   0.0000	   0.0000	   0.0000	  0.9844	  0.0000	        0.0000	        0.0000	        0.0000	        0.0000	        0.0000	        0.0000	        0.0000	  0.3493	  0.3216	-21.7243
2010	274	  23	 55	273.9965	  0.0000	 11.5409	   18.5653	 21.0216	 51.3000	  0.0000	 300.0000	 300.0000	 300.0000	   0.0000	   0.0000	   0.0000	 14.4000	 23.3000	 10.1667	   5.0089	   5.4018	   5.7946	  0.7891	  0.1175	  0.1000	  0.1787	  0.2093	   0.0000	   0.0000	   0.0000	   0.0000	   0.0000	   0.0000	   0.0000	   0.0000	   0.0000	  0.9821	  0.0000	        0.0000	        0.0000	        0.0000	        0.0000	        0.0000	        0.0000	        0.0000	  0.3493	  0.3216	-21.7243
2010	275	  23	 55	274.9965	  0.0000	  8.2995	   15.3239	 19.8821	  0.0000	  1.0000	 300.0000	 300.0000	 300.0000	   0.0000	   0.0000	   0.0000	 11.7000	 19.4000	 11.8333	   4.9976	   5.3896	   5.7816	  0.7877	  0.1196	  0.1000	  0.1785	  0.2092	   0.0000	   0.0000	   0.0000	   0.0000	   0.0000	   0.0000	   0.0000	   0.0000	   0.0000	  0.9799	  0.0000	        0.0000	        0.0000	        0.0000	        0.0000	        0.0000	        0.0000	        0.0000	  0.3493	  0.3216	-21.7243
2010	276	  23	 55	275.9965	  0.0000	  6.9981	   14.0225	 18.7102	  1.2700	  0.0000	 300.0000	 300.0000	 300.0000	   0.0000	   0.0000	   0.0000	 11.7000	 17.2000	 10.9167	   4.9864	   5.3775	   5.7686	  0.7864	  0.1218	  0.1000	  0.1784	  0.2091	   0.0000	   0.0000	   0.0000	   0.0000	   0.0000	   0.0000	   0.0000	   0.0000	   0.0000	  0.9777	  0.0000	        0.0000	        0.0000	        0.0000	        0.0000	        0.0000	        0.0000	        0.0000	  0.3493	  0.3216	-21.7243
2010	277	  23	 55	276.9965	  0.0000	  5.9469	   12.9713	 17.5624	  8.8592	  0.0000	 300.0000	 300.0000	 300.0000	   0.0000	   0.0000	   0.0000	 11.7000	 13.9000	 10.0000	   4.9752	   5.3654	   5.7556	  0.7850	  0.1239	  0.1000	  0.1782	  0.2090	   0.0000	   0.0000	   0.0000	   0.0000	   0.0000	   0.0000	   0.0000	   0.0000	   0.0000	  0.9755	  0.0000	        0.0000	        0.0000	        0.0000	        0.0000	        0.0000	        0.0000	        0.0000	  0.3493	  0.3216	-21.7243
2010	278	  23	 55	277.9965	  0.0000	  8.0059	   15.0303	 17.0560	  0.2708	  0.0000	 300.0000	 300.0000	 300.0000	   0.0000	   0.0000	   0.0000	 13.3000	 17.2000	 11.7500	   4.9640	   5.3533	   5.7427	  0.7837	  0.1261	  0.1000	  0.1780	  0.2089	   0.0000	   0.0000	   0.0000	   0.0000	   0.0000	   0.0000	   0.0000	   0.0000	   0.0000	  0.9733	  0.0000	        0.0000	        0.0000	        0.0000	        0.0000	        0.0000	        0.0000	        0.0000	  0.3493	  0.3216	-21.7243
2010	279	  23	 55	278.9965	  0.0000	  8.1531	   15.1775	 16.6803	  0.2500	  0.0000	 300.0000	 300.0000	 300.0000	   0.0000	   0.0000	   0.0000	 12.8000	 17.8000	 11.6667	   4.9528	   5.3413	   5.7297	  0.7824	  0.1282	  0.1000	  0.1779	  0.2088	   0.0000	   0.0000	   0.0000	   0.0000	   0.0000	   0.0000	   0.0000	   0.0000	   0.0000	  0.9711	  0.0000	        0.0000	        0.0000	        0.0000	        0.0000	        0.0000	        0.0000	        0.0000	  0.3493	  0.3216	-21.7243
2010	280	  23	 55	279.9965	  0.0000	 10.0301	   17.0545	 16.7551	  0.0000	  1.0000	 300.0000	 300.0000	 300.0000	   0.0000	   0.0000	   0.0000	 11.7000	 22.8000	 10.8333	   4.9417	   5.3293	   5.7168	  0.7810	  0.1304	  0.1000	  0.1777	  0.2087	   0.0000	   0.0000	   0.0000	   0.0000	   0.0000	   0.0000	   0.0000	   0.0000	   0.0000	  0.9690	  0.0000	        0.0000	        0.0000	        0.0000	        0.0000	        0.0000	        0.0000	        0.0000	  0.3493	  0.3216	-21.7243
2010	281	  23	 55	280.9965	  0.0000	 10.9465	   17.9709	 16.9983	  0.0000	  2.0000	 300.0000	 300.0000	 300.0000	   0.0000	   0.0000	   0.0000	 12.2000	 22.8000	 11.7500	   4.9306	   5.3173	   5.7040	  0.7797	  0.1325	  0.1000	  0.1776	  0.2086	   0.0000	   0.0000	   0.0000	   0.0000	   0.0000	   0.0000	   0.0000	   0.0000	   0.0000	  0.9668	  0.0000	        0.0000	        0.0000	        0.0000	        0.0000	        0.0000	        0.0000	        0.0000	  0.3493	  0.3216	-21.7243
2010	282	  23	 55	281.9965	  0.0000	 11.3280	   18.3524	 17.2691	  0.0000	  3.0000	 300.0000	 300.0000	 300.0000	   0.0000	   0.0000	   0.0000	 11.3333	 23.3000	 11.7500	   4.9195	   5.3053	   5.6911	  0.7784	  0.1346	  0.1000	  0.1774	  0.2085	   0.0000	   0.0000	   0.0000	   0.0000	   0.0000	   0.0000	   0.0000	   0.0000	   0.0000	  0.9646	  0.0000	        0.0000	        0.0000	        0.0000	        0.0000	        0.0000	        0.0000	        0.0000	  0.3493	  0.3216	-21.7243
2010	283	  23	 55	282.9965	  0.0020	  7.7107	   14.7331	 16.7619	  0.0000	  4.0000	 300.0000	 300.0000	 300.0000	   0.0000	   0.0000	   0.0000	  6.7000	 20.0000	 11.7500	   4.9084	   5.2934	   5.6783	  0.7770	  0.1367	  0.1000	  0.1772	  0.2085	   0.0000	   0.0000	   0.0000	   0.0000	   0.0000	   0.0000	   0.0000	   0.0000	   0.0000	  0.9624	  0.0000	        0.0000	        0.0000	        0.0000	        0.0000	        0.0000	        0.0000	        0.0000	  0.3493	  0.3216	-21.7243
2010	284	  23	 55	283.9965	  0.0000	 11.1387	   18.1631	 17.0421	 17.4567	  0.0000	 300.0000	 300.0000	 300.0000	   0.0000	   0.0000	   0.0000	 13.3000	 22.8000	 11.6667	   4.8974	   5.2815	   5.6656	  0.7757	  0.1389	  0.1000	  0.1771	  0.2084	   0.0000	   0.0000	   0.0000	   0.0000	   0.0000	   0.0000	   0.0000	   0.0000	   0.0000	  0.9603	  0.0000	        0.0000	        0.0000	        0.0000	        0.0000	        0.0000	        0.0000	        0.0000	  0.3493	  0.3216	-21.7243
2010	285	  23	 55	284.9965	  0.0000	 10.5172	   17.5416	 17.1420	  0.3133	  0.0000	 300.0000	 300.0000	 300.0000	   0.0000	   0.0000	   0.0000	 12.2917	 20.6000	 11.7500	   4.8863	   5.2696	   5.6528	  0.7744	  0.1410	  0.1000	  0.1769	  0.2083	   0.0000	   0.0000	   0.0000	   0.0000	   0.0000	   0.0000	   0.0000	   0.0000	   0.0000	  0.9581	  0.0000	        0.0000	        0.0000	        0.0000	        0.0000	        0.0000	        0.0000	        0.0000	  0.3493	  0.3216	-21.7243
2010	286	  23	 55	285.9965	  0.0000	  6.2955	   13.3199	 16.3776	  0.0000	  1.0000	 300.0000	 300.0000	 300.0000	   0.0000	   0.0000	   0.0000	  8.9000	 18.3000	 11.7500	   4.8753	   5.2577	   5.6401	  0.7731	  0.1431	  0.1000	  0.1768	  0.2082	   0.0000	   0.0000	   0.0000	   0.0000	   0.0000	   0.0000	   0.0000	   0.0000	   0.0000	  0.9559	  0.0000	        0.0000	        0.0000	        0.0000	        0.0000	        0.0000	        0.0000	        0.0000	  0.3493	  0.3216	-21.7243
2010	287	  23	 55	286.9965	  0.0000	  6.0599	   13.0843	 15.7189	 23.5892	  0.0000	 300.0000	 300.0000	 300.0000	   0.0000	   0.0000	   0.0000	  8.9000	 17.8000	 10.8333	   4.8644	   5.2459	   5.6274	  0.7718	  0.1452	  0.1000	  0.1766	  0.2081	   0.0000	   0.0000	   0.0000	   0.0000	   0.0000	   0.0000	   0.0000	   0.0000	   0.0000	  0.9538	  0.0000	        0.0000	        0.0000	        0.0000	        0.0000	        0.0000	        0.0000	        0.0000	  0.3493	  0.3216	-21.7243
2010	288	  23	 55	287.9965	  0.0000	  5.3925	   12.4169	 15.0585	  0.2708	  0.0000	 300.0000	 300.0000	 300.0000	   0.0000	   0.0000	   0.0000	 10.0000	 14.4000	 11.6667	   4.8534	   5.2341	   5.6147	  0.7705	  0.1473	  0.1000	  0.1765	  0.2080	   0.0000	   0.0000	   0.0000	   0.0000	   0.0000	   0.0000	   0.0000	   0.0000	   0.0000	  0.9517	  0.0000	        0.0000	        0.0000	        0.0000	        0.0000	        0.0000	        0.0000	        0.0000	  0.3493	  0.3216	-21.7243
2010	289	  23	 55	288.9965	  0.0000	  5.9216	   12.9460	 14.6360	  0.0000	  1.0000	 300.0000	 300.0000	 300.0000	   0.0000	   0.0000	   0.0000	 11.1000	 15.6000	 11.5833	   4.8425	   5.2223	   5.6021	  0.7691	  0.1494	  0.1000	  0.1763	  0.2079	   0.0000	   0.0000	   0.0000	   0.0000	   0.0000	   0.0000	   0.0000	   0.0000	   0.0000	  0.9495	  0.0000	        0.0000	        0.0000	        0.0000	        0.0000	        0.0000	        0.0000	        0.0000	  0.3493	  0.3216	-21.7243
2010	290	  23	 55	289.9965	  0.0000	  8.0448	   15.0692	 14.7227	  0.0000	  2.0000	 300.0000	 300.0000	 300.0000	   0.0000	   0.0000	   0.0000	  9.4000	 21.1000	 11.6667	   4.8316	   5.2106	   5.5895	  0.7678	  0.1515	  0.1000	  0.1761	  0.2078	   0.0000	   0.0000	   0.0000	   0.0000	   0.0000	   0.0000	   0.0000	   0.0000	   0.0000	  0.9474	  0.0000	        0.0000	        0.0000	        0.0000	        0.0000	        0.0000	        0.0000	        0.0000	  0.3493	  0.3216	-21.7243
2010	291	  23	 55	290.9965	  0.0000	  6.0908	   13.1152	 14.4012	  0.0000	  3.0000	 300.0000	 300.0000	 300.0000	   0.0000	   0.0000	   0.0000	 10.0000	 16.1000	 11.4167	   4.8207	   5.1988	   5.5769	  0.7665	  0.1535	  0.1000	  0.1760	  0.2077	   0.0000	   0.0000	   0.0000	   0.0000	   0.0000	   0.0000	   0.0000	   0.0000	   0.0000	  0.9452	  0.0000	        0.0000	        0.0000	        0.0000	        0.0000	        0.0000	        0.0000	        0.0000	  0.3493	  0.3216	-21.7243
2010	292	  23	 55	291.9965	  0.0000	  4.6828	   11.7071	 13.8624	  2.2700	  0.0000	 300.0000	 300.0000	 300.0000	   0.0000	   0.0000	   0.0000	  9.4000	 14.4000	 11.3333	   4.8099	   5.1871	   5.5644	  0.7652	  0.1556	  0.1000	  0.1758	  0.2077	   0.0000	   0.0000	   0.0000	   0.0000	   0.0000	   0.0000	   0.0000	   0.0000	   0.0000	  0.9431	  0.0000	        0.0000	        0.0000	        0.0000	        0.0000	        0.0000	        0.0000	        0.0000	  0.3493	  0.3216	-21.7243
2010	293	  23	 55	292.9965	  0.0000	  4.9505	   11.9749	 13.4849	  0.0000	  1.0000	 300.0000	 300.0000	 300.0000	   0.0000	   0.0000	   0.0000	  8.3000	 15.0000	 11.0833	   4.7991	   5.1755	   5.5519	  0.7639	  0.1577	  0.1000	  0.1757	  0.2076	   0.0000	   0.0000	   0.0000	   0.0000	   0.0000	   0.0000	   0.0000	   0.0000	   0.0000	  0.9410	  0.0000	        0.0000	        0.0000	        0.0000	        0.0000	        0.0000	        0.0000	        0.0000	  0.3493	  0.3216	-21.7243
2010	294	  23	 55	293.9965	  0.0000	  5.8118	   12.8362	 13.3551	  0.0000	  2.0000	 300.0000	 300.0000	 300.0000	   0.0000	   0.0000	   0.0000	 10.0000	 17.8000	 10.6667	   4.7883	   5.1638	   5.5394	  0.7626	  0.1598	  0.1000	  0.1755	  0.2075	   0.0000	   0.0000	   0.0000	   0.0000	   0.0000	   0.0000	   0.0000	   0.0000	   0.0000	  0.9389	  0.0000	        0.0000	        0.0000	        0.0000	        0.0000	        0.0000	        0.0000	        0.0000	  0.3493	  0.3216	-21.7243
2010	295	  23	 55	294.9965	  0.0000	  3.1922	   10.2166	 12.7274	  0.0000	  3.0000	 300.0000	 300.0000	 300.0000	  -0.4500	  -0.4500	  -0.4500	  8.3000	 12.8000	 11.4167	   4.7727	   5.1470	   5.5213	  0.7608	  0.1628	  0.1000	  0.1753	  0.2074	   0.0000	   0.0000	   0.0000	   0.0000	   0.0000	   0.0000	   0.0000	   0.0000	   0.0000	  0.9358	  0.0000	        0.0000	        0.0000	        0.0000	        0.0000	        0.0000	        0.0000	        0.0000	  0.3493	  0.3216	-21.7243
2010	296	  23	 55	295.9965	  0.0000	  5.9118	   12.9362	 12.7692	  0.0000	  4.0000	 300.0000	 300.0000	 300.0000	  -0.4500	  -0.4500	  -0.4500	  7.2000	 17.8000	 11.4167	   4.7571	   5.1302	   5.5033	  0.7589	  0.1657	  0.1000	  0.1751	  0.2072	   0.0000	   0.0000	   0.0000	   0.0000	   0.0000	   0.0000	   0.0000	   0.0000	   0.0000	  0.9328	  0.0000	        0.0000	        0.0000	        0.0000	        0.0000	        0.0000	        0.0000	        0.0000	  0.3493	  0.3216	-21.7243
2010	297	  23	 55	296.9965	  0.0000	  7.9526	   14.9770	 13.2107	  0.0000	  5.0000	 300.0000	 300.0000	 300.0000	  -0.4500	  -0.4500	  -0.4500	 11.1000	 18.9000	 11.0833	   4.7416	   5.1134	   5.4853	  0.7570	  0.1687	  0.1000	  0.1748	  0.2071	   0.0000	   0.0000	   0.0000	   0.0000	   0.0000	   0.0000	   0.0000	   0.0000	   0.0000	  0.9297	  0.0000	        0.0000	        0.0000	        0.0000	        0.0000	        0.0000	        0.0000	        0.0000	  0.3493	  0.3216	-21.7243
2010	298	  23	 55	297.9965	  0.0000	  9.3862	   16.4106	 13.8507	  0.0000	  6.0000	 300.0000	 300.0000	 300.0000	  -0.4500	  -0.4500	  -0.4500	 11.7000	 20.0000	 11.1667	   4.7261	   5.0968	   5.4674	  0.7552	  0.1717	  0.1000	  0.1746	  0.2070	   0.0000	   0.0000	   0.0000	   0.0000	   0.0000	   0.0000	   0.0000	   0.0000	   0.0000	  0.9267	  0.0000	        0.0000	        0.0000	        0.0000	        0.0000	        0.0000	        0.0000	        0.0000	  0.3493	  0.3216	-21.7243
2010	299	  23	 55	298.9965	  0.0000	 10.9256	   17.9500	 14.6706	  0.0000	  7.0000	 300.0000	 300.0000	 300.0000	  -0.4500	  -0.4500	  -0.4500	 15.6000	 20.0000	 11.1667	   4.7107	   5.0801	   5.4496	  0.7533	  0.1746	  0.1000	  0.1744	  0.2069	   0.0000	   0.0000	   0.0000	   0.0000	   0.0000	   0.0000	   0.0000	   0.0000	   0.0000	  0.9237	  0.0000	        0.0000	        0.0000	        0.0000	        0.0000	        0.0000	        0.0000	        0.0000	  0.3493	  0.3216	-21.7243
2010	300	  23	 55	299.9965	  0.0000	 11.6111	   18.6355	 15.4636	  2.5200	  0.0000	 300.0000	 300.0000	 300.0000	  -0.4500	  -0.4500	  -0.4500	 17.2000	 19.4000	 10.3333	   4.6953	   5.0636	   5.4318	  0.7515	  0.1776	  0.1000	  0.1742	  0.2067	   0.0000	   0.0000	   0.0000	   0.0000	   0.0000	   0.0000	   0.0000	   0.0000	   0.0000	  0.9206	  0.0000	        0.0000	        0.0000	        0.0000	        0.0000	        0.0000	        0.0000	        0.0000	  0.3493	  0.3216	-21.7243
2010	301	  23	 55	300.9965	  0.0000	 12.2375	   19.2618	 16.2232	  0.0000	  1.0000	 300.0000	 300.0000	 300.0000	  -0.4500	  -0.4500	  -0.4500	 12.8917	 24.4000	 11.2500	   4.6800	   5.0470	   5.4141	  0.7497	  0.1805	  0.1000	  0.1740	  0.2066	   0.0000	   0.0000	   0.0000	   0.0000	   0.0000	   0.0000	   0.0000	   0.0000	   0.0000	  0.9176	  0.0000	        0.0000	        0.0000	        0.0000	        0.0000	        0.0000	        0.0000	        0.0000	  0.3493	  0.3216	-21.7243
2010	302	  23	 55	301.9965	  0.0000	  4.6333	   11.6577	 15.3101	  0.0000	  2.0000	 300.0000	 300.0000	 300.0000	  -0.4500	  -0.4500	  -0.4500	  8.9000	 15.0000	 10.1667	   4.6647	   5.0306	   5.3964	  0.7478	  0.1835	  0.1000	  0.1737	  0.2065	   0.0000	   0.0000	   0.0000	   0.0000	   0.0000	   0.0000	   0.0000	   0.0000	   0.0000	  0.9147	  0.0000	        0.0000	        0.0000	        0.0000	        0.0000	        0.0000	        0.0000	        0.0000	  0.3493	  0.3216	-21.7243
2010	303	  23	 55	302.9965	  0.0306	  3.3717	   10.3655	 14.3212	  0.0000	  3.0000	 300.0000	 300.0000	 300.0000	  -1.1500	  -1.1500	  -1.1500	  6.7000	 13.9000	 10.7500	   4.6422	   5.0062	   5.3703	  0.7451	  0.1878	  0.1000	  0.1734	  0.2063	   0.0000	   0.0000	   0.0000	   0.0000	   0.0000	   0.0000	   0.0000	   0.0000	   0.0000	  0.9102	  0.0000	        0.0000	        0.0000	        0.0000	        0.0000	        0.0000	        0.0000	        0.0000	  0.3493	  0.3216	-21.7243
2010	304	  23	 55	303.9965	  0.0474	  3.7845	   10.7615	 13.6093	  0.0000	  4.0000	 300.0000	 300.0000	 300.0000	  -1.5042	  -1.5042	  -1.5042	  5.6917	 15.6000	 11.0833	   4.6160	   4.9780	   5.3401	  0.7420	  0.1928	  0.1000	  0.1730	  0.2061	   0.0000	   0.0000	   0.0000	   0.0000	   0.0000	   0.0000	   0.0000	   0.0000	   0.0000	  0.9051	  0.0000	        0.0000	        0.0000	        0.0000	        0.0000	        0.0000	        0.0000	        0.0000	  0.3493	  0.3216	-21.7243
2010	305	  23	 55	304.9965	  1.5645	  0.4866	    5.9465	 12.0767	  0.0000	  5.0000	 300.0000	 300.0000	 300.0000	  -6.1542	  -6.1542	  -6.1542	  3.3000	  9.4000	 11.1667	   4.5417	   4.8979	   5.2541	  0.7331	  0.2070	  0.1000	  0.1720	  0.2055	   0.0000	   0.0000	   0.0000	   0.0000	   0.0000	   0.0000	   0.0000	   0.0000	   0.0000	  0.8905	  0.0000	        0.0000	        0.0000	        0.0000	        0.0000	        0.0000	        0.0000	        0.0000	  0.3493	  0.3216	-21.7243
2010	306	  23	 55	305.9965	  1.5569	  0.9003	    6.3678	 10.9349	  0.0000	  6.0000	 300.0000	 300.0000	 300.0000	 -10.4542	 -10.4542	 -10.4542	  2.8000	 10.6000	 11.0833	   4.4246	   4.7717	   5.1187	  0.7191	  0.2295	  0.1000	  0.1703	  0.2045	   0.0000	   0.0000	   0.0000	   0.0000	   0.0000	   0.0000	   0.0000	   0.0000	   0.0000	  0.8676	  0.0000	        0.0000	        0.0000	        0.0000	        0.0000	        0.0000	        0.0000	        0.0000	  0.3493	  0.3216	-21.7243
2010	307	  23	 55	306.9965	  1.0719	  2.0702	    8.0226	 10.3525	  0.0000	  7.0000	 300.0000	 300.0000	 300.0000	 -14.8042	 -14.8042	 -14.8042	  2.2000	 11.1000	 10.9167	   4.2673	   4.6020	   4.9367	  0.7002	  0.2596	  0.1000	  0.1680	  0.2033	   0.0000	   0.0000	   0.0000	   0.0000	   0.0000	   0.0000	   0.0000	   0.0000	   0.0000	  0.8367	  0.0000	        0.0000	        0.0000	        0.0000	        0.0000	        0.0000	        0.0000	        0.0000	  0.3493	  0.3216	-21.7243
2010	308	  23	 55	307.9965	  0.0000	  2.6979	    9.7223	 10.2264	 21.8500	  0.0000	 300.0000	 300.0000	 300.0000	 -16.3542	 -16.3542	 -16.3542	  8.3000	 10.6000	  9.4167	   4.1007	   4.4223	   4.7439	  0.6803	  0.2916	  0.1000	  0.1656	  0.2019	   0.0000	   0.0000	   0.0000	   0.0000	   0.0000	   0.0000	   0.0000	   0.0000	   0.0000	  0.8041	  0.0000	        0.0000	        0.0000	        0.0000	        0.0000	        0.0000	        0.0000	        0.0000	  0.3493	  0.3216	-21.7243
2010	309	  23	 55	308.9965	  0.0000	  2.5627	    9.5871	 10.0986	  2.0200	  0.0000	 300.0000	 300.0000	 300.0000	 -17.8833	 -17.8833	 -17.8833	  7.8417	 11.1000	  9.7500	   4.0000	   4.2344	   4.5424	  0.6594	  0.3250	  0.1000	  0.1631	  0.2005	   0.0000	   0.0000	   0.0000	   0.0000	   0.0000	   0.0000	   0.0000	   0.0000	   0.0000	  0.7699	  0.0000	        0.0000	        0.0000	        0.0000	        0.0000	        0.0000	        0.0000	        0.0000	  0.3493	  0.3216	-21.7243
2010	310	  23	 55	309.9965	  0.3474	  1.1375	    7.8145	  9.6417	  0.0000	  1.0000	 300.0000	 300.0000	 300.0000	 -21.1333	 -21.1333	 -21.1333	  4.4000	 11.1000	 10.5000	   4.0000	   4.0235	   4.3162	  0.6359	  0.3625	  0.1000	  0.1603	  0.1989	   0.0000	   0.0000	   0.0000	   0.0000	   0.0000	   0.0000	   0.0000	   0.0000	   0.0000	  0.7316	  0.0000	        0.0000	        0.0000	        0.0000	        0.0000	        0.0000	        0.0000	        0.0000	  0.3493	  0.3216	-21.7243
2010	311	  23	 55	310.9965	  0.9590	  0.9087	    6.9740	  9.1082	  0.0000	  2.0000	 300.0000	 300.0000	 300.0000	 -24.8833	 -24.8833	 -24.8833	  3.9000	 10.6000	 10.5000	   4.0000	   3.7892	   4.0648	  0.6099	  0.4041	  0.1000	  0.1572	  0.1972	   0.0000	   0.0000	   0.0000	   0.0000	   0.0000	   0.0000	   0.0000	   0.0000	   0.0000	  0.6889	  0.0000	        0.0000	        0.0000	        0.0000	        0.0000	        0.0000	        0.0000	        0.0000	  0.4100	  0.3216	  8.5074
2010	312	  23	 55	311.9965	  1.0133	  0.0056	    6.0167	  8.4899	  0.7600	  0.0000	 300.0000	 300.0000	 300.0000	 -29.7833	 -29.7833	 -29.7833	  5.0000	  7.2000	  9.4167	   4.0000	   3.5268	   3.7833	  0.5808	  0.4508	  0.1000	  0.1537	  0.1952	   0.0000	   0.0000	   0.0000	   0.0000	   0.0000	   0.0000	   0.0000	   0.0000	   0.0000	  0.6412	  0.0000	        0.0000	        0.0000	        0.0000	        0.0000	        0.0000	        0.0000	        0.0000	  0.4100	  0.3216	  8.5074
2010	313	  23	 55	312.9965	  0.5131	  2.2908	    8.8021	  8.5523	  0.0000	  1.0000	 300.0000	 300.0000	 300.0000	 -32.1833	 -32.1833	 -32.1833	  5.0000	 12.2000	 10.4167	   4.0000	   3.2634	   3.5008	  0.5515	  0.4976	  0.1000	  0.1502	  0.1933	   0.0000	   0.0000	   0.0000	   0.0000	   0.0000	   0.0000	   0.0000	   0.0000	   0.0000	  0.5934	  0.0000	        0.0000	        0.0000	        0.0000	        0.0000	        0.0000	        0.0000	        0.0000	  0.4100	  0.3216	  8.5074
2010	314	  23	 55	313.9965	  0.0000	  3.4240	   10.4484	  8.9316	  0.0000	  2.0000	 300.0000	 300.0000	 300.0000	 -32.1833	 -32.1833	 -32.1833	  7.8000	 14.4000	 10.3333	   4.0000	   3.0198	   3.2394	  0.5244	  0.5409	  0.1000	  0.1469	  0.1914	   0.0000	   0.0000	   0.0000	   0.0000	   0.0000	   0.0000	   0.0000	   0.0000	   0.0000	  0.5491	  0.0000	        0.0000	        0.0000	        0.0000	        0.0000	        0.0000	        0.0000	        0.0000	  0.4100	  0.3216	  8.5074
2010	315	  23	 55	314.9965	  0.3307	  1.9780	    8.6716	  8.8796	  0.0000	  3.0000	 300.0000	 300.0000	 300.0000	 -34.0333	 -34.0333	 -34.0333	  5.0000	 13.3000	 10.3333	   4.0000	   2.7818	   2.9841	  0.4980	  0.5832	  0.1000	  0.1438	  0.1897	   0.0000	   0.0000	   0.0000	   0.0000	   0.0000	   0.0000	   0.0000	   0.0000	   0.0000	  0.5058	  0.0000	        0.0000	        0.0000	        0.0000	        0.0000	        0.0000	        0.0000	        0.0000	  0.4100	  0.3216	  8.5074
2010	316	  23	 55	315.9965	  0.3469	  4.0405	   10.7179	  9.2472	  0.0000	  4.0000	 300.0000	 300.0000	 300.0000	 -34.0333	 -34.0333	 -34.0333	  5.0000	 17.8000	 10.2500	   4.0000	   2.5625	   2.7488	  0.4736	  0.6222	  0.1000	  0.1408	  0.1880	   0.0000	   0.0000	   0.0000	   0.0000	   0.0000	   0.0000	   0.0000	   0.0000	   0.0000	  0.4659	  0.0000	        0.0000	        0.0000	        0.0000	        0.0000	        0.0000	        0.0000	        0.0000	  0.4100	  0.3216	  8.5074
2010	317	  23	 55	316.9965	  0.0194	  4.4718	   11.4768	  9.6932	  0.0000	  5.0000	 300.0000	 300.0000	 300.0000	 -34.0333	 -34.0333	 -34.0333	  6.1917	 18.9000	 10.1667	   4.0000	   2.3605	   2.5322	  0.4512	  0.6581	  0.1000	  0.1381	  0.1865	   0.0000	   0.0000	   0.0000	   0.0000	   0.0000	   0.0000	   0.0000	   0.0000	   0.0000	  0.4292	  0.0000	        0.0000	        0.0000	        0.0000	        0.0000	        0.0000	        0.0000	        0.0000	  0.4100	  0.3216	  8.5074
2010	318	  23	 55	317.9965	  0.5709	  3.2965	    9.7500	  9.7045	  0.0000	  6.0000	 300.0000	 300.0000	 300.0000	 -35.0333	 -35.0333	 -35.0333	  4.4000	 15.6000	 10.0000	   4.0000	   2.1691	   2.3269	  0.4299	  0.6922	  0.1000	  0.1356	  0.1851	   0.0000	   0.0000	   0.0000	   0.0000	   0.0000	   0.0000	   0.0000	   0.0000	   0.0000	  0.3944	  0.0000	        0.0000	        0.0000	        0.0000	        0.0000	        0.0000	        0.0000	        0.0000	  0.4100	  0.3216	  8.5074
2010	319	  23	 55	318.9965	  0.0000	  4.4436	   11.4679	 10.0572	  0.0000	  7.0000	 300.0000	 300.0000	 300.0000	 -35.0333	 -35.0333	 -35.0333	  8.9000	 15.0000	  9.2500	   4.0000	   1.9933	   2.1382	  0.4104	  0.7234	  0.1000	  0.1332	  0.1838	   0.0000	   0.0000	   0.0000	   0.0000	   0.0000	   0.0000	   0.0000	   0.0000	   0.0000	  0.3624	  0.0000	        0.0000	        0.0000	        0.0000	        0.0000	        0.0000	        0.0000	        0.0000	  0.4100	  0.3216	  8.5074
2010	320	  23	 55	319.9965	  0.0000	  5.2774	   12.3017	 10.5061	  8.5667	  0.0000	 300.0000	 300.0000	 300.0000	 -35.0333	 -35.0333	 -35.0333	 10.6000	 14.9500	  8.1667	   4.0000	   1.8317	   1.9649	  0.3924	  0.7522	  0.1000	  0.1311	  0.1825	   0.0000	   0.0000	   0.0000	   0.0000	   0.0000	   0.0000	   0.0000	   0.0000	   0.0000	  0.3330	  0.0000	        0.0000	        0.0000	        0.0000	        0.0000	        0.0000	        0.0000	        0.0000	  0.3493	  0.3216	-21.7243
2010	321	  23	 55	320.9965	  0.0000	  7.2172	   14.2416	 11.2532	 10.9833	  0.0000	 300.0000	 300.0000	 300.0000	 -35.0333	 -35.0333	 -35.0333	 11.1000	 16.1000	  9.8333	   4.0000	   1.6832	   1.8056	  0.3759	  0.7786	  0.1000	  0.1291	  0.1814	   0.0000	   0.0000	   0.0000	   0.0000	   0.0000	   0.0000	   0.0000	   0.0000	   0.0000	  0.3060	  0.0000	        0.0000	        0.0000	        0.0000	        0.0000	        0.0000	        0.0000	        0.0000	  0.3493	  0.3216	-21.7243
2010	322	  23	 55	321.9965	  0.0000	  3.3277	   10.3521	 11.0730	  0.2500	  0.0000	 300.0000	 300.0000	 300.0000	 -35.7333	 -35.7333	 -35.7333	  7.8000	 12.8000	  9.7500	   4.0000	   1.5440	   1.6563	  0.3604	  0.8033	  0.1000	  0.1273	  0.1804	   0.0000	   0.0000	   0.0000	   0.0000	   0.0000	   0.0000	   0.0000	   0.0000	   0.0000	  0.2807	  0.0000	        0.0000	        0.0000	        0.0000	        0.0000	        0.0000	        0.0000	        0.0000	  0.3493	  0.3216	-21.7243
2010	323	  23	 55	322.9965	  0.8195	  0.5440	    6.7490	 10.2082	  0.0000	  1.0000	 300.0000	 300.0000	 300.0000	 -40.0625	 -40.0625	 -40.0625	  3.9417	  9.4000	  9.8333	   4.0000	   1.4014	   1.6000	  0.3446	  0.8286	  0.1000	  0.1254	  0.1800	   0.0000	   0.0000	   0.0000	   0.0000	   0.0000	   0.0000	   0.0000	   0.0000	   0.0000	  0.2576	  0.0000	        0.0000	        0.0000	        0.0000	        0.0000	        0.0000	        0.0000	        0.0000	  0.3493	  0.3216	-21.7243
2010	324	  23	 55	323.9965	  0.2015	  2.4379	    9.2608	 10.0187	  0.0000	  2.0000	 300.0000	 300.0000	 300.0000	 -42.4625	 -42.4625	 -42.4625	  3.9000	 13.3000	  9.7500	   4.0000	   1.2643	   1.6000	  0.3294	  0.8530	  0.1000	  0.1235	  0.1800	   0.0000	   0.0000	   0.0000	   0.0000	   0.0000	   0.0000	   0.0000	   0.0000	   0.0000	  0.2370	  0.0000	        0.0000	        0.0000	        0.0000	        0.0000	        0.0000	        0.0000	        0.0000	  0.3493	  0.3216	-21.7243
2010	325	  23	 55	324.9965	  1.0807	  0.4339	    6.3775	  9.2905	  0.0000	  3.0000	 300.0000	 300.0000	 300.0000	 -47.6125	 -47.6125	 -47.6125	  2.8000	  8.9000	  9.6667	   4.0000	   1.1261	   1.6000	  0.3140	  0.8776	  0.1000	  0.1217	  0.1800	   0.0000	   0.0000	   0.0000	   0.0000	   0.0000	   0.0000	   0.0000	   0.0000	   0.0000	  0.2162	  0.0000	        0.0000	        0.0000	        0.0000	        0.0000	        0.0000	        0.0000	        0.0000	  0.3493	  0.3216	-21.7243
2010	326	  23	 55	325.9965	  0.0000	  4.7730	   11.7974	  9.7919	  0.0000	  4.0000	 300.0000	 300.0000	 300.0000	 -47.6125	 -47.6125	 -47.6125	  7.8000	 15.0000	  9.7500	   4.0000	   1.0029	   1.6000	  0.3003	  0.8995	  0.1000	  0.1200	  0.1800	   0.0000	   0.0000	   0.0000	   0.0000	   0.0000	   0.0000	   0.0000	   0.0000	   0.0000	  0.1977	  0.0000	        0.0000	        0.0000	        0.0000	        0.0000	        0.0000	        0.0000	        0.0000	  0.4100	  0.3216	  8.5074
2010	327	  23	 55	326.9965	  0.0000	  5.8129	   12.8373	 10.4009	  0.0000	  5.0000	 300.0000	 300.0000	 300.0000	 -47.6125	 -47.6125	 -47.6125	 10.0000	 15.6000	  9.5000	   4.0000	   1.0000	   1.6000	  0.3000	  0.9000	  0.1000	  0.1200	  0.1800	   0.0000	   0.0000	   0.0000	   0.0000	   0.0000	   0.0000	   0.0000	   0.0000	   0.0000	  0.1972	  0.0000	        0.0000	        0.0000	        0.0000	        0.0000	        0.0000	        0.0000	        0.0000	  0.4100	  0.3216	  8.5074
2010	328	  23	 55	327.9965	  0.4059	  1.1077	    7.7261	  9.8660	  0.0000	  6.0000	   0.0000	   0.0000	   0.0000	 -50.8125	 -50.8125	 -50.8125	  5.0000	 10.6000	  9.6667	   4.0000	   1.0000	   1.6000	  0.3000	  0.9000	  0.1000	  0.1200	  0.1800	   0.0000	   0.0000	   0.0000	   0.0000	   0.0000	   0.0000	   0.0000	   0.0000	   0.0000	  0.1972	  0.0000	        0.0000	        0.0000	        0.0000	        0.0000	        0.0000	        0.0000	        0.0000	  0.3493	  0.3216	-21.7243
2010	329	  23	 55	328.9965	  1.8418	  0.1659	    5.3484	  8.9625	  1.5300	  0.0000	   0.0000	   0.0000	   0.0000	 -54.9083	 -54.9083	 -54.9083	  3.9000	  9.9083	  9.2500	   4.0000	   1.0000	   1.6000	  0.3000	  0.9000	  0.1000	  0.1200	  0.1800	   0.0000	   0.0000	   0.0000	   0.0000	   0.0000	   0.0000	   0.0000	   0.0000	   0.0000	  0.1972	  0.0000	        0.0000	        0.0000	        0.0000	        0.0000	        0.0000	        0.0000	        0.0000	  0.4100	  0.3216	  8.5074
2010	330	  23	 55	329.9965	  0.2397	  2.7707	    9.5554	  9.0811	  2.2800	  0.0000	   0.0000	   0.0000	   0.0000	 -57.5833	 -57.5833	 -57.5833	  4.4500	 12.2000	  9.3333	   4.0000	   1.0000	   1.6000	  0.3000	  0.9000	  0.1000	  0.1200	  0.1800	   0.0000	   0.0000	   0.0000	   0.0000	   0.0000	   0.0000	   0.0000	   0.0000	   0.0000	  0.1972	  0.0000	        0.0000	        0.0000	        0.0000	        0.0000	        0.0000	        0.0000	        0.0000	  0.4100	  0.3216	  8.5074
2010	331	  23	 55	330.9965	  2.8486	  0.0000	    4.1758	  8.1000	  0.0000	  1.0000	   0.0000	   0.0000	   0.0000	 -64.3833	 -64.3833	 -64.3833	  1.7000	  6.7000	  9.7500	   4.0000	   1.0000	   1.6000	  0.3000	  0.9000	  0.1000	  0.1200	  0.1800	   0.0000	   0.0000	   0.0000	   0.0000	   0.0000	   0.0000	   0.0000	   0.0000	   0.0000	  0.1972	  0.0000	        0.0000	        0.0000	        0.0000	        0.0000	        0.0000	        0.0000	        0.0000	  0.4100	  0.3216	  8.5074
2010	332	  23	 55	331.9965	  2.5237	  0.0986	    4.5993	  7.3999	  0.0000	  2.0000	   0.0000	   0.0000	   0.0000	 -70.3833	 -70.3833	 -70.3833	  1.7000	  8.3000	  9.7500	   4.0000	   1.0000	   1.6000	  0.3000	  0.9000	  0.1000	  0.1200	  0.1800	   0.0000	   0.0000	   0.0000	   0.0000	   0.0000	   0.0000	   0.0000	   0.0000	   0.0000	  0.1972	  0.0000	        0.0000	        0.0000	        0.0000	        0.0000	        0.0000	        0.0000	        0.0000	  0.4100	  0.3216	  8.5074
2010	333	  23	 55	332.9965	  2.4722	  0.3060	    4.8582	  6.8915	  0.0000	  3.0000	   0.0000	   0.0000	   0.0000	 -77.2333	 -77.2333	 -77.2333	 -0.6000	  8.9000	  9.7500	   4.0000	   1.0000	   1.6000	  0.3000	  0.9000	  0.1000	  0.1200	  0.1800	   0.0000	   0.0000	   0.0000	   0.0000	   0.0000	   0.0000	   0.0000	   0.0000	   0.0000	  0.1972	  0.0000	        0.0000	        0.0000	        0.0000	        0.0000	        0.0000	        0.0000	        0.0000	  0.4100	  0.3216	  8.5074
2010	334	  23	 55	333.9965	  0.0000	  4.3700	   11.3944	  7.7921	  0.5000	  0.0000	   0.0000	   0.0000	   0.0000	 -77.4333	 -77.4333	 -77.4333	  8.3000	 13.3000	  9.4167	   4.0000	   1.0000	   1.6000	  0.3000	  0.9000	  0.1000	  0.1200	  0.1800	   0.0000	   0.0000	   0.0000	   0.0000	   0.0000	   0.0000	   0.0000	   0.0000	   0.0000	  0.1972	  0.0000	        0.0000	        0.0000	        0.0000	        0.0000	        0.0000	        0.0000	        0.0000	  0.4100	  0.3216	  8.5074
2010	335	  23	 55	334.9965	  0.2376	  4.7876	   11.5744	  8.5486	 24.6400	  0.0000	   0.0000	   0.0000	   0.0000	 -78.7083	 -78.7083	 -78.7083	  4.4500	 15.0000	  7.7500	   4.0000	   1.0000	   1.6000	  0.3000	  0.9000	  0.1000	  0.1200	  0.1800	   0.0000	   0.0000	   0.0000	   0.0000	   0.0000	   0.0000	   0.0000	   0.0000	   0.0000	  0.1972	  0.0000	        0.0000	        0.0000	        0.0000	        0.0000	        0.0000	        0.0000	        0.0000	  0.4100	  0.3216	  8.5074
2010	336	  23	 55	335.9965	  3.4206	  0.0000	    3.6038	  7.5596	  0.0000	  1.0000	   0.0000	   0.0000	   0.0000	 -85.8083	 -85.8083	 -85.8083	  1.1000	  6.7000	  9.7500	   4.0000	   1.0000	   1.6000	  0.3000	  0.9000	  0.1000	  0.1200	  0.1800	   0.0000	   0.0000	   0.0000	   0.0000	   0.0000	   0.0000	   0.0000	   0.0000	   0.0000	  0.1972	  0.0000	        0.0000	        0.0000	        0.0000	        0.0000	        0.0000	        0.0000	        0.0000	  0.4100	  0.3216	  8.5074
2010	337	  23	 55	336.9965	  4.2535	  0.0000	    2.7709	  6.6019	  0.0000	  2.0000	   0.0000	   0.0000	   0.0000	 -93.7583	 -93.7583	 -93.7583	  1.1000	  5.0000	  8.2500	   4.0000	   1.0000	   1.6000	  0.3000	  0.9000	  0.1000	  0.1200	  0.1800	   0.0000	   0.0000	   0.0000	   0.0000	   0.0000	   0.0000	   0.0000	   0.0000	   0.0000	  0.1972	  0.0000	        0.0000	        0.0000	        0.0000	        0.0000	        0.0000	        0.0000	        0.0000	  0.4100	  0.3216	  8.5074
2010	338	  23	 55	337.9965	  4.8336	  0.0000	    2.1908	  5.7197	  0.0000	  3.0000	   0.0000	   0.0000	   0.0000	-102.2583	-102.2583	-102.2583	  0.6000	  4.4000	  9.4167	   4.0000	   1.0000	   1.6000	  0.3000	  0.9000	  0.1000	  0.1200	  0.1800	   0.0000	   0.0000	   0.0000	   0.0000	   0.0000	   0.0000	   0.0000	   0.0000	   0.0000	  0.1972	  0.0000	        0.0000	        0.0000	        0.0000	        0.0000	        0.0000	        0.0000	        0.0000	  0.4100	  0.3216	  8.5074
2010	339	  23	 55	338.9965	  6.1002	  0.0000	    0.9242	  4.7606	  0.0000	  4.0000	   0.0000	   0.0000	   0.0000	-111.8578	-111.8578	-111.8578	  0.0010	  2.8000	  9.5000	   4.0000	   1.0000	   1.6000	  0.3000	  0.9000	  0.1000	  0.1200	  0.1800	   0.0000	   0.0000	   0.0000	   0.0000	   0.0000	   0.0000	   0.0000	   0.0000	   0.0000	  0.1972	  0.0000	        0.0000	        0.0000	        0.0000	        0.0000	        0.0000	        0.0000	        0.0000	  0.4100	  0.3216	  8.5074
2010	340	  23	 55	339.9965	  6.4712	  0.0000	    0.5532	  3.9191	  0.0000	  5.0000	   0.0000	   0.0000	   0.0000	-122.3078	-122.3078	-122.3078	 -0.6000	  1.7000	  9.0833	   4.0000	   1.0000	   1.6000	  0.3000	  0.9000	  0.1000	  0.1200	  0.1800	   0.0000	   0.0000	   0.0000	   0.0000	   0.0000	   0.0000	   0.0000	   0.0000	   0.0000	  0.1972	  0.0000	        0.0000	        0.0000	        0.0000	        0.0000	        0.0000	        0.0000	        0.0000	  0.4100	  0.3216	  8.5074
2010	341	  23	 55	340.9965	  6.1254	  0.0000	    0.8990	  3.3151	  0.0000	  6.0000	   0.0000	   0.0000	   0.0000	-131.9578	-131.9578	-131.9578	 -0.6000	  3.3000	  9.5000	   4.0000	   1.0000	   1.6000	  0.3000	  0.9000	  0.1000	  0.1200	  0.1800	   0.0000	   0.0000	   0.0000	   0.0000	   0.0000	   0.0000	   0.0000	   0.0000	   0.0000	  0.1972	  0.0000	        0.0000	        0.0000	        0.0000	        0.0000	        0.0000	        0.0000	        0.0000	  0.4100	  0.3216	  8.5074
2010	342	  23	 55	341.9965	  7.3298	  0.0000	   -0.3054	  2.5910	  0.0000	  7.0000	   0.0000	   0.0000	   0.0000	-143.1870	-143.1870	-143.1870	 -2.1583	  1.7000	  9.6667	   4.0000	   1.0000	   1.6000	  0.3000	  0.9000	  0.1000	  0.1200	  0.1800	   0.0000	   0.0000	   0.0000	   0.0000	   0.0000	   0.0000	   0.0000	   0.0000	   0.0000	  0.1972	  0.0000	        0.0000	        0.0000	        0.0000	        0.0000	        0.0000	        0.0000	        0.0000	  0.4100	  0.3216	  8.5074
2010	343	  23	 55	342.9965	  9.5909	  0.0000	   -2.5665	  1.5595	  0.0000	  8.0000	   0.0000	   0.0000	   0.0000	-156.6865	-156.6865	-156.6865	 -5.0000	  0.0010	  9.6667	   4.0000	   1.0000	   1.6000	  0.3000	  0.9000	  0.1000	  0.1200	  0.1800	   0.0000	   0.0000	   0.0000	   0.0000	   0.0000	   0.0000	   0.0000	   0.0000	   0.0000	  0.1972	  0.0000	        0.0000	        0.0000	        0.0000	        0.0000	        0.0000	        0.0000	        0.0000	  0.4100	  0.3216	  8.5074
2010	344	  23	 55	343.9965	  8.6939	  0.0000	   -1.6695	  0.9137	  0.0000	  9.0000	   0.0000	   0.0000	   0.0000	-169.3865	-169.3865	-169.3865	 -6.7000	  3.3000	  9.2500	   4.0000	   1.0000	   1.6000	  0.3000	  0.9000	  0.1000	  0.1200	  0.1800	   0.0000	   0.0000	   0.0000	   0.0000	   0.0000	   0.0000	   0.0000	   0.0000	   0.0000	  0.1972	  0.0000	        0.0000	        0.0000	        0.0000	        0.0000	        0.0000	        0.0000	        0.0000	  0.4100	  0.3216	  8.5074
2010	345	  23	 55	344.9965	  4.2476	  0.0000	    2.7768	  1.2863	  0.0000	 10.0000	   0.0000	   0.0000	   0.0000	-178.4365	-178.4365	-178.4365	 -2.2000	  6.1000	  9.4167	   4.0000	   1.0000	   1.6000	  0.3000	  0.9000	  0.1000	  0.1200	  0.1800	   0.0000	   0.0000	   0.0000	   0.0000	   0.0000	   0.0000	   0.0000	   0.0000	   0.0000	  0.1972	  0.0000	        0.0000	        0.0000	        0.0000	        0.0000	        0.0000	        0.0000	        0.0000	  0.4100	  0.3216	  8.5074
2010	346	  23	 55	345.9965	  0.1381	  2.6922	    9.5786	  2.9448	 29.1792	  0.0000	   0.0000	   0.0000	   0.0000	-180.5365	-180.5365	-180.5365	  5.0000	 12.8000	  8.5833	   4.0000	   1.0000	   1.6000	  0.3000	  0.9000	  0.1000	  0.1200	  0.1800	   0.0000	   0.0000	   0.0000	   0.0000	   0.0000	   0.0000	   0.0000	   0.0000	   0.0000	  0.1972	  0.0000	        0.0000	        0.0000	        0.0000	        0.0000	        0.0000	        0.0000	        0.0000	  0.4100	  0.3216	  8.5074
2010	347	  23	 55	346.9965	  3.0613	  0.4879	    4.4510	  3.2460	  0.5308	  0.0000	   0.0000	   0.0000	   0.0000	-189.2865	-189.2865	-189.2865	 -5.5000	 10.0000	  8.7500	   4.0000	   1.0000	   1.6000	  0.3000	  0.9000	  0.1000	  0.1200	  0.1800	   0.0000	   0.0000	   0.0000	   0.0000	   0.0000	   0.0000	   0.0000	   0.0000	   0.0000	  0.1972	  0.0000	        0.0000	        0.0000	        0.0000	        0.0000	        0.0000	        0.0000	        0.0000	  0.4100	  0.3216	  8.5074
2010	348	  23	 55	347.9965	 12.8542	  0.0000	   -5.8298	  1.4309	  0.0000	  1.0000	   0.0000	   0.0000	   0.0000	-205.8365	-205.8365	-205.8365	 -6.7000	 -4.4000	  9.5000	   4.0000	   1.0000	   1.6000	  0.3000	  0.9000	  0.1000	  0.1200	  0.1800	   0.0000	   0.0000	   0.0000	   0.0000	   0.0000	   0.0000	   0.0000	   0.0000	   0.0000	  0.1972	  0.0000	        0.0000	        0.0000	        0.0000	        0.0000	        0.0000	        0.0000	        0.0000	  0.4100	  0.3216	  8.5074
2010	349	  23	 55	348.9965	 11.0169	  0.0000	   -3.9925	  0.3462	  0.0000	  2.0000	   0.0000	   0.0000	   0.0000	-220.7365	-220.7365	-220.7365	 -6.1000	 -1.7000	  9.5000	   4.0000	   1.0000	   1.6000	  0.3000	  0.9000	  0.1000	  0.1200	  0.1800	   0.0000	   0.0000	   0.0000	   0.0000	   0.0000	   0.0000	   0.0000	   0.0000	   0.0000	  0.1972	  0.0000	        0.0000	        0.0000	        0.0000	        0.0000	        0.0000	        0.0000	        0.0000	  0.4100	  0.3216	  8.5074
2010	350	  23	 55	349.9965	  9.6629	  0.0000	   -2.6385	 -0.2508	  0.0000	  3.0000	   0.0000	   0.0000	   0.0000	-234.4865	-234.4865	-234.4865	 -4.4000	 -1.1000	  9.4167	   4.0000	   1.0000	   1.6000	  0.3000	  0.9000	  0.1000	  0.1200	  0.1800	   0.0000	   0.0000	   0.0000	   0.0000	   0.0000	   0.0000	   0.0000	   0.0000	   0.0000	  0.1972	  0.0000	        0.0000	        0.0000	        0.0000	        0.0000	        0.0000	        0.0000	        0.0000	  0.4100	  0.3216	  8.5074
2010	351	  23	 55	350.9965	  7.9980	  0.0000	   -0.9736	 -0.3953	  0.0000	  4.0000	   0.0000	   0.0000	   0.0000	-246.5865	-246.5865	-246.5865	 -5.0000	  2.8000	  9.6667	   4.0000	   1.0000	   1.6000	  0.3000	  0.9000	  0.1000	  0.1200	  0.1800	   0.0000	   0.0000	   0.0000	   0.0000	   0.0000	   0.0000	   0.0000	   0.0000	   0.0000	  0.1972	  0.0000	        0.0000	        0.0000	        0.0000	        0.0000	        0.0000	        0.0000	        0.0000	  0.4100	  0.3216	  8.5074
2010	352	  23	 55	351.9965	  7.2220	  0.0000	   -0.1976	 -0.3558	  0.0000	  5.0000	   0.0000	   0.0000	   0.0000	-258.1365	-258.1365	-258.1365	 -3.9000	  2.8000	  9.5833	   4.0000	   1.0000	   1.6000	  0.3000	  0.9000	  0.1000	  0.1200	  0.1800	   0.0000	   0.0000	   0.0000	   0.0000	   0.0000	   0.0000	   0.0000	   0.0000	   0.0000	  0.1972	  0.0000	        0.0000	        0.0000	        0.0000	        0.0000	        0.0000	        0.0000	        0.0000	  0.4100	  0.3216	  8.5074
2010	353	  23	 55	352.9965	  6.7735	  0.0000	    0.2509	 -0.2345	  0.0000	  6.0000	   0.0000	   0.0000	   0.0000	-268.5865	-268.5865	-268.5865	 -1.7000	  2.8000	  9.5000	   4.0000	   1.0000	   1.6000	  0.3000	  0.9000	  0.1000	  0.1200	  0.1800	   0.0000	   0.0000	   0.0000	   0.0000	   0.0000	   0.0000	   0.0000	   0.0000	   0.0000	  0.1972	  0.0000	        0.0000	        0.0000	        0.0000	        0.0000	        0.0000	        0.0000	        0.0000	  0.4100	  0.3216	  8.5074
2010	354	  23	 55	353.9965	  7.3588	  0.0000	   -0.3344	 -0.2545	  0.0000	  7.0000	   0.0000	   0.0000	   0.0000	-279.3365	-279.3365	-279.3365	 -2.8000	  3.3000	  9.6667	   4.0000	   1.0000	   1.6000	  0.3000	  0.9000	  0.1000	  0.1200	  0.1800	   0.0000	   0.0000	   0.0000	   0.0000	   0.0000	   0.0000	   0.0000	   0.0000	   0.0000	  0.1972	  0.0000	        0.0000	        0.0000	        0.0000	        0.0000	        0.0000	        0.0000	        0.0000	  0.4100	  0.3216	  8.5074
2010	355	  23	 55	354.9965	  6.3248	  0.0000	    0.6996	 -0.0636	  0.0000	  8.0000	   0.0000	   0.0000	   0.0000	-288.6865	-288.6865	-288.6865	 -1.7000	  5.0000	  9.6667	   4.0000	   1.0000	   1.6000	  0.3000	  0.9000	  0.1000	  0.1200	  0.1800	   0.0000	   0.0000	   0.0000	   0.0000	   0.0000	   0.0000	   0.0000	   0.0000	   0.0000	  0.1972	  0.0000	        0.0000	        0.0000	        0.0000	        0.0000	        0.0000	        0.0000	        0.0000	  0.4100	  0.3216	  8.5074
2010	356	  23	 55	355.9965	  6.2853	  0.0000	    0.7391	  0.0969	  0.0000	  9.0000	   0.0000	   0.0000	   0.0000	-298.0365	-298.0365	-298.0365	 -1.7000	  5.0000	  9.6667	   4.0000	   1.0000	   1.6000	  0.3000	  0.9000	  0.1000	  0.1200	  0.1800	   0.0000	   0.0000	   0.0000	   0.0000	   0.0000	   0.0000	   0.0000	   0.0000	   0.0000	  0.1972	  0.0000	        0.0000	        0.0000	        0.0000	        0.0000	        0.0000	        0.0000	        0.0000	  0.4100	  0.3216	  8.5074
2010	357	  23	 55	356.9965	  6.2412	  0.0000	    0.7832	  0.2342	  0.0000	 10.0000	   0.0000	   0.0000	   0.0000	-307.9365	-307.9365	-307.9365	 -0.6000	  2.8000	  9.5833	   4.0000	   1.0000	   1.6000	  0.3000	  0.9000	  0.1000	  0.1200	  0.1800	   0.0000	   0.0000	   0.0000	   0.0000	   0.0000	   0.0000	   0.0000	   0.0000	   0.0000	  0.1972	  0.0000	        0.0000	        0.0000	        0.0000	        0.0000	        0.0000	        0.0000	        0.0000	  0.4100	  0.3216	  8.5074
2010	358	  23	 55	357.9965	  6.1016	  0.0000	    0.9228	  0.3719	  0.0000	 11.0000	   0.0000	   0.0000	   0.0000	-316.9865	-316.9865	-316.9865	 -1.1000	  5.0000	  9.5000	   4.0000	   1.0000	   1.6000	  0.3000	  0.9000	  0.1000	  0.1200	  0.1800	   0.0000	   0.0000	   0.0000	   0.0000	   0.0000	   0.0000	   0.0000	   0.0000	   0.0000	  0.1972	  0.0000	        0.0000	        0.0000	        0.0000	        0.0000	        0.0000	        0.0000	        0.0000	  0.4100	  0.3216	  8.5074
2010	359	  23	 55	358.9965	  8.1406	  0.0000	   -1.1162	  0.0743	  0.0000	 12.0000	   0.0000	   0.0000	   0.0000	-329.3365	-329.3365	-329.3365	 -3.3000	  0.6000	  8.9167	   4.0000	   1.0000	   1.6000	  0.3000	  0.9000	  0.1000	  0.1200	  0.1800	   0.0000	   0.0000	   0.0000	   0.0000	   0.0000	   0.0000	   0.0000	   0.0000	   0.0000	  0.1972	  0.0000	        0.0000	        0.0000	        0.0000	        0.0000	        0.0000	        0.0000	        0.0000	  0.4100	  0.3216	  8.5074
2010	360	  23	 55	359.9965	  9.8493	  0.0000	   -2.8249	 -0.5056	 17.4350	  0.0000	   0.0000	   0.0000	   0.0000	-343.6865	-343.6865	-343.6865	 -5.6000	 -1.1000	  8.4167	   4.0000	   1.0000	   1.6000	  0.3000	  0.9000	  0.1000	  0.1200	  0.1800	   0.0000	   0.0000	   0.0000	   0.0000	   0.0000	   0.0000	   0.0000	   0.0000	   0.0000	  0.1972	  0.0000	        0.0000	        0.0000	        0.0000	        0.0000	        0.0000	        0.0000	        0.0000	  0.4100	  0.3216	  8.5074
2010	361	  23	 55	360.9965	 11.6958	  0.0000	   -4.6714	 -1.3387	  5.4150	  0.0000	   0.0000	   0.0000	   0.0000	-359.3865	-359.3865	-359.3865	 -6.1000	 -3.3000	  9.0000	   4.0000	   1.0000	   1.6000	  0.3000	  0.9000	  0.1000	  0.1200	  0.1800	   0.0000	   0.0000	   0.0000	   0.0000	   0.0000	   0.0000	   0.0000	   0.0000	   0.0000	  0.1972	  0.0000	        0.0000	        0.0000	        0.0000	        0.0000	        0.0000	        0.0000	        0.0000	  0.4100	  0.3216	  8.5074
2010	362	  23	 55	361.9965	  7.5934	  0.0000	   -0.5690	 -1.1848	  0.0000	  1.0000	   0.0000	   0.0000	   0.0000	-371.4865	-371.4865	-371.4865	 -5.0000	  2.8000	  9.6667	   4.0000	   1.0000	   1.6000	  0.3000	  0.9000	  0.1000	  0.1200	  0.1800	   0.0000	   0.0000	   0.0000	   0.0000	   0.0000	   0.0000	   0.0000	   0.0000	   0.0000	  0.1972	  0.0000	        0.0000	        0.0000	        0.0000	        0.0000	        0.0000	        0.0000	        0.0000	  0.4100	  0.3216	  8.5074
2010	363	  23	 55	362.9965	  5.9543	  0.0000	    1.0701	 -0.7338	  0.0000	  2.0000	   0.0000	   0.0000	   0.0000	-381.8448	-381.8448	-381.8448	 -2.0167	  3.3000	  9.3333	   4.0000	   1.0000	   1.6000	  0.3000	  0.9000	  0.1000	  0.1200	  0.1800	   0.0000	   0.0000	   0.0000	   0.0000	   0.0000	   0.0000	   0.0000	   0.0000	   0.0000	  0.1972	  0.0000	        0.0000	        0.0000	        0.0000	        0.0000	        0.0000	        0.0000	        0.0000	  0.4100	  0.3216	  8.5074
2010	364	  23	 55	363.9965	  7.6512	  0.0000	   -0.6268	 -0.7124	  0.0000	  3.0000	   0.0000	   0.0000	   0.0000	-393.3948	-393.3948	-393.3948	 -5.0000	  3.9000	  9.5833	   4.0000	   1.0000	   1.6000	  0.3000	  0.9000	  0.1000	  0.1200	  0.1800	   0.0000	   0.0000	   0.0000	   0.0000	   0.0000	   0.0000	   0.0000	   0.0000	   0.0000	  0.1972	  0.0000	        0.0000	        0.0000	        0.0000	        0.0000	        0.0000	        0.0000	        0.0000	  0.4100	  0.3216	  8.5074
2010	365	  23	 55	364.9965	  4.9836	  0.0000	    2.0408	 -0.1618	  0.0000	  4.0000	   0.0000	   0.0000	   0.0000	-402.7448	-402.7448	-402.7448	 -1.1000	  4.4000	  9.5833	   4.0000	   1.0000	   1.6000	  0.3000	  0.9000	  0.1000	  0.1200	  0.1800	   0.0000	   0.0000	   0.0000	   0.0000	   0.0000	   0.0000	   0.0000	   0.0000	   0.0000	  0.1972	  0.0000	        0.0000	        0.0000	        0.0000	        0.0000	        0.0000	        0.0000	        0.0000	  0.4100	  0.3216	  8.5074
